chapter	pdf_pages	section	source_kind	material_type	german	canonical_german	editorial_decision	editorial_note	editorial_references	decision	existing_deck_ids	existing_source_texts	proposed_target_deck_id	review_flags	source_note
1	17	Begrüßung und Verabschiedung	Lernwortschatz	word	Hallo	Hallo	VERIFY_BEFORE_ADD		Goethe A1 Wortliste; Duden/DWDS	ADD_TO_NEW_DECK			de-id-a1-kata-identitaet-familie		
1	17	Begrüßung und Verabschiedung	Lernwortschatz	word	Moin	Moin	VERIFY_BEFORE_ADD		Goethe A1 Wortliste; Duden/DWDS	ADD_TO_NEW_DECK			de-id-a1-kata-identitaet-familie		
1	17	Begrüßung und Verabschiedung	Lernwortschatz	phrase	Guten Morgen	Guten Morgen	KEEP_EXISTING	Bentuk Jerman dan kategori telah tersedia; bandingkan arti Indonesia saat implementasi, jangan menambah kartu baru.	Goethe A1 Wortliste; Deutsche Welle Nicos Weg A1	EXACT_SOURCE_MATCH	de-id-a1-frasa-sehari-hari	Guten Morgen!	de-id-a1-frasa-perkenalan-identitaet		
1	17	Begrüßung und Verabschiedung	Lernwortschatz	phrase	Guten Tag	Guten Tag	KEEP_EXISTING	Bentuk Jerman dan kategori telah tersedia; bandingkan arti Indonesia saat implementasi, jangan menambah kartu baru.	Goethe A1 Wortliste; Deutsche Welle Nicos Weg A1	EXACT_SOURCE_MATCH	de-id-a1-frasa-sehari-hari	Guten Tag!	de-id-a1-frasa-perkenalan-identitaet		
1	17	Begrüßung und Verabschiedung	Lernwortschatz	phrase	Guten Abend	Guten Abend	KEEP_EXISTING	Bentuk Jerman dan kategori telah tersedia; bandingkan arti Indonesia saat implementasi, jangan menambah kartu baru.	Goethe A1 Wortliste; Deutsche Welle Nicos Weg A1	EXACT_SOURCE_MATCH	de-id-a1-frasa-sehari-hari	Guten Abend!	de-id-a1-frasa-perkenalan-identitaet		
1	17	Begrüßung und Verabschiedung	Lernwortschatz	phrase	Gute Nacht	Gute Nacht	KEEP_EXISTING	Bentuk Jerman dan kategori telah tersedia; bandingkan arti Indonesia saat implementasi, jangan menambah kartu baru.	Goethe A1 Wortliste; Deutsche Welle Nicos Weg A1	EXACT_SOURCE_MATCH	de-id-a1-frasa-sehari-hari	Gute Nacht!	de-id-a1-frasa-perkenalan-identitaet		
1	17	Begrüßung und Verabschiedung	Lernwortschatz	word	Tschüss	Tschüss	VERIFY_BEFORE_ADD		Goethe A1 Wortliste; Duden/DWDS	ADD_TO_NEW_DECK			de-id-a1-kata-identitaet-familie		
1	17	Begrüßung und Verabschiedung	Lernwortschatz	word	Ciao	Ciao	VERIFY_BEFORE_ADD		Goethe A1 Wortliste; Duden/DWDS	ADD_TO_NEW_DECK			de-id-a1-kata-identitaet-familie		
1	17	Begrüßung und Verabschiedung	Lernwortschatz	phrase	Auf Wiedersehen	Auf Wiedersehen	KEEP_EXISTING	Bentuk Jerman dan kategori telah tersedia; bandingkan arti Indonesia saat implementasi, jangan menambah kartu baru.	Goethe A1 Wortliste; Deutsche Welle Nicos Weg A1	EXACT_SOURCE_MATCH	de-id-a1-frasa-sehari-hari	Auf Wiedersehen!	de-id-a1-frasa-perkenalan-identitaet		
1	17	Begrüßung und Verabschiedung	Lernwortschatz	phrase	Auf Wiederhören	Auf Wiederhören	VERIFY_BEFORE_ADD		Goethe A1 Wortliste; Deutsche Welle Nicos Weg A1	ADD_TO_NEW_DECK			de-id-a1-frasa-perkenalan-identitaet		
1	17	Persönliche Angaben	Lernwortschatz	phrase	der Name	der Name	RECLASSIFY_AS_WORD	Nomina berartikel salah terklasifikasi sebagai frasa akibat heuristik inventaris; perlakukan sebagai kata dan tambahkan jamak jika relevan.	Goethe A1 Wortliste; Deutsche Welle Nicos Weg A1	ADD_TO_NEW_DECK			de-id-a1-frasa-perkenalan-identitaet		
1	17	Persönliche Angaben	Lernwortschatz	phrase	der Vorname	der Vorname	RECLASSIFY_AS_WORD	Nomina berartikel salah terklasifikasi sebagai frasa akibat heuristik inventaris; perlakukan sebagai kata dan tambahkan jamak jika relevan.	Goethe A1 Wortliste; Deutsche Welle Nicos Weg A1	ADD_TO_NEW_DECK			de-id-a1-frasa-perkenalan-identitaet		
1	17	Persönliche Angaben	Lernwortschatz	phrase	der Nachname / der Familienname	der Nachname / der Familienname	RECLASSIFY_AS_WORD	Nomina berartikel salah terklasifikasi sebagai frasa akibat heuristik inventaris; perlakukan sebagai kata dan tambahkan jamak jika relevan.	Goethe A1 Wortliste; Deutsche Welle Nicos Weg A1	ADD_TO_NEW_DECK			de-id-a1-frasa-perkenalan-identitaet		
1	17	Persönliche Angaben	Lernwortschatz	phrase	die Adresse	die Adresse	RECLASSIFY_AS_WORD	Nomina berartikel salah terklasifikasi sebagai frasa akibat heuristik inventaris; perlakukan sebagai kata dan tambahkan jamak jika relevan.	Goethe A1 Wortliste; Deutsche Welle Nicos Weg A1	ADD_TO_NEW_DECK			de-id-a1-frasa-perkenalan-identitaet		
1	17	Persönliche Angaben	Lernwortschatz	phrase	die Telefonnummer / die Handynummer	die Telefonnummer / die Handynummer	RECLASSIFY_AS_WORD	Nomina berartikel salah terklasifikasi sebagai frasa akibat heuristik inventaris; perlakukan sebagai kata dan tambahkan jamak jika relevan.	Goethe A1 Wortliste; Deutsche Welle Nicos Weg A1	ADD_TO_NEW_DECK			de-id-a1-frasa-perkenalan-identitaet		
1	17	Persönliche Angaben	Lernwortschatz	phrase	die E-Mail-Adresse	die E-Mail-Adresse	RECLASSIFY_AS_WORD	Nomina berartikel salah terklasifikasi sebagai frasa akibat heuristik inventaris; perlakukan sebagai kata dan tambahkan jamak jika relevan.	Goethe A1 Wortliste; Deutsche Welle Nicos Weg A1	ADD_TO_NEW_DECK			de-id-a1-frasa-perkenalan-identitaet		
1	17	Persönliche Angaben	Lernwortschatz	phrase	das Geburtsdatum	das Geburtsdatum	RECLASSIFY_AS_WORD	Nomina berartikel salah terklasifikasi sebagai frasa akibat heuristik inventaris; perlakukan sebagai kata dan tambahkan jamak jika relevan.	Goethe A1 Wortliste; Deutsche Welle Nicos Weg A1	ADD_TO_NEW_DECK			de-id-a1-frasa-perkenalan-identitaet		
1	17	Persönliche Angaben	Lernwortschatz	phrase	der Wohnort	der Wohnort	RECLASSIFY_AS_WORD	Nomina berartikel salah terklasifikasi sebagai frasa akibat heuristik inventaris; perlakukan sebagai kata dan tambahkan jamak jika relevan.	Goethe A1 Wortliste; Deutsche Welle Nicos Weg A1	ADD_TO_NEW_DECK			de-id-a1-frasa-perkenalan-identitaet		
1	17	Persönliche Angaben	Lernwortschatz	phrase	die Herkunft / das Herkunftsland	die Herkunft / das Herkunftsland	RECLASSIFY_AS_WORD	Nomina berartikel salah terklasifikasi sebagai frasa akibat heuristik inventaris; perlakukan sebagai kata dan tambahkan jamak jika relevan.	Goethe A1 Wortliste; Deutsche Welle Nicos Weg A1	ADD_TO_NEW_DECK			de-id-a1-frasa-perkenalan-identitaet		
1	17	Persönliche Angaben	Lernwortschatz	phrase	die Sprache	die Sprache	RECLASSIFY_AS_WORD	Nomina berartikel salah terklasifikasi sebagai frasa akibat heuristik inventaris; perlakukan sebagai kata dan tambahkan jamak jika relevan.	Goethe A1 Wortliste; Deutsche Welle Nicos Weg A1	ADD_TO_NEW_DECK			de-id-a1-frasa-perkenalan-identitaet		
1	17	Persönliche Angaben	Lernwortschatz	phrase	die Nationalität	die Nationalität	RECLASSIFY_AS_WORD	Nomina berartikel salah terklasifikasi sebagai frasa akibat heuristik inventaris; perlakukan sebagai kata dan tambahkan jamak jika relevan.	Goethe A1 Wortliste; Deutsche Welle Nicos Weg A1	ADD_TO_NEW_DECK			de-id-a1-frasa-perkenalan-identitaet		
1	17	Fragewörter und Fragen	Lernwortschatz	sentence	Wie?	Wie?	NOT_STANDALONE_CARD	Kata tanya tanpa konteks tidak layak menjadi kartu kalimat; dapat dipertahankan sebagai kosakata bila deck kata membutuhkannya.	Goethe A1 Wortliste; Deutsche Welle Nicos Weg A1	ADD_TO_EXISTING_DECK			de-id-a1-kalimat-nyata	PATTERN_OR_PLACEHOLDER	
1	17	Fragewörter und Fragen	Lernwortschatz	sentence	Wer?	Wer?	NOT_STANDALONE_CARD	Kata tanya tanpa konteks tidak layak menjadi kartu kalimat; dapat dipertahankan sebagai kosakata bila deck kata membutuhkannya.	Goethe A1 Wortliste; Deutsche Welle Nicos Weg A1	ADD_TO_EXISTING_DECK			de-id-a1-kalimat-nyata	PATTERN_OR_PLACEHOLDER	
1	17	Fragewörter und Fragen	Lernwortschatz	sentence	Wo?	Wo?	NOT_STANDALONE_CARD	Kata tanya tanpa konteks tidak layak menjadi kartu kalimat; dapat dipertahankan sebagai kosakata bila deck kata membutuhkannya.	Goethe A1 Wortliste; Deutsche Welle Nicos Weg A1	ADD_TO_EXISTING_DECK			de-id-a1-kalimat-nyata	PATTERN_OR_PLACEHOLDER	
1	17	Fragewörter und Fragen	Lernwortschatz	sentence	Woher?	Woher?	NOT_STANDALONE_CARD	Kata tanya tanpa konteks tidak layak menjadi kartu kalimat; dapat dipertahankan sebagai kosakata bila deck kata membutuhkannya.	Goethe A1 Wortliste; Deutsche Welle Nicos Weg A1	ADD_TO_EXISTING_DECK			de-id-a1-kalimat-nyata	PATTERN_OR_PLACEHOLDER	
1	17	Fragewörter und Fragen	Lernwortschatz	sentence	Was?	Was?	NOT_STANDALONE_CARD	Kata tanya tanpa konteks tidak layak menjadi kartu kalimat; dapat dipertahankan sebagai kosakata bila deck kata membutuhkannya.	Goethe A1 Wortliste; Deutsche Welle Nicos Weg A1	ADD_TO_EXISTING_DECK			de-id-a1-kalimat-nyata	PATTERN_OR_PLACEHOLDER	
1	17	Fragewörter und Fragen	Lernwortschatz	sentence	Wohnst du in …?	Wohnst du in …?	KEEP_AS_PATTERN_ONLY	Berguna sebagai pola Redemittel, tetapi jangan dimasukkan sebagai kartu final sebelum placeholder diisi dengan contoh natural.	Goethe A1 Wortliste; Deutsche Welle Nicos Weg A1	ADD_TO_EXISTING_DECK			de-id-a1-kalimat-nyata	PATTERN_OR_PLACEHOLDER	
1	17	Fragewörter und Fragen	Lernwortschatz	sentence	Kommst du aus …?	Kommst du aus …?	KEEP_AS_PATTERN_ONLY	Berguna sebagai pola Redemittel, tetapi jangan dimasukkan sebagai kartu final sebelum placeholder diisi dengan contoh natural.	Goethe A1 Wortliste; Deutsche Welle Nicos Weg A1	ADD_TO_EXISTING_DECK			de-id-a1-kalimat-nyata	PATTERN_OR_PLACEHOLDER	
1	17	Zahlen 0–20	Lernwortschatz	word	null	null	VERIFY_BEFORE_ADD		Goethe A1 Wortliste; Duden/DWDS	ADD_TO_NEW_DECK			de-id-a1-kata-identitaet-familie	NEEDS_EDITORIAL_REVIEW	acht tidak tercetak pada daftar hasil ekstraksi; dicatat karena urutan 0–20 dan materi bab memuatnya
1	17	Zahlen 0–20	Lernwortschatz	word	eins	eins	VERIFY_BEFORE_ADD		Goethe A1 Wortliste; Duden/DWDS	ADD_TO_NEW_DECK			de-id-a1-kata-identitaet-familie	NEEDS_EDITORIAL_REVIEW	acht tidak tercetak pada daftar hasil ekstraksi; dicatat karena urutan 0–20 dan materi bab memuatnya
1	17	Zahlen 0–20	Lernwortschatz	word	zwei	zwei	VERIFY_BEFORE_ADD		Goethe A1 Wortliste; Duden/DWDS	ADD_TO_NEW_DECK			de-id-a1-kata-identitaet-familie	NEEDS_EDITORIAL_REVIEW	acht tidak tercetak pada daftar hasil ekstraksi; dicatat karena urutan 0–20 dan materi bab memuatnya
1	17	Zahlen 0–20	Lernwortschatz	word	drei	drei	VERIFY_BEFORE_ADD		Goethe A1 Wortliste; Duden/DWDS	ADD_TO_NEW_DECK			de-id-a1-kata-identitaet-familie	NEEDS_EDITORIAL_REVIEW	acht tidak tercetak pada daftar hasil ekstraksi; dicatat karena urutan 0–20 dan materi bab memuatnya
1	17	Zahlen 0–20	Lernwortschatz	word	vier	vier	VERIFY_BEFORE_ADD		Goethe A1 Wortliste; Duden/DWDS	ADD_TO_NEW_DECK			de-id-a1-kata-identitaet-familie	NEEDS_EDITORIAL_REVIEW	acht tidak tercetak pada daftar hasil ekstraksi; dicatat karena urutan 0–20 dan materi bab memuatnya
1	17	Zahlen 0–20	Lernwortschatz	word	fünf	fünf	VERIFY_BEFORE_ADD		Goethe A1 Wortliste; Duden/DWDS	ADD_TO_NEW_DECK			de-id-a1-kata-identitaet-familie	NEEDS_EDITORIAL_REVIEW	acht tidak tercetak pada daftar hasil ekstraksi; dicatat karena urutan 0–20 dan materi bab memuatnya
1	17	Zahlen 0–20	Lernwortschatz	word	sechs	sechs	VERIFY_BEFORE_ADD		Goethe A1 Wortliste; Duden/DWDS	ADD_TO_NEW_DECK			de-id-a1-kata-identitaet-familie	NEEDS_EDITORIAL_REVIEW	acht tidak tercetak pada daftar hasil ekstraksi; dicatat karena urutan 0–20 dan materi bab memuatnya
1	17	Zahlen 0–20	Lernwortschatz	word	sieben	sieben	VERIFY_BEFORE_ADD		Goethe A1 Wortliste; Duden/DWDS	ADD_TO_NEW_DECK			de-id-a1-kata-identitaet-familie	NEEDS_EDITORIAL_REVIEW	acht tidak tercetak pada daftar hasil ekstraksi; dicatat karena urutan 0–20 dan materi bab memuatnya
1	17	Zahlen 0–20	Lernwortschatz	word	acht	acht	ADD_FROM_CONTEXT	Pertahankan untuk melengkapi urutan 0–20; tidak tampak pada ekstraksi daftar tetapi jelas termasuk lingkup angka A1.	Goethe A1 Wortliste: Zahlen	ADD_TO_NEW_DECK			de-id-a1-kata-identitaet-familie	NEEDS_EDITORIAL_REVIEW	acht tidak tercetak pada daftar hasil ekstraksi; dicatat karena urutan 0–20 dan materi bab memuatnya
1	17	Zahlen 0–20	Lernwortschatz	word	neun	neun	VERIFY_BEFORE_ADD		Goethe A1 Wortliste; Duden/DWDS	ADD_TO_NEW_DECK			de-id-a1-kata-identitaet-familie	NEEDS_EDITORIAL_REVIEW	acht tidak tercetak pada daftar hasil ekstraksi; dicatat karena urutan 0–20 dan materi bab memuatnya
1	17	Zahlen 0–20	Lernwortschatz	word	zehn	zehn	VERIFY_BEFORE_ADD		Goethe A1 Wortliste; Duden/DWDS	ADD_TO_NEW_DECK			de-id-a1-kata-identitaet-familie	NEEDS_EDITORIAL_REVIEW	acht tidak tercetak pada daftar hasil ekstraksi; dicatat karena urutan 0–20 dan materi bab memuatnya
1	17	Zahlen 0–20	Lernwortschatz	word	elf	elf	VERIFY_BEFORE_ADD		Goethe A1 Wortliste; Duden/DWDS	ADD_TO_NEW_DECK			de-id-a1-kata-identitaet-familie	NEEDS_EDITORIAL_REVIEW	acht tidak tercetak pada daftar hasil ekstraksi; dicatat karena urutan 0–20 dan materi bab memuatnya
1	17	Zahlen 0–20	Lernwortschatz	word	zwölf	zwölf	VERIFY_BEFORE_ADD		Goethe A1 Wortliste; Duden/DWDS	ADD_TO_NEW_DECK			de-id-a1-kata-identitaet-familie	NEEDS_EDITORIAL_REVIEW	acht tidak tercetak pada daftar hasil ekstraksi; dicatat karena urutan 0–20 dan materi bab memuatnya
1	17	Zahlen 0–20	Lernwortschatz	word	dreizehn	dreizehn	VERIFY_BEFORE_ADD		Goethe A1 Wortliste; Duden/DWDS	ADD_TO_NEW_DECK			de-id-a1-kata-identitaet-familie	NEEDS_EDITORIAL_REVIEW	acht tidak tercetak pada daftar hasil ekstraksi; dicatat karena urutan 0–20 dan materi bab memuatnya
1	17	Zahlen 0–20	Lernwortschatz	word	vierzehn	vierzehn	VERIFY_BEFORE_ADD		Goethe A1 Wortliste; Duden/DWDS	ADD_TO_NEW_DECK			de-id-a1-kata-identitaet-familie	NEEDS_EDITORIAL_REVIEW	acht tidak tercetak pada daftar hasil ekstraksi; dicatat karena urutan 0–20 dan materi bab memuatnya
1	17	Zahlen 0–20	Lernwortschatz	word	fünfzehn	fünfzehn	VERIFY_BEFORE_ADD		Goethe A1 Wortliste; Duden/DWDS	ADD_TO_NEW_DECK			de-id-a1-kata-identitaet-familie	NEEDS_EDITORIAL_REVIEW	acht tidak tercetak pada daftar hasil ekstraksi; dicatat karena urutan 0–20 dan materi bab memuatnya
1	17	Zahlen 0–20	Lernwortschatz	word	sechzehn	sechzehn	VERIFY_BEFORE_ADD		Goethe A1 Wortliste; Duden/DWDS	ADD_TO_NEW_DECK			de-id-a1-kata-identitaet-familie	NEEDS_EDITORIAL_REVIEW	acht tidak tercetak pada daftar hasil ekstraksi; dicatat karena urutan 0–20 dan materi bab memuatnya
1	17	Zahlen 0–20	Lernwortschatz	word	siebzehn	siebzehn	VERIFY_BEFORE_ADD		Goethe A1 Wortliste; Duden/DWDS	ADD_TO_NEW_DECK			de-id-a1-kata-identitaet-familie	NEEDS_EDITORIAL_REVIEW	acht tidak tercetak pada daftar hasil ekstraksi; dicatat karena urutan 0–20 dan materi bab memuatnya
1	17	Zahlen 0–20	Lernwortschatz	word	achtzehn	achtzehn	VERIFY_BEFORE_ADD		Goethe A1 Wortliste; Duden/DWDS	ADD_TO_NEW_DECK			de-id-a1-kata-identitaet-familie	NEEDS_EDITORIAL_REVIEW	acht tidak tercetak pada daftar hasil ekstraksi; dicatat karena urutan 0–20 dan materi bab memuatnya
1	17	Zahlen 0–20	Lernwortschatz	word	neunzehn	neunzehn	VERIFY_BEFORE_ADD		Goethe A1 Wortliste; Duden/DWDS	ADD_TO_NEW_DECK			de-id-a1-kata-identitaet-familie	NEEDS_EDITORIAL_REVIEW	acht tidak tercetak pada daftar hasil ekstraksi; dicatat karena urutan 0–20 dan materi bab memuatnya
1	17	Zahlen 0–20	Lernwortschatz	word	zwanzig	zwanzig	VERIFY_BEFORE_ADD		Goethe A1 Wortliste; Duden/DWDS	ADD_TO_NEW_DECK			de-id-a1-kata-identitaet-familie	NEEDS_EDITORIAL_REVIEW	acht tidak tercetak pada daftar hasil ekstraksi; dicatat karena urutan 0–20 dan materi bab memuatnya
1	17	Sprachen	Lernwortschatz	word	Deutsch	Deutsch	VERIFY_BEFORE_ADD		Goethe A1 Wortliste; Duden/DWDS	ADD_TO_NEW_DECK			de-id-a1-kata-identitaet-familie		
1	17	Sprachen	Lernwortschatz	word	Englisch	Englisch	VERIFY_BEFORE_ADD		Goethe A1 Wortliste; Duden/DWDS	ADD_TO_NEW_DECK			de-id-a1-kata-identitaet-familie		
1	17	Sprachen	Lernwortschatz	word	Indonesisch	Indonesisch	VERIFY_BEFORE_ADD		Goethe A1 Wortliste; Duden/DWDS	ADD_TO_NEW_DECK			de-id-a1-kata-identitaet-familie		
1	17	Sprachen	Lernwortschatz	word	Arabisch	Arabisch	VERIFY_BEFORE_ADD		Goethe A1 Wortliste; Duden/DWDS	ADD_TO_NEW_DECK			de-id-a1-kata-identitaet-familie		
1	17	Sprachen	Lernwortschatz	word	Italienisch	Italienisch	VERIFY_BEFORE_ADD		Goethe A1 Wortliste; Duden/DWDS	ADD_TO_NEW_DECK			de-id-a1-kata-identitaet-familie		
1	17	Sprachen	Lernwortschatz	word	Chinesisch	Chinesisch	VERIFY_BEFORE_ADD		Goethe A1 Wortliste; Duden/DWDS	ADD_TO_NEW_DECK			de-id-a1-kata-identitaet-familie		
1	17	Sprachen	Lernwortschatz	word	Türkisch	Türkisch	VERIFY_BEFORE_ADD		Goethe A1 Wortliste; Duden/DWDS	ADD_TO_NEW_DECK			de-id-a1-kata-identitaet-familie		
1	18	Grüßen und sich vorstellen	Redemittel	sentence	Hallo!	Hallo!	VERIFY_BEFORE_ADD		Goethe A1 Wortliste; Deutsche Welle Nicos Weg A1	ADD_TO_EXISTING_DECK			de-id-a1-kalimat-nyata		
1	18	Grüßen und sich vorstellen	Redemittel	sentence	Guten Tag!	Guten Tag!	VERIFY_BEFORE_ADD		Goethe A1 Wortliste; Deutsche Welle Nicos Weg A1	ADD_TO_EXISTING_DECK			de-id-a1-kalimat-nyata		
1	18	Grüßen und sich vorstellen	Redemittel	sentence	Guten Morgen!	Guten Morgen!	VERIFY_BEFORE_ADD		Goethe A1 Wortliste; Deutsche Welle Nicos Weg A1	ADD_TO_EXISTING_DECK			de-id-a1-kalimat-nyata		
1	18	Grüßen und sich vorstellen	Redemittel	sentence	Guten Abend!	Guten Abend!	VERIFY_BEFORE_ADD		Goethe A1 Wortliste; Deutsche Welle Nicos Weg A1	ADD_TO_EXISTING_DECK			de-id-a1-kalimat-nyata		
1	18	Grüßen und sich vorstellen	Redemittel	sentence	Tschüss!	Tschüss!	VERIFY_BEFORE_ADD		Goethe A1 Wortliste; Deutsche Welle Nicos Weg A1	ADD_TO_EXISTING_DECK			de-id-a1-kalimat-nyata		
1	18	Grüßen und sich vorstellen	Redemittel	sentence	Auf Wiedersehen!	Auf Wiedersehen!	VERIFY_BEFORE_ADD		Goethe A1 Wortliste; Deutsche Welle Nicos Weg A1	ADD_TO_EXISTING_DECK			de-id-a1-kalimat-nyata		
1	18	Grüßen und sich vorstellen	Redemittel	sentence	Gute Nacht!	Gute Nacht!	VERIFY_BEFORE_ADD		Goethe A1 Wortliste; Deutsche Welle Nicos Weg A1	ADD_TO_EXISTING_DECK			de-id-a1-kalimat-nyata		
1	18	Grüßen und sich vorstellen	Redemittel	sentence	Wer bist du?	Wer bist du?	VERIFY_BEFORE_ADD		Goethe A1 Wortliste; Deutsche Welle Nicos Weg A1	ADD_TO_EXISTING_DECK			de-id-a1-kalimat-nyata	PATTERN_OR_PLACEHOLDER	
1	18	Grüßen und sich vorstellen	Redemittel	sentence	Ich bin …	Ich bin …	KEEP_AS_PATTERN_ONLY	Berguna sebagai pola Redemittel, tetapi jangan dimasukkan sebagai kartu final sebelum placeholder diisi dengan contoh natural.	Goethe A1 Wortliste; Deutsche Welle Nicos Weg A1	ADD_TO_EXISTING_DECK			de-id-a1-kalimat-nyata	REPEATED_IN_BOOK|PATTERN_OR_PLACEHOLDER	
1	18	Grüßen und sich vorstellen	Redemittel	sentence	Wie heißt du?	Wie heißt du?	VERIFY_BEFORE_ADD		Goethe A1 Wortliste; Deutsche Welle Nicos Weg A1	ADD_TO_EXISTING_DECK			de-id-a1-kalimat-nyata	PATTERN_OR_PLACEHOLDER	
1	18	Grüßen und sich vorstellen	Redemittel	sentence	Ich heiße …	Ich heiße …	KEEP_AS_PATTERN_ONLY	Berguna sebagai pola Redemittel, tetapi jangan dimasukkan sebagai kartu final sebelum placeholder diisi dengan contoh natural.	Goethe A1 Wortliste; Deutsche Welle Nicos Weg A1	ADD_TO_EXISTING_DECK			de-id-a1-kalimat-nyata	PATTERN_OR_PLACEHOLDER	
1	18	Herkunft und Angaben	Redemittel	sentence	Wo wohnen Sie?	Wo wohnen Sie?	VERIFY_BEFORE_ADD		Goethe A1 Wortliste; Deutsche Welle Nicos Weg A1	ADD_TO_EXISTING_DECK			de-id-a1-kalimat-nyata	PATTERN_OR_PLACEHOLDER	
1	18	Herkunft und Angaben	Redemittel	sentence	Wo wohnst du?	Wo wohnst du?	VERIFY_BEFORE_ADD		Goethe A1 Wortliste; Deutsche Welle Nicos Weg A1	ADD_TO_EXISTING_DECK			de-id-a1-kalimat-nyata	PATTERN_OR_PLACEHOLDER	
1	18	Herkunft und Angaben	Redemittel	sentence	Ich wohne in …	Ich wohne in …	KEEP_AS_PATTERN_ONLY	Berguna sebagai pola Redemittel, tetapi jangan dimasukkan sebagai kartu final sebelum placeholder diisi dengan contoh natural.	Goethe A1 Wortliste; Deutsche Welle Nicos Weg A1	ADD_TO_EXISTING_DECK			de-id-a1-kalimat-nyata	PATTERN_OR_PLACEHOLDER	
1	18	Herkunft und Angaben	Redemittel	sentence	Woher kommen Sie?	Woher kommen Sie?	VERIFY_BEFORE_ADD		Goethe A1 Wortliste; Deutsche Welle Nicos Weg A1	ADD_TO_EXISTING_DECK			de-id-a1-kalimat-nyata	PATTERN_OR_PLACEHOLDER	
1	18	Herkunft und Angaben	Redemittel	sentence	Woher kommst du?	Woher kommst du?	VERIFY_BEFORE_ADD		Goethe A1 Wortliste; Deutsche Welle Nicos Weg A1	ADD_TO_EXISTING_DECK			de-id-a1-kalimat-nyata	PATTERN_OR_PLACEHOLDER	
1	18	Herkunft und Angaben	Redemittel	sentence	Ich komme aus …	Ich komme aus …	KEEP_AS_PATTERN_ONLY	Berguna sebagai pola Redemittel, tetapi jangan dimasukkan sebagai kartu final sebelum placeholder diisi dengan contoh natural.	Goethe A1 Wortliste; Deutsche Welle Nicos Weg A1	ADD_TO_EXISTING_DECK			de-id-a1-kalimat-nyata	PATTERN_OR_PLACEHOLDER	
1	18	Herkunft und Angaben	Redemittel	sentence	Welche Sprachen sprechen Sie?	Welche Sprachen sprechen Sie?	VERIFY_BEFORE_ADD		Goethe A1 Wortliste; Deutsche Welle Nicos Weg A1	ADD_TO_EXISTING_DECK			de-id-a1-kalimat-nyata	PATTERN_OR_PLACEHOLDER	
1	18	Herkunft und Angaben	Redemittel	sentence	Welche Sprachen sprichst du?	Welche Sprachen sprichst du?	KEEP_EXISTING	Bentuk Jerman dan kategori telah tersedia; bandingkan arti Indonesia saat implementasi, jangan menambah kartu baru.	Goethe A1 Wortliste; Deutsche Welle Nicos Weg A1	EXACT_SOURCE_MATCH	de-id-a1-kalimat-nyata	Welche Sprachen sprichst du?	de-id-a1-kalimat-nyata	PATTERN_OR_PLACEHOLDER	
1	18	Herkunft und Angaben	Redemittel	sentence	Ich spreche …	Ich spreche …	KEEP_AS_PATTERN_ONLY	Berguna sebagai pola Redemittel, tetapi jangan dimasukkan sebagai kartu final sebelum placeholder diisi dengan contoh natural.	Goethe A1 Wortliste; Deutsche Welle Nicos Weg A1	ADD_TO_EXISTING_DECK			de-id-a1-kalimat-nyata	PATTERN_OR_PLACEHOLDER	
1	18	Herkunft und Angaben	Redemittel	sentence	Wie ist Ihre Telefonnummer?	Wie ist Ihre Telefonnummer?	VERIFY_BEFORE_ADD		Goethe A1 Wortliste; Deutsche Welle Nicos Weg A1	ADD_TO_EXISTING_DECK			de-id-a1-kalimat-nyata	PATTERN_OR_PLACEHOLDER	
1	18	Herkunft und Angaben	Redemittel	sentence	Wie ist deine Telefonnummer?	Wie ist deine Telefonnummer?	VERIFY_BEFORE_ADD		Goethe A1 Wortliste; Deutsche Welle Nicos Weg A1	ADD_TO_EXISTING_DECK			de-id-a1-kalimat-nyata	PATTERN_OR_PLACEHOLDER	
1	18	Herkunft und Angaben	Redemittel	sentence	Wie ist Ihre E-Mail-Adresse?	Wie ist Ihre E-Mail-Adresse?	VERIFY_BEFORE_ADD		Goethe A1 Wortliste; Deutsche Welle Nicos Weg A1	ADD_TO_EXISTING_DECK			de-id-a1-kalimat-nyata	PATTERN_OR_PLACEHOLDER	
1	18	Herkunft und Angaben	Redemittel	sentence	Wie ist deine E-Mail-Adresse?	Wie ist deine E-Mail-Adresse?	VERIFY_BEFORE_ADD		Goethe A1 Wortliste; Deutsche Welle Nicos Weg A1	ADD_TO_EXISTING_DECK			de-id-a1-kalimat-nyata	PATTERN_OR_PLACEHOLDER	
1	18	Herkunft und Angaben	Redemittel	sentence	Wer ist das?	Wer ist das?	VERIFY_BEFORE_ADD		Goethe A1 Wortliste; Deutsche Welle Nicos Weg A1	ADD_TO_EXISTING_DECK			de-id-a1-kalimat-nyata	PATTERN_OR_PLACEHOLDER	
1	18	Herkunft und Angaben	Redemittel	sentence	Das ist …	Das ist …	KEEP_AS_PATTERN_ONLY	Berguna sebagai pola Redemittel, tetapi jangan dimasukkan sebagai kartu final sebelum placeholder diisi dengan contoh natural.	Goethe A1 Wortliste; Deutsche Welle Nicos Weg A1	ADD_TO_EXISTING_DECK			de-id-a1-kalimat-nyata	PATTERN_OR_PLACEHOLDER	
1	18	Befinden	Redemittel	sentence	Wie geht es Ihnen?	Wie geht es Ihnen?	VERIFY_BEFORE_ADD		Goethe A1 Wortliste; Deutsche Welle Nicos Weg A1	ADD_TO_EXISTING_DECK			de-id-a1-kalimat-nyata	PATTERN_OR_PLACEHOLDER	
1	18	Befinden	Redemittel	sentence	Wie geht's dir?	Wie geht's dir?	VERIFY_BEFORE_ADD		Goethe A1 Wortliste; Deutsche Welle Nicos Weg A1	ADD_TO_EXISTING_DECK			de-id-a1-kalimat-nyata	PATTERN_OR_PLACEHOLDER	
1	18	Befinden	Redemittel	sentence	Wie geht's?	Wie geht's?	VERIFY_BEFORE_ADD		Goethe A1 Wortliste; Deutsche Welle Nicos Weg A1	ADD_TO_EXISTING_DECK			de-id-a1-kalimat-nyata	PATTERN_OR_PLACEHOLDER	
1	18	Befinden	Redemittel	sentence	Danke, sehr gut.	Danke, sehr gut.	VERIFY_BEFORE_ADD		Goethe A1 Wortliste; Deutsche Welle Nicos Weg A1	ADD_TO_EXISTING_DECK			de-id-a1-kalimat-nyata		
1	18	Befinden	Redemittel	sentence	Danke, gut.	Danke, gut.	VERIFY_BEFORE_ADD		Goethe A1 Wortliste; Deutsche Welle Nicos Weg A1	ADD_TO_EXISTING_DECK			de-id-a1-kalimat-nyata		
1	18	Befinden	Redemittel	sentence	Ganz gut.	Ganz gut.	VERIFY_BEFORE_ADD		Goethe A1 Wortliste; Deutsche Welle Nicos Weg A1	ADD_TO_EXISTING_DECK			de-id-a1-kalimat-nyata		
1	18	Befinden	Redemittel	sentence	Und Ihnen?	Und Ihnen?	VERIFY_BEFORE_ADD		Goethe A1 Wortliste; Deutsche Welle Nicos Weg A1	ADD_TO_EXISTING_DECK			de-id-a1-kalimat-nyata	PATTERN_OR_PLACEHOLDER	
1	18	Befinden	Redemittel	sentence	Und dir?	Und dir?	VERIFY_BEFORE_ADD		Goethe A1 Wortliste; Deutsche Welle Nicos Weg A1	ADD_TO_EXISTING_DECK			de-id-a1-kalimat-nyata	PATTERN_OR_PLACEHOLDER	
2	38	Aktivitäten	Lernwortschatz	word	aufstehen	aufstehen	VERIFY_BEFORE_ADD		Goethe A1 Wortliste; Duden/DWDS	ADD_TO_NEW_DECK			de-id-a1-kata-rutinitas-waktu-belajar		
2	38	Aktivitäten	Lernwortschatz	word	duschen	duschen	VERIFY_BEFORE_ADD		Goethe A1 Wortliste; Duden/DWDS	ADD_TO_NEW_DECK			de-id-a1-kata-rutinitas-waktu-belajar		
2	38	Aktivitäten	Lernwortschatz	word	frühstücken	frühstücken	VERIFY_BEFORE_ADD		Goethe A1 Wortliste; Duden/DWDS	ADD_TO_NEW_DECK			de-id-a1-kata-rutinitas-waktu-belajar	REPEATED_IN_BOOK	
2	38	Aktivitäten	Lernwortschatz	word	essen	essen	KEEP_EXISTING	Bentuk Jerman dan kategori telah tersedia; bandingkan arti Indonesia saat implementasi, jangan menambah kartu baru.	Goethe A1 Wortliste; Duden/DWDS	EXACT_SOURCE_MATCH	de-id-a1-kata-inti	essen	de-id-a1-kata-rutinitas-waktu-belajar	REPEATED_IN_BOOK	
2	38	Aktivitäten	Lernwortschatz	word	trinken	trinken	KEEP_EXISTING	Bentuk Jerman dan kategori telah tersedia; bandingkan arti Indonesia saat implementasi, jangan menambah kartu baru.	Goethe A1 Wortliste; Duden/DWDS	EXACT_SOURCE_MATCH	de-id-a1-kata-inti	trinken	de-id-a1-kata-rutinitas-waktu-belajar	REPEATED_IN_BOOK	
2	38	Aktivitäten	Lernwortschatz	word	lernen	lernen	KEEP_EXISTING	Bentuk Jerman dan kategori telah tersedia; bandingkan arti Indonesia saat implementasi, jangan menambah kartu baru.	Goethe A1 Wortliste; Duden/DWDS	EXACT_SOURCE_MATCH	de-id-a1-kata-inti	lernen	de-id-a1-kata-rutinitas-waktu-belajar	REPEATED_IN_BOOK	
2	38	Aktivitäten	Lernwortschatz	word	lesen	lesen	KEEP_EXISTING	Bentuk Jerman dan kategori telah tersedia; bandingkan arti Indonesia saat implementasi, jangan menambah kartu baru.	Goethe A1 Wortliste; Duden/DWDS	EXACT_SOURCE_MATCH	de-id-a1-kata-hobi	lesen	de-id-a1-kata-rutinitas-waktu-belajar	REPEATED_IN_BOOK	
2	38	Aktivitäten	Lernwortschatz	word	schlafen	schlafen	VERIFY_BEFORE_ADD		Goethe A1 Wortliste; Duden/DWDS	ADD_TO_NEW_DECK			de-id-a1-kata-rutinitas-waktu-belajar		
2	38	Aktivitäten	Lernwortschatz	word	spielen	spielen	KEEP_EXISTING	Bentuk Jerman dan kategori telah tersedia; bandingkan arti Indonesia saat implementasi, jangan menambah kartu baru.	Goethe A1 Wortliste; Duden/DWDS	EXACT_SOURCE_MATCH	de-id-a1-kata-hobi	spielen	de-id-a1-kata-rutinitas-waktu-belajar	REPEATED_IN_BOOK	
2	38	Aktivitäten	Lernwortschatz	word	joggen	joggen	VERIFY_BEFORE_ADD		Goethe A1 Wortliste; Duden/DWDS	ADD_TO_NEW_DECK			de-id-a1-kata-rutinitas-waktu-belajar		
2	38	Aktivitäten	Lernwortschatz	word	telefonieren	telefonieren	VERIFY_BEFORE_ADD		Goethe A1 Wortliste; Duden/DWDS	ADD_TO_NEW_DECK			de-id-a1-kata-rutinitas-waktu-belajar	REPEATED_IN_BOOK	
2	38	Aktivitäten	Lernwortschatz	word	besuchen	besuchen	KEEP_EXISTING	Bentuk Jerman dan kategori telah tersedia; bandingkan arti Indonesia saat implementasi, jangan menambah kartu baru.	Goethe A1 Wortliste; Duden/DWDS	EXACT_SOURCE_MATCH	de-id-a1-kata-hobi	besuchen	de-id-a1-kata-rutinitas-waktu-belajar	REPEATED_IN_BOOK	
2	38	Aktivitäten	Lernwortschatz	word	einkaufen	einkaufen	VERIFY_BEFORE_ADD		Goethe A1 Wortliste; Duden/DWDS	ADD_TO_NEW_DECK			de-id-a1-kata-rutinitas-waktu-belajar	REPEATED_IN_BOOK	
2	38	Aktivitäten	Lernwortschatz	word	feiern	feiern	VERIFY_BEFORE_ADD		Goethe A1 Wortliste; Duden/DWDS	ADD_TO_NEW_DECK			de-id-a1-kata-rutinitas-waktu-belajar	REPEATED_IN_BOOK	
2	38	Aktivitäten	Lernwortschatz	word	arbeiten	arbeiten	KEEP_EXISTING	Bentuk Jerman dan kategori telah tersedia; bandingkan arti Indonesia saat implementasi, jangan menambah kartu baru.	Goethe A1 Wortliste; Duden/DWDS	EXACT_SOURCE_MATCH	de-id-a1-kata-inti	arbeiten	de-id-a1-kata-rutinitas-waktu-belajar	REPEATED_IN_BOOK	
2	38	Zeitangaben	Lernwortschatz	word	morgens	morgens	VERIFY_BEFORE_ADD		Goethe A1 Wortliste; Duden/DWDS	ADD_TO_NEW_DECK			de-id-a1-kata-rutinitas-waktu-belajar	REPEATED_IN_BOOK	
2	38	Zeitangaben	Lernwortschatz	word	abends	abends	VERIFY_BEFORE_ADD		Goethe A1 Wortliste; Duden/DWDS	ADD_TO_NEW_DECK			de-id-a1-kata-rutinitas-waktu-belajar	REPEATED_IN_BOOK	
2	38	Zeitangaben	Lernwortschatz	phrase	am Montag	am Montag	VERIFY_BEFORE_ADD		Goethe A1 Wortliste; Deutsche Welle Nicos Weg A1	ADD_TO_NEW_DECK			de-id-a1-frasa-rutinitas-janji		
2	38	Zeitangaben	Lernwortschatz	phrase	am Dienstag	am Dienstag	VERIFY_BEFORE_ADD		Goethe A1 Wortliste; Deutsche Welle Nicos Weg A1	ADD_TO_NEW_DECK			de-id-a1-frasa-rutinitas-janji		
2	38	Zeitangaben	Lernwortschatz	phrase	am Wochenende	am Wochenende	KEEP_EXISTING	Bentuk Jerman dan kategori telah tersedia; bandingkan arti Indonesia saat implementasi, jangan menambah kartu baru.	Goethe A1 Wortliste; Deutsche Welle Nicos Weg A1	EXACT_SOURCE_MATCH	de-id-a1-frasa-sehari-hari	Am Wochenende.	de-id-a1-frasa-rutinitas-janji	REPEATED_IN_BOOK	
2	38	Zeitangaben	Lernwortschatz	phrase	von … bis …	von … bis …	KEEP_AS_PATTERN_ONLY	Berguna sebagai pola Redemittel, tetapi jangan dimasukkan sebagai kartu final sebelum placeholder diisi dengan contoh natural.	Goethe A1 Wortliste; Deutsche Welle Nicos Weg A1	ADD_TO_NEW_DECK			de-id-a1-frasa-rutinitas-janji	REPEATED_IN_BOOK|PATTERN_OR_PLACEHOLDER	
2	38	Zeitangaben	Lernwortschatz	word	heute	heute	KEEP_EXISTING	Bentuk Jerman dan kategori telah tersedia; bandingkan arti Indonesia saat implementasi, jangan menambah kartu baru.	Goethe A1 Wortliste; Duden/DWDS	EXACT_SOURCE_MATCH	de-id-a1-kata-inti	heute	de-id-a1-kata-rutinitas-waktu-belajar		
2	38	Zeitangaben	Lernwortschatz	word	morgen	morgen	KEEP_EXISTING	Bentuk Jerman dan kategori telah tersedia; bandingkan arti Indonesia saat implementasi, jangan menambah kartu baru.	Goethe A1 Wortliste; Duden/DWDS	EXACT_SOURCE_MATCH	de-id-a1-kata-inti	morgen	de-id-a1-kata-rutinitas-waktu-belajar		
2	38	Zeitangaben	Lernwortschatz	phrase	jeden Tag	jeden Tag	VERIFY_BEFORE_ADD		Goethe A1 Wortliste; Deutsche Welle Nicos Weg A1	ADD_TO_NEW_DECK			de-id-a1-frasa-rutinitas-janji	REPEATED_IN_BOOK	
2	38	Andere wichtige Wörter	Lernwortschatz	phrase	die Schule	die Schule	RECLASSIFY_AS_WORD	Nomina berartikel salah terklasifikasi sebagai frasa akibat heuristik inventaris; perlakukan sebagai kata dan tambahkan jamak jika relevan.	Goethe A1 Wortliste; Deutsche Welle Nicos Weg A1	ADD_TO_NEW_DECK			de-id-a1-frasa-rutinitas-janji	REPEATED_IN_BOOK	
2	38	Andere wichtige Wörter	Lernwortschatz	phrase	das Buch	das Buch	RECLASSIFY_AS_WORD	Nomina berartikel salah terklasifikasi sebagai frasa akibat heuristik inventaris; perlakukan sebagai kata dan tambahkan jamak jika relevan.	Goethe A1 Wortliste; Deutsche Welle Nicos Weg A1	ADD_TO_NEW_DECK			de-id-a1-frasa-rutinitas-janji		
2	38	Andere wichtige Wörter	Lernwortschatz	phrase	der Freund / die Freundin	der Freund / die Freundin	RECLASSIFY_AS_WORD	Nomina berartikel salah terklasifikasi sebagai frasa akibat heuristik inventaris; perlakukan sebagai kata dan tambahkan jamak jika relevan.	Goethe A1 Wortliste; Deutsche Welle Nicos Weg A1	ADD_TO_NEW_DECK			de-id-a1-frasa-rutinitas-janji		
2	38	Andere wichtige Wörter	Lernwortschatz	phrase	das Bett	das Bett	RECLASSIFY_AS_WORD	Nomina berartikel salah terklasifikasi sebagai frasa akibat heuristik inventaris; perlakukan sebagai kata dan tambahkan jamak jika relevan.	Goethe A1 Wortliste; Deutsche Welle Nicos Weg A1	ADD_TO_NEW_DECK			de-id-a1-frasa-rutinitas-janji		
2	38	Andere wichtige Wörter	Lernwortschatz	phrase	das Mittagessen / das Abendessen	das Mittagessen / das Abendessen	RECLASSIFY_AS_WORD	Nomina berartikel salah terklasifikasi sebagai frasa akibat heuristik inventaris; perlakukan sebagai kata dan tambahkan jamak jika relevan.	Goethe A1 Wortliste; Deutsche Welle Nicos Weg A1	ADD_TO_NEW_DECK			de-id-a1-frasa-rutinitas-janji		
2	38	Andere wichtige Wörter	Lernwortschatz	phrase	die Arbeit	die Arbeit	RECLASSIFY_AS_WORD	Nomina berartikel salah terklasifikasi sebagai frasa akibat heuristik inventaris; perlakukan sebagai kata dan tambahkan jamak jika relevan.	Goethe A1 Wortliste; Deutsche Welle Nicos Weg A1	ADD_TO_NEW_DECK			de-id-a1-frasa-rutinitas-janji		
2	38	Andere wichtige Wörter	Lernwortschatz	phrase	der Supermarkt	der Supermarkt	RECLASSIFY_AS_WORD	Nomina berartikel salah terklasifikasi sebagai frasa akibat heuristik inventaris; perlakukan sebagai kata dan tambahkan jamak jika relevan.	Goethe A1 Wortliste; Deutsche Welle Nicos Weg A1	ADD_TO_NEW_DECK			de-id-a1-frasa-rutinitas-janji	REPEATED_IN_BOOK	
2	38	Andere wichtige Wörter	Lernwortschatz	phrase	der Kaffee	der Kaffee	RECLASSIFY_AS_WORD	Nomina berartikel salah terklasifikasi sebagai frasa akibat heuristik inventaris; perlakukan sebagai kata dan tambahkan jamak jika relevan.	Goethe A1 Wortliste; Deutsche Welle Nicos Weg A1	ADD_TO_NEW_DECK			de-id-a1-frasa-rutinitas-janji	REPEATED_IN_BOOK	
2	38	Andere wichtige Wörter	Lernwortschatz	phrase	die Zeit	die Zeit	RECLASSIFY_AS_WORD	Nomina berartikel salah terklasifikasi sebagai frasa akibat heuristik inventaris; perlakukan sebagai kata dan tambahkan jamak jika relevan.	Goethe A1 Wortliste; Deutsche Welle Nicos Weg A1	ADD_TO_NEW_DECK			de-id-a1-frasa-rutinitas-janji		
2	38	Andere wichtige Wörter	Lernwortschatz	phrase	die Musik	die Musik	RECLASSIFY_AS_WORD	Nomina berartikel salah terklasifikasi sebagai frasa akibat heuristik inventaris; perlakukan sebagai kata dan tambahkan jamak jika relevan.	Goethe A1 Wortliste; Deutsche Welle Nicos Weg A1	ADD_TO_NEW_DECK			de-id-a1-frasa-rutinitas-janji		
2	39	Aktivitäten und Zeit	Redemittel	sentence	Ich lerne Deutsch.	Ich lerne Deutsch.	VERIFY_BEFORE_ADD		Goethe A1 Wortliste; Deutsche Welle Nicos Weg A1	ADD_TO_EXISTING_DECK			de-id-a1-kalimat-nyata		
2	39	Aktivitäten und Zeit	Redemittel	sentence	Ich lese ein Buch.	Ich lese ein Buch.	VERIFY_BEFORE_ADD		Goethe A1 Wortliste; Deutsche Welle Nicos Weg A1	ADD_TO_EXISTING_DECK			de-id-a1-kalimat-nyata		
2	39	Aktivitäten und Zeit	Redemittel	sentence	Ich spiele Fußball.	Ich spiele Fußball.	VERIFY_BEFORE_ADD		Goethe A1 Wortliste; Deutsche Welle Nicos Weg A1	ADD_TO_EXISTING_DECK			de-id-a1-kalimat-nyata		
2	39	Aktivitäten und Zeit	Redemittel	sentence	Ich schlafe gut.	Ich schlafe gut.	VERIFY_BEFORE_ADD		Goethe A1 Wortliste; Deutsche Welle Nicos Weg A1	ADD_TO_EXISTING_DECK			de-id-a1-kalimat-nyata		
2	39	Aktivitäten und Zeit	Redemittel	sentence	Am Montag lerne ich.	Am Montag lerne ich.	VERIFY_BEFORE_ADD		Goethe A1 Wortliste; Deutsche Welle Nicos Weg A1	ADD_TO_EXISTING_DECK			de-id-a1-kalimat-nyata		
2	39	Aktivitäten und Zeit	Redemittel	sentence	Heute lese ich.	Heute lese ich.	VERIFY_BEFORE_ADD		Goethe A1 Wortliste; Deutsche Welle Nicos Weg A1	ADD_TO_EXISTING_DECK			de-id-a1-kalimat-nyata		
2	39	Aktivitäten und Zeit	Redemittel	sentence	Morgen treffe ich Freunde.	Morgen treffe ich Freunde.	VERIFY_BEFORE_ADD		Goethe A1 Wortliste; Deutsche Welle Nicos Weg A1	ADD_TO_EXISTING_DECK			de-id-a1-kalimat-nyata		
2	39	Aktivitäten und Zeit	Redemittel	sentence	Ich spiele am Nachmittag.	Ich spiele am Nachmittag.	VERIFY_BEFORE_ADD		Goethe A1 Wortliste; Deutsche Welle Nicos Weg A1	ADD_TO_EXISTING_DECK			de-id-a1-kalimat-nyata		
2	39	Aktivitäten und Zeit	Redemittel	sentence	Ich schlafe am Abend.	Ich schlafe am Abend.	VERIFY_BEFORE_ADD		Goethe A1 Wortliste; Deutsche Welle Nicos Weg A1	ADD_TO_EXISTING_DECK			de-id-a1-kalimat-nyata		
2	39	Termin vereinbaren	Redemittel	sentence	Gehen wir am …?	Gehen wir am …?	KEEP_AS_PATTERN_ONLY	Berguna sebagai pola Redemittel, tetapi jangan dimasukkan sebagai kartu final sebelum placeholder diisi dengan contoh natural.	Goethe A1 Wortliste; Deutsche Welle Nicos Weg A1	ADD_TO_EXISTING_DECK			de-id-a1-kalimat-nyata	PATTERN_OR_PLACEHOLDER	
2	39	Termin vereinbaren	Redemittel	sentence	Passt das?	Passt das?	VERIFY_BEFORE_ADD		Goethe A1 Wortliste; Deutsche Welle Nicos Weg A1	ADD_TO_EXISTING_DECK			de-id-a1-kalimat-nyata	PATTERN_OR_PLACEHOLDER	
2	39	Termin vereinbaren	Redemittel	sentence	Geht das?	Geht das?	VERIFY_BEFORE_ADD		Goethe A1 Wortliste; Deutsche Welle Nicos Weg A1	ADD_TO_EXISTING_DECK			de-id-a1-kalimat-nyata	PATTERN_OR_PLACEHOLDER	
2	39	Termin vereinbaren	Redemittel	sentence	Ja, gern!	Ja, gern!	VERIFY_BEFORE_ADD		Goethe A1 Wortliste; Deutsche Welle Nicos Weg A1	ADD_TO_EXISTING_DECK			de-id-a1-kalimat-nyata	REPEATED_IN_BOOK	
2	39	Termin vereinbaren	Redemittel	sentence	Super!	Super!	VERIFY_BEFORE_ADD		Goethe A1 Wortliste; Deutsche Welle Nicos Weg A1	ADD_TO_EXISTING_DECK			de-id-a1-kalimat-nyata		
2	39	Termin vereinbaren	Redemittel	sentence	Nein, das geht leider nicht.	Nein, das geht leider nicht.	VERIFY_BEFORE_ADD		Goethe A1 Wortliste; Deutsche Welle Nicos Weg A1	ADD_TO_EXISTING_DECK			de-id-a1-kalimat-nyata		
2	39	Meinung und Reaktion	Redemittel	sentence	Das ist interessant.	Das ist interessant.	VERIFY_BEFORE_ADD		Goethe A1 Wortliste; Deutsche Welle Nicos Weg A1	ADD_TO_EXISTING_DECK			de-id-a1-kalimat-nyata		
2	39	Meinung und Reaktion	Redemittel	sentence	Das ist langweilig.	Das ist langweilig.	VERIFY_BEFORE_ADD		Goethe A1 Wortliste; Deutsche Welle Nicos Weg A1	ADD_TO_EXISTING_DECK			de-id-a1-kalimat-nyata		
2	39	Meinung und Reaktion	Redemittel	sentence	Das macht Spaß!	Das macht Spaß!	VERIFY_BEFORE_ADD		Goethe A1 Wortliste; Deutsche Welle Nicos Weg A1	ADD_TO_EXISTING_DECK			de-id-a1-kalimat-nyata		
2	39	Meinung und Reaktion	Redemittel	sentence	Ich weiß nicht.	Ich weiß nicht.	VERIFY_BEFORE_ADD		Goethe A1 Wortliste; Deutsche Welle Nicos Weg A1	ADD_TO_EXISTING_DECK			de-id-a1-kalimat-nyata		
2	39	Meinung und Reaktion	Redemittel	sentence	Ja.	Ja.	VERIFY_BEFORE_ADD		Goethe A1 Wortliste; Deutsche Welle Nicos Weg A1	ADD_TO_EXISTING_DECK			de-id-a1-kalimat-nyata		
2	39	Meinung und Reaktion	Redemittel	sentence	Nein.	Nein.	VERIFY_BEFORE_ADD		Goethe A1 Wortliste; Deutsche Welle Nicos Weg A1	ADD_TO_EXISTING_DECK			de-id-a1-kalimat-nyata		
2	39	Meinung und Reaktion	Redemittel	sentence	Doch!	Doch!	VERIFY_BEFORE_ADD		Goethe A1 Wortliste; Deutsche Welle Nicos Weg A1	ADD_TO_EXISTING_DECK			de-id-a1-kalimat-nyata		
2	39	Datum	Redemittel	phrase	der erste	der erste	RECLASSIFY_AS_WORD	Nomina berartikel salah terklasifikasi sebagai frasa akibat heuristik inventaris; perlakukan sebagai kata dan tambahkan jamak jika relevan.	Goethe A1 Wortliste; Deutsche Welle Nicos Weg A1	ADD_TO_NEW_DECK			de-id-a1-frasa-rutinitas-janji		
2	39	Datum	Redemittel	phrase	der fünfte	der fünfte	RECLASSIFY_AS_WORD	Nomina berartikel salah terklasifikasi sebagai frasa akibat heuristik inventaris; perlakukan sebagai kata dan tambahkan jamak jika relevan.	Goethe A1 Wortliste; Deutsche Welle Nicos Weg A1	ADD_TO_NEW_DECK			de-id-a1-frasa-rutinitas-janji		
2	39	Datum	Redemittel	phrase	der zwanzigste	der zwanzigste	RECLASSIFY_AS_WORD	Nomina berartikel salah terklasifikasi sebagai frasa akibat heuristik inventaris; perlakukan sebagai kata dan tambahkan jamak jika relevan.	Goethe A1 Wortliste; Deutsche Welle Nicos Weg A1	ADD_TO_NEW_DECK			de-id-a1-frasa-rutinitas-janji		
2	39	Datum	Redemittel	sentence	Heute ist der dritte Mai.	Heute ist der dritte Mai.	VERIFY_BEFORE_ADD		Goethe A1 Wortliste; Deutsche Welle Nicos Weg A1	ADD_TO_EXISTING_DECK			de-id-a1-kalimat-nyata		
2	39	Datum	Redemittel	sentence	Am dritten Mai lese ich.	Am dritten Mai lese ich.	VERIFY_BEFORE_ADD		Goethe A1 Wortliste; Deutsche Welle Nicos Weg A1	ADD_TO_EXISTING_DECK			de-id-a1-kalimat-nyata		
3	61	Zu Hause	Lernwortschatz	phrase	das Haus	das Haus	RECLASSIFY_AS_WORD	Nomina berartikel salah terklasifikasi sebagai frasa akibat heuristik inventaris; perlakukan sebagai kata dan tambahkan jamak jika relevan.	Goethe A1 Wortliste; Deutsche Welle Nicos Weg A1	ADD_TO_NEW_DECK			de-id-a1-frasa-rumah-lingkungan		
3	61	Zu Hause	Lernwortschatz	phrase	die Wohnung	die Wohnung	RECLASSIFY_AS_WORD	Nomina berartikel salah terklasifikasi sebagai frasa akibat heuristik inventaris; perlakukan sebagai kata dan tambahkan jamak jika relevan.	Goethe A1 Wortliste; Deutsche Welle Nicos Weg A1	ADD_TO_NEW_DECK			de-id-a1-frasa-rumah-lingkungan		
3	61	Zu Hause	Lernwortschatz	phrase	das Zimmer	das Zimmer	RECLASSIFY_AS_WORD	Nomina berartikel salah terklasifikasi sebagai frasa akibat heuristik inventaris; perlakukan sebagai kata dan tambahkan jamak jika relevan.	Goethe A1 Wortliste; Deutsche Welle Nicos Weg A1	ADD_TO_NEW_DECK			de-id-a1-frasa-rumah-lingkungan		
3	61	Zu Hause	Lernwortschatz	phrase	das Wohnzimmer	das Wohnzimmer	RECLASSIFY_AS_WORD	Nomina berartikel salah terklasifikasi sebagai frasa akibat heuristik inventaris; perlakukan sebagai kata dan tambahkan jamak jika relevan.	Goethe A1 Wortliste; Deutsche Welle Nicos Weg A1	ADD_TO_NEW_DECK			de-id-a1-frasa-rumah-lingkungan		
3	61	Zu Hause	Lernwortschatz	phrase	das Schlafzimmer	das Schlafzimmer	RECLASSIFY_AS_WORD	Nomina berartikel salah terklasifikasi sebagai frasa akibat heuristik inventaris; perlakukan sebagai kata dan tambahkan jamak jika relevan.	Goethe A1 Wortliste; Deutsche Welle Nicos Weg A1	ADD_TO_NEW_DECK			de-id-a1-frasa-rumah-lingkungan		
3	61	Zu Hause	Lernwortschatz	phrase	das Arbeitszimmer	das Arbeitszimmer	RECLASSIFY_AS_WORD	Nomina berartikel salah terklasifikasi sebagai frasa akibat heuristik inventaris; perlakukan sebagai kata dan tambahkan jamak jika relevan.	Goethe A1 Wortliste; Deutsche Welle Nicos Weg A1	ADD_TO_NEW_DECK			de-id-a1-frasa-rumah-lingkungan		
3	61	Zu Hause	Lernwortschatz	phrase	die Küche	die Küche	RECLASSIFY_AS_WORD	Nomina berartikel salah terklasifikasi sebagai frasa akibat heuristik inventaris; perlakukan sebagai kata dan tambahkan jamak jika relevan.	Goethe A1 Wortliste; Deutsche Welle Nicos Weg A1	ADD_TO_NEW_DECK			de-id-a1-frasa-rumah-lingkungan		
3	61	Zu Hause	Lernwortschatz	phrase	das Bad	das Bad	RECLASSIFY_AS_WORD	Nomina berartikel salah terklasifikasi sebagai frasa akibat heuristik inventaris; perlakukan sebagai kata dan tambahkan jamak jika relevan.	Goethe A1 Wortliste; Deutsche Welle Nicos Weg A1	ADD_TO_NEW_DECK			de-id-a1-frasa-rumah-lingkungan		
3	61	Zu Hause	Lernwortschatz	phrase	der Flur	der Flur	RECLASSIFY_AS_WORD	Nomina berartikel salah terklasifikasi sebagai frasa akibat heuristik inventaris; perlakukan sebagai kata dan tambahkan jamak jika relevan.	Goethe A1 Wortliste; Deutsche Welle Nicos Weg A1	ADD_TO_NEW_DECK			de-id-a1-frasa-rumah-lingkungan		
3	61	Zu Hause	Lernwortschatz	phrase	der Balkon	der Balkon	RECLASSIFY_AS_WORD	Nomina berartikel salah terklasifikasi sebagai frasa akibat heuristik inventaris; perlakukan sebagai kata dan tambahkan jamak jika relevan.	Goethe A1 Wortliste; Deutsche Welle Nicos Weg A1	ADD_TO_NEW_DECK			de-id-a1-frasa-rumah-lingkungan		
3	61	Zu Hause	Lernwortschatz	phrase	der Garten	der Garten	RECLASSIFY_AS_WORD	Nomina berartikel salah terklasifikasi sebagai frasa akibat heuristik inventaris; perlakukan sebagai kata dan tambahkan jamak jika relevan.	Goethe A1 Wortliste; Deutsche Welle Nicos Weg A1	ADD_TO_NEW_DECK			de-id-a1-frasa-rumah-lingkungan		
3	61	Zu Hause	Lernwortschatz	phrase	das Dach	das Dach	RECLASSIFY_AS_WORD	Nomina berartikel salah terklasifikasi sebagai frasa akibat heuristik inventaris; perlakukan sebagai kata dan tambahkan jamak jika relevan.	Goethe A1 Wortliste; Deutsche Welle Nicos Weg A1	ADD_TO_NEW_DECK			de-id-a1-frasa-rumah-lingkungan		
3	61	Zu Hause	Lernwortschatz	phrase	der Keller	der Keller	RECLASSIFY_AS_WORD	Nomina berartikel salah terklasifikasi sebagai frasa akibat heuristik inventaris; perlakukan sebagai kata dan tambahkan jamak jika relevan.	Goethe A1 Wortliste; Deutsche Welle Nicos Weg A1	ADD_TO_NEW_DECK			de-id-a1-frasa-rumah-lingkungan		
3	61	Möbel und Geräte	Lernwortschatz	phrase	das Sofa	das Sofa	RECLASSIFY_AS_WORD	Nomina berartikel salah terklasifikasi sebagai frasa akibat heuristik inventaris; perlakukan sebagai kata dan tambahkan jamak jika relevan.	Goethe A1 Wortliste; Deutsche Welle Nicos Weg A1	ADD_TO_NEW_DECK			de-id-a1-frasa-rumah-lingkungan		
3	61	Möbel und Geräte	Lernwortschatz	phrase	der Tisch	der Tisch	RECLASSIFY_AS_WORD	Nomina berartikel salah terklasifikasi sebagai frasa akibat heuristik inventaris; perlakukan sebagai kata dan tambahkan jamak jika relevan.	Goethe A1 Wortliste; Deutsche Welle Nicos Weg A1	ADD_TO_NEW_DECK			de-id-a1-frasa-rumah-lingkungan		
3	61	Möbel und Geräte	Lernwortschatz	phrase	der Schreibtisch	der Schreibtisch	RECLASSIFY_AS_WORD	Nomina berartikel salah terklasifikasi sebagai frasa akibat heuristik inventaris; perlakukan sebagai kata dan tambahkan jamak jika relevan.	Goethe A1 Wortliste; Deutsche Welle Nicos Weg A1	ADD_TO_NEW_DECK			de-id-a1-frasa-rumah-lingkungan		
3	61	Möbel und Geräte	Lernwortschatz	phrase	der Stuhl	der Stuhl	RECLASSIFY_AS_WORD	Nomina berartikel salah terklasifikasi sebagai frasa akibat heuristik inventaris; perlakukan sebagai kata dan tambahkan jamak jika relevan.	Goethe A1 Wortliste; Deutsche Welle Nicos Weg A1	ADD_TO_NEW_DECK			de-id-a1-frasa-rumah-lingkungan		
3	61	Möbel und Geräte	Lernwortschatz	phrase	der Schrank	der Schrank	RECLASSIFY_AS_WORD	Nomina berartikel salah terklasifikasi sebagai frasa akibat heuristik inventaris; perlakukan sebagai kata dan tambahkan jamak jika relevan.	Goethe A1 Wortliste; Deutsche Welle Nicos Weg A1	ADD_TO_NEW_DECK			de-id-a1-frasa-rumah-lingkungan		
3	61	Möbel und Geräte	Lernwortschatz	phrase	das Regal	das Regal	RECLASSIFY_AS_WORD	Nomina berartikel salah terklasifikasi sebagai frasa akibat heuristik inventaris; perlakukan sebagai kata dan tambahkan jamak jika relevan.	Goethe A1 Wortliste; Deutsche Welle Nicos Weg A1	ADD_TO_NEW_DECK			de-id-a1-frasa-rumah-lingkungan		
3	61	Möbel und Geräte	Lernwortschatz	phrase	der Nachttisch	der Nachttisch	RECLASSIFY_AS_WORD	Nomina berartikel salah terklasifikasi sebagai frasa akibat heuristik inventaris; perlakukan sebagai kata dan tambahkan jamak jika relevan.	Goethe A1 Wortliste; Deutsche Welle Nicos Weg A1	ADD_TO_NEW_DECK			de-id-a1-frasa-rumah-lingkungan		
3	61	Möbel und Geräte	Lernwortschatz	phrase	der Spiegel	der Spiegel	RECLASSIFY_AS_WORD	Nomina berartikel salah terklasifikasi sebagai frasa akibat heuristik inventaris; perlakukan sebagai kata dan tambahkan jamak jika relevan.	Goethe A1 Wortliste; Deutsche Welle Nicos Weg A1	ADD_TO_NEW_DECK			de-id-a1-frasa-rumah-lingkungan		
3	61	Möbel und Geräte	Lernwortschatz	phrase	der Herd	der Herd	RECLASSIFY_AS_WORD	Nomina berartikel salah terklasifikasi sebagai frasa akibat heuristik inventaris; perlakukan sebagai kata dan tambahkan jamak jika relevan.	Goethe A1 Wortliste; Deutsche Welle Nicos Weg A1	ADD_TO_NEW_DECK			de-id-a1-frasa-rumah-lingkungan		
3	61	Möbel und Geräte	Lernwortschatz	phrase	der Kühlschrank	der Kühlschrank	RECLASSIFY_AS_WORD	Nomina berartikel salah terklasifikasi sebagai frasa akibat heuristik inventaris; perlakukan sebagai kata dan tambahkan jamak jika relevan.	Goethe A1 Wortliste; Deutsche Welle Nicos Weg A1	ADD_TO_NEW_DECK			de-id-a1-frasa-rumah-lingkungan		
3	61	Möbel und Geräte	Lernwortschatz	phrase	die Mikrowelle	die Mikrowelle	RECLASSIFY_AS_WORD	Nomina berartikel salah terklasifikasi sebagai frasa akibat heuristik inventaris; perlakukan sebagai kata dan tambahkan jamak jika relevan.	Goethe A1 Wortliste; Deutsche Welle Nicos Weg A1	ADD_TO_NEW_DECK			de-id-a1-frasa-rumah-lingkungan		
3	61	Möbel und Geräte	Lernwortschatz	phrase	der Fernseher	der Fernseher	RECLASSIFY_AS_WORD	Nomina berartikel salah terklasifikasi sebagai frasa akibat heuristik inventaris; perlakukan sebagai kata dan tambahkan jamak jika relevan.	Goethe A1 Wortliste; Deutsche Welle Nicos Weg A1	ADD_TO_NEW_DECK			de-id-a1-frasa-rumah-lingkungan		
3	61	Möbel und Geräte	Lernwortschatz	phrase	die Lampe	die Lampe	RECLASSIFY_AS_WORD	Nomina berartikel salah terklasifikasi sebagai frasa akibat heuristik inventaris; perlakukan sebagai kata dan tambahkan jamak jika relevan.	Goethe A1 Wortliste; Deutsche Welle Nicos Weg A1	ADD_TO_NEW_DECK			de-id-a1-frasa-rumah-lingkungan		
3	61	Möbel und Geräte	Lernwortschatz	phrase	der Kamin	der Kamin	RECLASSIFY_AS_WORD	Nomina berartikel salah terklasifikasi sebagai frasa akibat heuristik inventaris; perlakukan sebagai kata dan tambahkan jamak jika relevan.	Goethe A1 Wortliste; Deutsche Welle Nicos Weg A1	ADD_TO_NEW_DECK			de-id-a1-frasa-rumah-lingkungan		
3	61	Wohnformen	Lernwortschatz	phrase	das Reihenhaus	das Reihenhaus	RECLASSIFY_AS_WORD	Nomina berartikel salah terklasifikasi sebagai frasa akibat heuristik inventaris; perlakukan sebagai kata dan tambahkan jamak jika relevan.	Goethe A1 Wortliste; Deutsche Welle Nicos Weg A1	ADD_TO_NEW_DECK			de-id-a1-frasa-rumah-lingkungan		
3	61	Wohnformen	Lernwortschatz	phrase	das Bauernhaus	das Bauernhaus	RECLASSIFY_AS_WORD	Nomina berartikel salah terklasifikasi sebagai frasa akibat heuristik inventaris; perlakukan sebagai kata dan tambahkan jamak jika relevan.	Goethe A1 Wortliste; Deutsche Welle Nicos Weg A1	ADD_TO_NEW_DECK			de-id-a1-frasa-rumah-lingkungan		
3	61	Wohnformen	Lernwortschatz	phrase	das Loft	das Loft	RECLASSIFY_AS_WORD	Nomina berartikel salah terklasifikasi sebagai frasa akibat heuristik inventaris; perlakukan sebagai kata dan tambahkan jamak jika relevan.	Goethe A1 Wortliste; Deutsche Welle Nicos Weg A1	ADD_TO_NEW_DECK			de-id-a1-frasa-rumah-lingkungan		
3	61	Wohnformen	Lernwortschatz	phrase	das Hochhaus	das Hochhaus	RECLASSIFY_AS_WORD	Nomina berartikel salah terklasifikasi sebagai frasa akibat heuristik inventaris; perlakukan sebagai kata dan tambahkan jamak jika relevan.	Goethe A1 Wortliste; Deutsche Welle Nicos Weg A1	ADD_TO_NEW_DECK			de-id-a1-frasa-rumah-lingkungan		
3	61	Wohnformen	Lernwortschatz	phrase	das Mehrfamilienhaus	das Mehrfamilienhaus	RECLASSIFY_AS_WORD	Nomina berartikel salah terklasifikasi sebagai frasa akibat heuristik inventaris; perlakukan sebagai kata dan tambahkan jamak jika relevan.	Goethe A1 Wortliste; Deutsche Welle Nicos Weg A1	ADD_TO_NEW_DECK			de-id-a1-frasa-rumah-lingkungan		
3	61	Wohnformen	Lernwortschatz	phrase	das Studentenwohnheim	das Studentenwohnheim	RECLASSIFY_AS_WORD	Nomina berartikel salah terklasifikasi sebagai frasa akibat heuristik inventaris; perlakukan sebagai kata dan tambahkan jamak jika relevan.	Goethe A1 Wortliste; Deutsche Welle Nicos Weg A1	ADD_TO_NEW_DECK			de-id-a1-frasa-rumah-lingkungan		
3	61	Präpositionen	Lernwortschatz	word	in	in	VERIFY_BEFORE_ADD		Goethe A1 Wortliste; Duden/DWDS	ADD_TO_EXISTING_DECK			de-id-a1-kata-rumah-diri		
3	61	Präpositionen	Lernwortschatz	word	auf	auf	VERIFY_BEFORE_ADD		Goethe A1 Wortliste; Duden/DWDS	ADD_TO_EXISTING_DECK			de-id-a1-kata-rumah-diri		
3	61	Präpositionen	Lernwortschatz	word	hinter	hinter	VERIFY_BEFORE_ADD		Goethe A1 Wortliste; Duden/DWDS	ADD_TO_EXISTING_DECK			de-id-a1-kata-rumah-diri		
3	61	Präpositionen	Lernwortschatz	word	durch	durch	VERIFY_BEFORE_ADD		Goethe A1 Wortliste; Duden/DWDS	ADD_TO_EXISTING_DECK			de-id-a1-kata-rumah-diri		
3	61	Präpositionen	Lernwortschatz	word	über	über	VERIFY_BEFORE_ADD		Goethe A1 Wortliste; Duden/DWDS	ADD_TO_EXISTING_DECK			de-id-a1-kata-rumah-diri		
3	61	Umgebung	Lernwortschatz	phrase	der Park	der Park	RECLASSIFY_AS_WORD	Nomina berartikel salah terklasifikasi sebagai frasa akibat heuristik inventaris; perlakukan sebagai kata dan tambahkan jamak jika relevan.	Goethe A1 Wortliste; Deutsche Welle Nicos Weg A1	ADD_TO_NEW_DECK			de-id-a1-frasa-rumah-lingkungan		
3	61	Umgebung	Lernwortschatz	phrase	der Spielplatz	der Spielplatz	RECLASSIFY_AS_WORD	Nomina berartikel salah terklasifikasi sebagai frasa akibat heuristik inventaris; perlakukan sebagai kata dan tambahkan jamak jika relevan.	Goethe A1 Wortliste; Deutsche Welle Nicos Weg A1	ADD_TO_NEW_DECK			de-id-a1-frasa-rumah-lingkungan		
3	61	Umgebung	Lernwortschatz	phrase	die Straße	die Straße	RECLASSIFY_AS_WORD	Nomina berartikel salah terklasifikasi sebagai frasa akibat heuristik inventaris; perlakukan sebagai kata dan tambahkan jamak jika relevan.	Goethe A1 Wortliste; Deutsche Welle Nicos Weg A1	ADD_TO_NEW_DECK			de-id-a1-frasa-rumah-lingkungan	REPEATED_IN_BOOK	
3	61	Umgebung	Lernwortschatz	phrase	die Ecke	die Ecke	RECLASSIFY_AS_WORD	Nomina berartikel salah terklasifikasi sebagai frasa akibat heuristik inventaris; perlakukan sebagai kata dan tambahkan jamak jika relevan.	Goethe A1 Wortliste; Deutsche Welle Nicos Weg A1	ADD_TO_NEW_DECK			de-id-a1-frasa-rumah-lingkungan	REPEATED_IN_BOOK	
3	61	Umgebung	Lernwortschatz	phrase	das Café	das Café	RECLASSIFY_AS_WORD	Nomina berartikel salah terklasifikasi sebagai frasa akibat heuristik inventaris; perlakukan sebagai kata dan tambahkan jamak jika relevan.	Goethe A1 Wortliste; Deutsche Welle Nicos Weg A1	ADD_TO_NEW_DECK			de-id-a1-frasa-rumah-lingkungan	REPEATED_IN_BOOK	
3	61	Umgebung	Lernwortschatz	phrase	der Supermarkt	der Supermarkt	MERGE_BOOK_DUPLICATE	Gabungkan dengan rekaman sumber pertama baris data 121.	Goethe A1 Wortliste; Deutsche Welle Nicos Weg A1	ADD_TO_NEW_DECK			de-id-a1-frasa-rumah-lingkungan	REPEATED_IN_BOOK	
3	61	Umgebung	Lernwortschatz	phrase	die Bäckerei	die Bäckerei	RECLASSIFY_AS_WORD	Nomina berartikel salah terklasifikasi sebagai frasa akibat heuristik inventaris; perlakukan sebagai kata dan tambahkan jamak jika relevan.	Goethe A1 Wortliste; Deutsche Welle Nicos Weg A1	ADD_TO_NEW_DECK			de-id-a1-frasa-rumah-lingkungan	REPEATED_IN_BOOK	
3	61	Umgebung	Lernwortschatz	phrase	die Post	die Post	RECLASSIFY_AS_WORD	Nomina berartikel salah terklasifikasi sebagai frasa akibat heuristik inventaris; perlakukan sebagai kata dan tambahkan jamak jika relevan.	Goethe A1 Wortliste; Deutsche Welle Nicos Weg A1	ADD_TO_NEW_DECK			de-id-a1-frasa-rumah-lingkungan	REPEATED_IN_BOOK	
3	61	Umgebung	Lernwortschatz	phrase	der Fluss	der Fluss	RECLASSIFY_AS_WORD	Nomina berartikel salah terklasifikasi sebagai frasa akibat heuristik inventaris; perlakukan sebagai kata dan tambahkan jamak jika relevan.	Goethe A1 Wortliste; Deutsche Welle Nicos Weg A1	ADD_TO_NEW_DECK			de-id-a1-frasa-rumah-lingkungan	REPEATED_IN_BOOK	
3	61	Umgebung	Lernwortschatz	phrase	der Markt	der Markt	RECLASSIFY_AS_WORD	Nomina berartikel salah terklasifikasi sebagai frasa akibat heuristik inventaris; perlakukan sebagai kata dan tambahkan jamak jika relevan.	Goethe A1 Wortliste; Deutsche Welle Nicos Weg A1	ADD_TO_NEW_DECK			de-id-a1-frasa-rumah-lingkungan		
3	61	Umgebung	Lernwortschatz	phrase	das Gebäude	das Gebäude	RECLASSIFY_AS_WORD	Nomina berartikel salah terklasifikasi sebagai frasa akibat heuristik inventaris; perlakukan sebagai kata dan tambahkan jamak jika relevan.	Goethe A1 Wortliste; Deutsche Welle Nicos Weg A1	ADD_TO_NEW_DECK			de-id-a1-frasa-rumah-lingkungan		
3	61	Umgebung	Lernwortschatz	phrase	die Nachbarschaft	die Nachbarschaft	RECLASSIFY_AS_WORD	Nomina berartikel salah terklasifikasi sebagai frasa akibat heuristik inventaris; perlakukan sebagai kata dan tambahkan jamak jika relevan.	Goethe A1 Wortliste; Deutsche Welle Nicos Weg A1	ADD_TO_NEW_DECK			de-id-a1-frasa-rumah-lingkungan		
3	61	Umgebung	Lernwortschatz	phrase	das Viertel	das Viertel	RECLASSIFY_AS_WORD	Nomina berartikel salah terklasifikasi sebagai frasa akibat heuristik inventaris; perlakukan sebagai kata dan tambahkan jamak jika relevan.	Goethe A1 Wortliste; Deutsche Welle Nicos Weg A1	ADD_TO_NEW_DECK			de-id-a1-frasa-rumah-lingkungan		
3	61	Sonstige Verben	Lernwortschatz	word	sehen	sehen	VERIFY_BEFORE_ADD		Goethe A1 Wortliste; Duden/DWDS	ADD_TO_EXISTING_DECK			de-id-a1-kata-rumah-diri	NEEDS_EDITORIAL_REVIEW	Sumber menulis hängen (Bewegung); bentuk transitif/posisi perlu diverifikasi pada tahap editorial
3	61	Sonstige Verben	Lernwortschatz	word	lesen	lesen	MERGE_BOOK_DUPLICATE	Gabungkan dengan rekaman sumber pertama baris data 97.	Goethe A1 Wortliste; Duden/DWDS	EXACT_SOURCE_MATCH	de-id-a1-kata-hobi	lesen	de-id-a1-kata-rumah-diri	REPEATED_IN_BOOK|NEEDS_EDITORIAL_REVIEW	Sumber menulis hängen (Bewegung); bentuk transitif/posisi perlu diverifikasi pada tahap editorial
3	61	Sonstige Verben	Lernwortschatz	word	treffen	treffen	VERIFY_BEFORE_ADD		Goethe A1 Wortliste; Duden/DWDS	ADD_TO_EXISTING_DECK			de-id-a1-kata-rumah-diri	REPEATED_IN_BOOK|NEEDS_EDITORIAL_REVIEW	Sumber menulis hängen (Bewegung); bentuk transitif/posisi perlu diverifikasi pada tahap editorial
3	61	Sonstige Verben	Lernwortschatz	word	finden	finden	KEEP_EXISTING	Bentuk Jerman dan kategori telah tersedia; bandingkan arti Indonesia saat implementasi, jangan menambah kartu baru.	Goethe A1 Wortliste; Duden/DWDS	EXACT_SOURCE_MATCH	de-id-a1-kata-inti	finden	de-id-a1-kata-rumah-diri	NEEDS_EDITORIAL_REVIEW	Sumber menulis hängen (Bewegung); bentuk transitif/posisi perlu diverifikasi pada tahap editorial
3	61	Sonstige Verben	Lernwortschatz	word	kennen	kennen	VERIFY_BEFORE_ADD		Goethe A1 Wortliste; Duden/DWDS	ADD_TO_EXISTING_DECK			de-id-a1-kata-rumah-diri	NEEDS_EDITORIAL_REVIEW	Sumber menulis hängen (Bewegung); bentuk transitif/posisi perlu diverifikasi pada tahap editorial
3	61	Sonstige Verben	Lernwortschatz	word	bringen	bringen	VERIFY_BEFORE_ADD		Goethe A1 Wortliste; Duden/DWDS	ADD_TO_EXISTING_DECK			de-id-a1-kata-rumah-diri	NEEDS_EDITORIAL_REVIEW	Sumber menulis hängen (Bewegung); bentuk transitif/posisi perlu diverifikasi pada tahap editorial
3	61	Sonstige Verben	Lernwortschatz	word	sein	sein	VERIFY_BEFORE_ADD		Goethe A1 Wortliste; Duden/DWDS	ADD_TO_EXISTING_DECK			de-id-a1-kata-rumah-diri	NEEDS_EDITORIAL_REVIEW	Sumber menulis hängen (Bewegung); bentuk transitif/posisi perlu diverifikasi pada tahap editorial
3	61	Sonstige Verben	Lernwortschatz	word	haben	haben	VERIFY_BEFORE_ADD		Goethe A1 Wortliste; Duden/DWDS	ADD_TO_EXISTING_DECK			de-id-a1-kata-rumah-diri	NEEDS_EDITORIAL_REVIEW	Sumber menulis hängen (Bewegung); bentuk transitif/posisi perlu diverifikasi pada tahap editorial
3	61	Sonstige Verben	Lernwortschatz	phrase	hängen (Bewegung)	hängen	REVIEW_USAGE	Jangan jadikan label “(Bewegung)” sebagai kartu. Bedakan hängen sebagai verba transitif “menggantungkan” dan hängen sebagai keadaan “tergantung” melalui contoh.	Duden/DWDS	ADD_TO_NEW_DECK			de-id-a1-frasa-rumah-lingkungan	NEEDS_EDITORIAL_REVIEW	Sumber menulis hängen (Bewegung); bentuk transitif/posisi perlu diverifikasi pada tahap editorial
4	95	Familie	Lernwortschatz	phrase	die Familie	die Familie	RECLASSIFY_AS_WORD	Nomina berartikel salah terklasifikasi sebagai frasa akibat heuristik inventaris; perlakukan sebagai kata dan tambahkan jamak jika relevan.	Goethe A1 Wortliste; Deutsche Welle Nicos Weg A1	ADD_TO_NEW_DECK			de-id-a1-frasa-keluarga-orang	REPEATED_IN_BOOK	
4	95	Familie	Lernwortschatz	phrase	die Eltern	die Eltern	RECLASSIFY_AS_WORD	Nomina berartikel salah terklasifikasi sebagai frasa akibat heuristik inventaris; perlakukan sebagai kata dan tambahkan jamak jika relevan.	Goethe A1 Wortliste; Deutsche Welle Nicos Weg A1	ADD_TO_NEW_DECK			de-id-a1-frasa-keluarga-orang		
4	95	Familie	Lernwortschatz	phrase	der Vater	der Vater	RECLASSIFY_AS_WORD	Nomina berartikel salah terklasifikasi sebagai frasa akibat heuristik inventaris; perlakukan sebagai kata dan tambahkan jamak jika relevan.	Goethe A1 Wortliste; Deutsche Welle Nicos Weg A1	ADD_TO_NEW_DECK			de-id-a1-frasa-keluarga-orang	REPEATED_IN_BOOK	
4	95	Familie	Lernwortschatz	phrase	die Mutter	die Mutter	RECLASSIFY_AS_WORD	Nomina berartikel salah terklasifikasi sebagai frasa akibat heuristik inventaris; perlakukan sebagai kata dan tambahkan jamak jika relevan.	Goethe A1 Wortliste; Deutsche Welle Nicos Weg A1	ADD_TO_NEW_DECK			de-id-a1-frasa-keluarga-orang	REPEATED_IN_BOOK	
4	95	Familie	Lernwortschatz	phrase	der Sohn	der Sohn	RECLASSIFY_AS_WORD	Nomina berartikel salah terklasifikasi sebagai frasa akibat heuristik inventaris; perlakukan sebagai kata dan tambahkan jamak jika relevan.	Goethe A1 Wortliste; Deutsche Welle Nicos Weg A1	ADD_TO_NEW_DECK			de-id-a1-frasa-keluarga-orang		
4	95	Familie	Lernwortschatz	phrase	die Tochter	die Tochter	RECLASSIFY_AS_WORD	Nomina berartikel salah terklasifikasi sebagai frasa akibat heuristik inventaris; perlakukan sebagai kata dan tambahkan jamak jika relevan.	Goethe A1 Wortliste; Deutsche Welle Nicos Weg A1	ADD_TO_NEW_DECK			de-id-a1-frasa-keluarga-orang		
4	95	Familie	Lernwortschatz	phrase	der Bruder	der Bruder	RECLASSIFY_AS_WORD	Nomina berartikel salah terklasifikasi sebagai frasa akibat heuristik inventaris; perlakukan sebagai kata dan tambahkan jamak jika relevan.	Goethe A1 Wortliste; Deutsche Welle Nicos Weg A1	ADD_TO_NEW_DECK			de-id-a1-frasa-keluarga-orang		
4	95	Familie	Lernwortschatz	phrase	die Schwester	die Schwester	RECLASSIFY_AS_WORD	Nomina berartikel salah terklasifikasi sebagai frasa akibat heuristik inventaris; perlakukan sebagai kata dan tambahkan jamak jika relevan.	Goethe A1 Wortliste; Deutsche Welle Nicos Weg A1	ADD_TO_NEW_DECK			de-id-a1-frasa-keluarga-orang	REPEATED_IN_BOOK	
4	95	Familie	Lernwortschatz	phrase	der Onkel	der Onkel	RECLASSIFY_AS_WORD	Nomina berartikel salah terklasifikasi sebagai frasa akibat heuristik inventaris; perlakukan sebagai kata dan tambahkan jamak jika relevan.	Goethe A1 Wortliste; Deutsche Welle Nicos Weg A1	ADD_TO_NEW_DECK			de-id-a1-frasa-keluarga-orang		
4	95	Familie	Lernwortschatz	phrase	die Tante	die Tante	RECLASSIFY_AS_WORD	Nomina berartikel salah terklasifikasi sebagai frasa akibat heuristik inventaris; perlakukan sebagai kata dan tambahkan jamak jika relevan.	Goethe A1 Wortliste; Deutsche Welle Nicos Weg A1	ADD_TO_NEW_DECK			de-id-a1-frasa-keluarga-orang		
4	95	Familie	Lernwortschatz	phrase	der Cousin	der Cousin	RECLASSIFY_AS_WORD	Nomina berartikel salah terklasifikasi sebagai frasa akibat heuristik inventaris; perlakukan sebagai kata dan tambahkan jamak jika relevan.	Goethe A1 Wortliste; Deutsche Welle Nicos Weg A1	ADD_TO_NEW_DECK			de-id-a1-frasa-keluarga-orang		
4	95	Familie	Lernwortschatz	phrase	die Cousine	die Cousine	RECLASSIFY_AS_WORD	Nomina berartikel salah terklasifikasi sebagai frasa akibat heuristik inventaris; perlakukan sebagai kata dan tambahkan jamak jika relevan.	Goethe A1 Wortliste; Deutsche Welle Nicos Weg A1	ADD_TO_NEW_DECK			de-id-a1-frasa-keluarga-orang		
4	95	Familie	Lernwortschatz	phrase	der Opa	der Opa	RECLASSIFY_AS_WORD	Nomina berartikel salah terklasifikasi sebagai frasa akibat heuristik inventaris; perlakukan sebagai kata dan tambahkan jamak jika relevan.	Goethe A1 Wortliste; Deutsche Welle Nicos Weg A1	ADD_TO_NEW_DECK			de-id-a1-frasa-keluarga-orang		
4	95	Familie	Lernwortschatz	phrase	die Oma	die Oma	RECLASSIFY_AS_WORD	Nomina berartikel salah terklasifikasi sebagai frasa akibat heuristik inventaris; perlakukan sebagai kata dan tambahkan jamak jika relevan.	Goethe A1 Wortliste; Deutsche Welle Nicos Weg A1	ADD_TO_NEW_DECK			de-id-a1-frasa-keluarga-orang		
4	95	Familie	Lernwortschatz	phrase	das Baby	das Baby	RECLASSIFY_AS_WORD	Nomina berartikel salah terklasifikasi sebagai frasa akibat heuristik inventaris; perlakukan sebagai kata dan tambahkan jamak jika relevan.	Goethe A1 Wortliste; Deutsche Welle Nicos Weg A1	ADD_TO_NEW_DECK			de-id-a1-frasa-keluarga-orang		
4	95	Familie	Lernwortschatz	phrase	die Zwillinge	die Zwillinge	RECLASSIFY_AS_WORD	Nomina berartikel salah terklasifikasi sebagai frasa akibat heuristik inventaris; perlakukan sebagai kata dan tambahkan jamak jika relevan.	Goethe A1 Wortliste; Deutsche Welle Nicos Weg A1	ADD_TO_NEW_DECK			de-id-a1-frasa-keluarga-orang		
4	95	Familie	Lernwortschatz	phrase	das Kind	das Kind	RECLASSIFY_AS_WORD	Nomina berartikel salah terklasifikasi sebagai frasa akibat heuristik inventaris; perlakukan sebagai kata dan tambahkan jamak jika relevan.	Goethe A1 Wortliste; Deutsche Welle Nicos Weg A1	ADD_TO_NEW_DECK			de-id-a1-frasa-keluarga-orang		
4	95	Familie	Lernwortschatz	phrase	die Geschwister	die Geschwister	RECLASSIFY_AS_WORD	Nomina berartikel salah terklasifikasi sebagai frasa akibat heuristik inventaris; perlakukan sebagai kata dan tambahkan jamak jika relevan.	Goethe A1 Wortliste; Deutsche Welle Nicos Weg A1	ADD_TO_NEW_DECK			de-id-a1-frasa-keluarga-orang		
4	95	Aktivitäten	Lernwortschatz	word	spielen	spielen	MERGE_BOOK_DUPLICATE	Gabungkan dengan rekaman sumber pertama baris data 99.	Goethe A1 Wortliste; Duden/DWDS	EXACT_SOURCE_MATCH	de-id-a1-kata-hobi	spielen	de-id-a1-kata-identitaet-familie	REPEATED_IN_BOOK	
4	95	Aktivitäten	Lernwortschatz	phrase	Musik hören	Musik hören	VERIFY_BEFORE_ADD		Goethe A1 Wortliste; Deutsche Welle Nicos Weg A1	ADD_TO_NEW_DECK			de-id-a1-frasa-keluarga-orang	REPEATED_IN_BOOK	
4	95	Aktivitäten	Lernwortschatz	word	tanzen	tanzen	KEEP_EXISTING	Bentuk Jerman dan kategori telah tersedia; bandingkan arti Indonesia saat implementasi, jangan menambah kartu baru.	Goethe A1 Wortliste; Duden/DWDS	EXACT_SOURCE_MATCH	de-id-a1-kata-hobi	tanzen	de-id-a1-kata-identitaet-familie		
4	95	Aktivitäten	Lernwortschatz	word	singen	singen	KEEP_EXISTING	Bentuk Jerman dan kategori telah tersedia; bandingkan arti Indonesia saat implementasi, jangan menambah kartu baru.	Goethe A1 Wortliste; Duden/DWDS	EXACT_SOURCE_MATCH	de-id-a1-kata-hobi	singen	de-id-a1-kata-identitaet-familie		
4	95	Aktivitäten	Lernwortschatz	phrase	Filme sehen	Filme sehen	VERIFY_BEFORE_ADD		Goethe A1 Wortliste; Deutsche Welle Nicos Weg A1	ADD_TO_NEW_DECK			de-id-a1-frasa-keluarga-orang		
4	95	Aktivitäten	Lernwortschatz	phrase	Fotos machen	Fotos machen	VERIFY_BEFORE_ADD		Goethe A1 Wortliste; Deutsche Welle Nicos Weg A1	ADD_TO_NEW_DECK			de-id-a1-frasa-keluarga-orang		
4	95	Aktivitäten	Lernwortschatz	word	telefonieren	telefonieren	MERGE_BOOK_DUPLICATE	Gabungkan dengan rekaman sumber pertama baris data 101.	Goethe A1 Wortliste; Duden/DWDS	ADD_TO_NEW_DECK			de-id-a1-kata-identitaet-familie	REPEATED_IN_BOOK	
4	95	Aktivitäten	Lernwortschatz	phrase	spazieren gehen	spazieren gehen	VERIFY_BEFORE_ADD		Goethe A1 Wortliste; Deutsche Welle Nicos Weg A1	ADD_TO_NEW_DECK			de-id-a1-frasa-keluarga-orang		
4	95	Aktivitäten	Lernwortschatz	phrase	Picknick machen	Picknick machen	VERIFY_BEFORE_ADD		Goethe A1 Wortliste; Deutsche Welle Nicos Weg A1	ADD_TO_NEW_DECK			de-id-a1-frasa-keluarga-orang		
4	95	Aktivitäten	Lernwortschatz	word	wandern	wandern	KEEP_EXISTING	Bentuk Jerman dan kategori telah tersedia; bandingkan arti Indonesia saat implementasi, jangan menambah kartu baru.	Goethe A1 Wortliste; Duden/DWDS	EXACT_SOURCE_MATCH	de-id-a1-kata-hobi	wandern	de-id-a1-kata-identitaet-familie		
4	95	Aktivitäten	Lernwortschatz	word	klettern	klettern	VERIFY_BEFORE_ADD		Goethe A1 Wortliste; Duden/DWDS	ADD_TO_NEW_DECK			de-id-a1-kata-identitaet-familie		
4	95	Aktivitäten	Lernwortschatz	word	feiern	feiern	MERGE_BOOK_DUPLICATE	Gabungkan dengan rekaman sumber pertama baris data 104.	Goethe A1 Wortliste; Duden/DWDS	ADD_TO_NEW_DECK			de-id-a1-kata-identitaet-familie	REPEATED_IN_BOOK	
4	95	Aktivitäten	Lernwortschatz	word	kochen	kochen	KEEP_EXISTING	Bentuk Jerman dan kategori telah tersedia; bandingkan arti Indonesia saat implementasi, jangan menambah kartu baru.	Goethe A1 Wortliste; Duden/DWDS	EXACT_SOURCE_MATCH	de-id-a1-kata-profesi	kochen	de-id-a1-kata-identitaet-familie	REPEATED_IN_BOOK	
4	95	Aktivitäten	Lernwortschatz	word	grillen	grillen	VERIFY_BEFORE_ADD		Goethe A1 Wortliste; Duden/DWDS	ADD_TO_NEW_DECK			de-id-a1-kata-identitaet-familie	REPEATED_IN_BOOK	
4	95	Aktivitäten	Lernwortschatz	phrase	Ski fahren	Ski fahren	VERIFY_BEFORE_ADD		Goethe A1 Wortliste; Deutsche Welle Nicos Weg A1	ADD_TO_NEW_DECK			de-id-a1-frasa-keluarga-orang		
4	95	Aktivitäten	Lernwortschatz	phrase	Schlittschuh laufen	Schlittschuh laufen	VERIFY_BEFORE_ADD		Goethe A1 Wortliste; Deutsche Welle Nicos Weg A1	ADD_TO_NEW_DECK			de-id-a1-frasa-keluarga-orang		
4	95	Aktivitäten	Lernwortschatz	phrase	Fahrrad fahren	Fahrrad fahren	VERIFY_BEFORE_ADD		Goethe A1 Wortliste; Deutsche Welle Nicos Weg A1	ADD_TO_NEW_DECK			de-id-a1-frasa-keluarga-orang		
4	95	Aktivitäten	Lernwortschatz	word	helfen	helfen	KEEP_EXISTING	Bentuk Jerman dan kategori telah tersedia; bandingkan arti Indonesia saat implementasi, jangan menambah kartu baru.	Goethe A1 Wortliste; Duden/DWDS	EXACT_SOURCE_MATCH	de-id-a1-kata-inti	helfen	de-id-a1-kata-identitaet-familie	REPEATED_IN_BOOK	
4	95	Aktivitäten	Lernwortschatz	word	lernen	lernen	MERGE_BOOK_DUPLICATE	Gabungkan dengan rekaman sumber pertama baris data 96.	Goethe A1 Wortliste; Duden/DWDS	EXACT_SOURCE_MATCH	de-id-a1-kata-inti	lernen	de-id-a1-kata-identitaet-familie	REPEATED_IN_BOOK	
4	95	Aktivitäten	Lernwortschatz	word	reisen	reisen	REVIEW_EXISTING_VARIANT	Bandingkan bentuk dan fungsi dengan materi katalog yang ditemukan; gabungkan jika maknanya sama.	Goethe A1 Wortliste; Duden/DWDS	HEADWORD_OR_VARIANT_MATCH	de-id-a1-kata-transportasi-layanan	die Reise, die Reisen	de-id-a1-kata-identitaet-familie		
4	95	Aktivitäten	Lernwortschatz	word	essen	essen	MERGE_BOOK_DUPLICATE	Gabungkan dengan rekaman sumber pertama baris data 94.	Goethe A1 Wortliste; Duden/DWDS	EXACT_SOURCE_MATCH	de-id-a1-kata-inti	essen	de-id-a1-kata-identitaet-familie	REPEATED_IN_BOOK	
4	95	Aktivitäten	Lernwortschatz	word	treffen	treffen	MERGE_BOOK_DUPLICATE	Gabungkan dengan rekaman sumber pertama baris data 205.	Goethe A1 Wortliste; Duden/DWDS	ADD_TO_NEW_DECK			de-id-a1-kata-identitaet-familie	REPEATED_IN_BOOK	
4	95	Aktivitäten	Lernwortschatz	word	reden	reden	VERIFY_BEFORE_ADD		Goethe A1 Wortliste; Duden/DWDS	ADD_TO_NEW_DECK			de-id-a1-kata-identitaet-familie		
4	95	Aktivitäten	Lernwortschatz	word	lächeln	lächeln	VERIFY_BEFORE_ADD		Goethe A1 Wortliste; Duden/DWDS	ADD_TO_NEW_DECK			de-id-a1-kata-identitaet-familie		
4	95	Aktivitäten	Lernwortschatz	word	posten	posten	VERIFY_BEFORE_ADD		Goethe A1 Wortliste; Duden/DWDS	ADD_TO_NEW_DECK			de-id-a1-kata-identitaet-familie		
4	95	Aktivitäten	Lernwortschatz	word	besuchen	besuchen	MERGE_BOOK_DUPLICATE	Gabungkan dengan rekaman sumber pertama baris data 102.	Goethe A1 Wortliste; Duden/DWDS	EXACT_SOURCE_MATCH	de-id-a1-kata-hobi	besuchen	de-id-a1-kata-identitaet-familie	REPEATED_IN_BOOK	
4	95	Freunde	Lernwortschatz	phrase	der Freund	der Freund	RECLASSIFY_AS_WORD	Nomina berartikel salah terklasifikasi sebagai frasa akibat heuristik inventaris; perlakukan sebagai kata dan tambahkan jamak jika relevan.	Goethe A1 Wortliste; Deutsche Welle Nicos Weg A1	ADD_TO_NEW_DECK			de-id-a1-frasa-keluarga-orang	REPEATED_IN_BOOK	
4	95	Freunde	Lernwortschatz	phrase	die Freundin	die Freundin	RECLASSIFY_AS_WORD	Nomina berartikel salah terklasifikasi sebagai frasa akibat heuristik inventaris; perlakukan sebagai kata dan tambahkan jamak jika relevan.	Goethe A1 Wortliste; Deutsche Welle Nicos Weg A1	ADD_TO_NEW_DECK			de-id-a1-frasa-keluarga-orang	REPEATED_IN_BOOK	
4	95	Freunde	Lernwortschatz	phrase	die beste Freundin	die beste Freundin	RECLASSIFY_AS_WORD	Nomina berartikel salah terklasifikasi sebagai frasa akibat heuristik inventaris; perlakukan sebagai kata dan tambahkan jamak jika relevan.	Goethe A1 Wortliste; Deutsche Welle Nicos Weg A1	ADD_TO_NEW_DECK			de-id-a1-frasa-keluarga-orang		
4	95	Freunde	Lernwortschatz	phrase	der beste Freund	der beste Freund	RECLASSIFY_AS_WORD	Nomina berartikel salah terklasifikasi sebagai frasa akibat heuristik inventaris; perlakukan sebagai kata dan tambahkan jamak jika relevan.	Goethe A1 Wortliste; Deutsche Welle Nicos Weg A1	ADD_TO_NEW_DECK			de-id-a1-frasa-keluarga-orang		
4	95	Freunde	Lernwortschatz	phrase	die Gruppe	die Gruppe	RECLASSIFY_AS_WORD	Nomina berartikel salah terklasifikasi sebagai frasa akibat heuristik inventaris; perlakukan sebagai kata dan tambahkan jamak jika relevan.	Goethe A1 Wortliste; Deutsche Welle Nicos Weg A1	ADD_TO_NEW_DECK			de-id-a1-frasa-keluarga-orang		
4	95	Freunde	Lernwortschatz	phrase	der Klassenkamerad	der Klassenkamerad	RECLASSIFY_AS_WORD	Nomina berartikel salah terklasifikasi sebagai frasa akibat heuristik inventaris; perlakukan sebagai kata dan tambahkan jamak jika relevan.	Goethe A1 Wortliste; Deutsche Welle Nicos Weg A1	ADD_TO_NEW_DECK			de-id-a1-frasa-keluarga-orang		
4	95	Freunde	Lernwortschatz	phrase	der Besuch	der Besuch	RECLASSIFY_AS_WORD	Nomina berartikel salah terklasifikasi sebagai frasa akibat heuristik inventaris; perlakukan sebagai kata dan tambahkan jamak jika relevan.	Goethe A1 Wortliste; Deutsche Welle Nicos Weg A1	ADD_TO_NEW_DECK			de-id-a1-frasa-keluarga-orang		
4	95	Zeitangaben	Lernwortschatz	phrase	am Wochenende	am Wochenende	MERGE_BOOK_DUPLICATE	Gabungkan dengan rekaman sumber pertama baris data 110.	Goethe A1 Wortliste; Deutsche Welle Nicos Weg A1	EXACT_SOURCE_MATCH	de-id-a1-frasa-sehari-hari	Am Wochenende.	de-id-a1-frasa-keluarga-orang	REPEATED_IN_BOOK	
4	95	Zeitangaben	Lernwortschatz	phrase	jeden Tag	jeden Tag	MERGE_BOOK_DUPLICATE	Gabungkan dengan rekaman sumber pertama baris data 114.	Goethe A1 Wortliste; Deutsche Welle Nicos Weg A1	ADD_TO_NEW_DECK			de-id-a1-frasa-keluarga-orang	REPEATED_IN_BOOK	
4	95	Zeitangaben	Lernwortschatz	word	morgens	morgens	MERGE_BOOK_DUPLICATE	Gabungkan dengan rekaman sumber pertama baris data 106.	Goethe A1 Wortliste; Duden/DWDS	ADD_TO_NEW_DECK			de-id-a1-kata-identitaet-familie	REPEATED_IN_BOOK	
4	95	Zeitangaben	Lernwortschatz	word	mittags	mittags	VERIFY_BEFORE_ADD		Goethe A1 Wortliste; Duden/DWDS	ADD_TO_NEW_DECK			de-id-a1-kata-identitaet-familie	REPEATED_IN_BOOK	
4	95	Zeitangaben	Lernwortschatz	word	abends	abends	MERGE_BOOK_DUPLICATE	Gabungkan dengan rekaman sumber pertama baris data 107.	Goethe A1 Wortliste; Duden/DWDS	ADD_TO_NEW_DECK			de-id-a1-kata-identitaet-familie	REPEATED_IN_BOOK	
4	95	Zeitangaben	Lernwortschatz	word	früh	früh	VERIFY_BEFORE_ADD		Goethe A1 Wortliste; Duden/DWDS	ADD_TO_NEW_DECK			de-id-a1-kata-identitaet-familie		
4	95	Zeitangaben	Lernwortschatz	word	spät	spät	VERIFY_BEFORE_ADD		Goethe A1 Wortliste; Duden/DWDS	ADD_TO_NEW_DECK			de-id-a1-kata-identitaet-familie	REPEATED_IN_BOOK	
4	95	Zeitangaben	Lernwortschatz	word	manchmal	manchmal	VERIFY_BEFORE_ADD		Goethe A1 Wortliste; Duden/DWDS	ADD_TO_NEW_DECK			de-id-a1-kata-identitaet-familie	REPEATED_IN_BOOK	
4	95	Zeitangaben	Lernwortschatz	word	oft	oft	VERIFY_BEFORE_ADD		Goethe A1 Wortliste; Duden/DWDS	ADD_TO_NEW_DECK			de-id-a1-kata-identitaet-familie	REPEATED_IN_BOOK	
4	95	Zeitangaben	Lernwortschatz	word	immer	immer	VERIFY_BEFORE_ADD		Goethe A1 Wortliste; Duden/DWDS	ADD_TO_NEW_DECK			de-id-a1-kata-identitaet-familie		
4	95	Trennbare Verben	Lernwortschatz	word	anfangen	anfangen	VERIFY_BEFORE_ADD		Goethe A1 Wortliste; Duden/DWDS	ADD_TO_NEW_DECK			de-id-a1-kata-identitaet-familie		
4	95	Trennbare Verben	Lernwortschatz	word	anrufen	anrufen	VERIFY_BEFORE_ADD		Goethe A1 Wortliste; Duden/DWDS	ADD_TO_NEW_DECK			de-id-a1-kata-identitaet-familie		
4	95	Trennbare Verben	Lernwortschatz	word	mitmachen	mitmachen	VERIFY_BEFORE_ADD		Goethe A1 Wortliste; Duden/DWDS	ADD_TO_NEW_DECK			de-id-a1-kata-identitaet-familie		
4	95	Trennbare Verben	Lernwortschatz	word	abholen	abholen	VERIFY_BEFORE_ADD		Goethe A1 Wortliste; Duden/DWDS	ADD_TO_NEW_DECK			de-id-a1-kata-identitaet-familie		
4	95	Trennbare Verben	Lernwortschatz	word	einladen	einladen	VERIFY_BEFORE_ADD		Goethe A1 Wortliste; Duden/DWDS	ADD_TO_NEW_DECK			de-id-a1-kata-identitaet-familie		
4	95	Trennbare Verben	Lernwortschatz	word	mitbringen	mitbringen	VERIFY_BEFORE_ADD		Goethe A1 Wortliste; Duden/DWDS	ADD_TO_NEW_DECK			de-id-a1-kata-identitaet-familie		
4	95	Trennbare Verben	Lernwortschatz	word	mitkommen	mitkommen	VERIFY_BEFORE_ADD		Goethe A1 Wortliste; Duden/DWDS	ADD_TO_NEW_DECK			de-id-a1-kata-identitaet-familie		
4	95	Trennbare Verben	Lernwortschatz	word	vorstellen	vorstellen	VERIFY_BEFORE_ADD		Goethe A1 Wortliste; Duden/DWDS	ADD_TO_NEW_DECK			de-id-a1-kata-identitaet-familie		
4	95	Trennbare Verben	Lernwortschatz	word	einsammeln	einsammeln	VERIFY_BEFORE_ADD		Goethe A1 Wortliste; Duden/DWDS	ADD_TO_NEW_DECK			de-id-a1-kata-identitaet-familie		
4	95	Trennbare Verben	Lernwortschatz	word	einkaufen	einkaufen	MERGE_BOOK_DUPLICATE	Gabungkan dengan rekaman sumber pertama baris data 103.	Goethe A1 Wortliste; Duden/DWDS	ADD_TO_NEW_DECK			de-id-a1-kata-identitaet-familie	REPEATED_IN_BOOK	
4	96	Adjektive	Lernwortschatz	word	freundlich	freundlich	VERIFY_BEFORE_ADD		Goethe A1 Wortliste; Duden/DWDS	ADD_TO_NEW_DECK			de-id-a1-kata-identitaet-familie	REPEATED_IN_BOOK	
4	96	Adjektive	Lernwortschatz	word	sportlich	sportlich	VERIFY_BEFORE_ADD		Goethe A1 Wortliste; Duden/DWDS	ADD_TO_NEW_DECK			de-id-a1-kata-identitaet-familie		
4	96	Adjektive	Lernwortschatz	word	lustig	lustig	VERIFY_BEFORE_ADD		Goethe A1 Wortliste; Duden/DWDS	ADD_TO_NEW_DECK			de-id-a1-kata-identitaet-familie	REPEATED_IN_BOOK	
4	96	Adjektive	Lernwortschatz	word	laut	laut	VERIFY_BEFORE_ADD		Goethe A1 Wortliste; Duden/DWDS	ADD_TO_NEW_DECK			de-id-a1-kata-identitaet-familie		
4	96	Adjektive	Lernwortschatz	word	leise	leise	VERIFY_BEFORE_ADD		Goethe A1 Wortliste; Duden/DWDS	ADD_TO_NEW_DECK			de-id-a1-kata-identitaet-familie		
4	96	Adjektive	Lernwortschatz	word	cool	cool	VERIFY_BEFORE_ADD		Goethe A1 Wortliste; Duden/DWDS	ADD_TO_NEW_DECK			de-id-a1-kata-identitaet-familie		
4	96	Adjektive	Lernwortschatz	word	gemütlich	gemütlich	VERIFY_BEFORE_ADD		Goethe A1 Wortliste; Duden/DWDS	ADD_TO_NEW_DECK			de-id-a1-kata-identitaet-familie		
4	96	Adjektive	Lernwortschatz	word	warm	warm	KEEP_EXISTING	Bentuk Jerman dan kategori telah tersedia; bandingkan arti Indonesia saat implementasi, jangan menambah kartu baru.	Goethe A1 Wortliste; Duden/DWDS	EXACT_SOURCE_MATCH	de-id-a1-waktu-cuaca-angka-word	warm	de-id-a1-kata-identitaet-familie	REPEATED_IN_BOOK	
4	96	Adjektive	Lernwortschatz	word	kalt	kalt	VERIFY_BEFORE_ADD		Goethe A1 Wortliste; Duden/DWDS	ADD_TO_NEW_DECK			de-id-a1-kata-identitaet-familie	REPEATED_IN_BOOK	
4	96	Adjektive	Lernwortschatz	word	müde	müde	KEEP_EXISTING	Bentuk Jerman dan kategori telah tersedia; bandingkan arti Indonesia saat implementasi, jangan menambah kartu baru.	Goethe A1 Wortliste; Duden/DWDS	EXACT_SOURCE_MATCH	de-id-a1-kata-inti	müde	de-id-a1-kata-identitaet-familie	REPEATED_IN_BOOK	
4	96	Adjektive	Lernwortschatz	word	glücklich	glücklich	VERIFY_BEFORE_ADD		Goethe A1 Wortliste; Duden/DWDS	ADD_TO_NEW_DECK			de-id-a1-kata-identitaet-familie		
4	96	Adjektive	Lernwortschatz	word	schlank	schlank	VERIFY_BEFORE_ADD		Goethe A1 Wortliste; Duden/DWDS	ADD_TO_NEW_DECK			de-id-a1-kata-identitaet-familie		
4	96	Adjektive	Lernwortschatz	word	stark	stark	VERIFY_BEFORE_ADD		Goethe A1 Wortliste; Duden/DWDS	ADD_TO_NEW_DECK			de-id-a1-kata-identitaet-familie		
4	96	Adjektive	Lernwortschatz	word	süß	süß	VERIFY_BEFORE_ADD		Goethe A1 Wortliste; Duden/DWDS	ADD_TO_NEW_DECK			de-id-a1-kata-identitaet-familie	REPEATED_IN_BOOK	
4	96	Adjektive	Lernwortschatz	word	fleißig	fleißig	VERIFY_BEFORE_ADD		Goethe A1 Wortliste; Duden/DWDS	ADD_TO_NEW_DECK			de-id-a1-kata-identitaet-familie		
4	96	Adjektive	Lernwortschatz	word	faul	faul	VERIFY_BEFORE_ADD		Goethe A1 Wortliste; Duden/DWDS	ADD_TO_NEW_DECK			de-id-a1-kata-identitaet-familie		
4	96	Adjektive	Lernwortschatz	word	entspannt	entspannt	VERIFY_BEFORE_ADD		Goethe A1 Wortliste; Duden/DWDS	ADD_TO_NEW_DECK			de-id-a1-kata-identitaet-familie		
4	96	Adjektive	Lernwortschatz	word	jung	jung	VERIFY_BEFORE_ADD		Goethe A1 Wortliste; Duden/DWDS	ADD_TO_NEW_DECK			de-id-a1-kata-identitaet-familie		
4	96	Adjektive	Lernwortschatz	word	neu	neu	KEEP_EXISTING	Bentuk Jerman dan kategori telah tersedia; bandingkan arti Indonesia saat implementasi, jangan menambah kartu baru.	Goethe A1 Wortliste; Duden/DWDS	EXACT_SOURCE_MATCH	de-id-a1-kata-inti	neu	de-id-a1-kata-identitaet-familie	REPEATED_IN_BOOK	
4	97	Familie beschreiben	Redemittel	sentence	In meiner Familie gibt es … Personen.	In meiner Familie gibt es … Personen.	KEEP_AS_PATTERN_ONLY	Berguna sebagai pola Redemittel, tetapi jangan dimasukkan sebagai kartu final sebelum placeholder diisi dengan contoh natural.	Goethe A1 Wortliste; Deutsche Welle Nicos Weg A1	ADD_TO_EXISTING_DECK			de-id-a1-kalimat-nyata	PATTERN_OR_PLACEHOLDER	
4	97	Familie beschreiben	Redemittel	sentence	Ich habe … Geschwister.	Ich habe … Geschwister.	KEEP_AS_PATTERN_ONLY	Berguna sebagai pola Redemittel, tetapi jangan dimasukkan sebagai kartu final sebelum placeholder diisi dengan contoh natural.	Goethe A1 Wortliste; Deutsche Welle Nicos Weg A1	ADD_TO_EXISTING_DECK			de-id-a1-kalimat-nyata	PATTERN_OR_PLACEHOLDER	
4	97	Familie beschreiben	Redemittel	sentence	Ich habe einen Bruder.	Ich habe einen Bruder.	VERIFY_BEFORE_ADD		Goethe A1 Wortliste; Deutsche Welle Nicos Weg A1	ADD_TO_EXISTING_DECK			de-id-a1-kalimat-nyata		
4	97	Familie beschreiben	Redemittel	sentence	Ich habe eine Schwester.	Ich habe eine Schwester.	VERIFY_BEFORE_ADD		Goethe A1 Wortliste; Deutsche Welle Nicos Weg A1	ADD_TO_EXISTING_DECK			de-id-a1-kalimat-nyata		
4	97	Familie beschreiben	Redemittel	phrase	Mein Vater heißt …	Mein Vater heißt …	KEEP_AS_PATTERN_ONLY	Berguna sebagai pola Redemittel, tetapi jangan dimasukkan sebagai kartu final sebelum placeholder diisi dengan contoh natural.	Goethe A1 Wortliste; Deutsche Welle Nicos Weg A1	ADD_TO_NEW_DECK			de-id-a1-frasa-keluarga-orang	PATTERN_OR_PLACEHOLDER	
4	97	Familie beschreiben	Redemittel	phrase	Meine Mutter heißt …	Meine Mutter heißt …	KEEP_AS_PATTERN_ONLY	Berguna sebagai pola Redemittel, tetapi jangan dimasukkan sebagai kartu final sebelum placeholder diisi dengan contoh natural.	Goethe A1 Wortliste; Deutsche Welle Nicos Weg A1	ADD_TO_NEW_DECK			de-id-a1-frasa-keluarga-orang	PATTERN_OR_PLACEHOLDER	
4	97	Familie beschreiben	Redemittel	phrase	Mein Bruder heißt …	Mein Bruder heißt …	KEEP_AS_PATTERN_ONLY	Berguna sebagai pola Redemittel, tetapi jangan dimasukkan sebagai kartu final sebelum placeholder diisi dengan contoh natural.	Goethe A1 Wortliste; Deutsche Welle Nicos Weg A1	ADD_TO_NEW_DECK			de-id-a1-frasa-keluarga-orang	PATTERN_OR_PLACEHOLDER	
4	97	Familie beschreiben	Redemittel	phrase	Meine Schwester heißt …	Meine Schwester heißt …	KEEP_AS_PATTERN_ONLY	Berguna sebagai pola Redemittel, tetapi jangan dimasukkan sebagai kartu final sebelum placeholder diisi dengan contoh natural.	Goethe A1 Wortliste; Deutsche Welle Nicos Weg A1	ADD_TO_NEW_DECK			de-id-a1-frasa-keluarga-orang	PATTERN_OR_PLACEHOLDER	
4	97	Familie beschreiben	Redemittel	sentence	Er ist freundlich.	Er ist freundlich.	VERIFY_BEFORE_ADD		Goethe A1 Wortliste; Deutsche Welle Nicos Weg A1	ADD_TO_EXISTING_DECK			de-id-a1-kalimat-nyata		
4	97	Familie beschreiben	Redemittel	sentence	Sie ist nicht müde.	Sie ist nicht müde.	VERIFY_BEFORE_ADD		Goethe A1 Wortliste; Deutsche Welle Nicos Weg A1	ADD_TO_EXISTING_DECK			de-id-a1-kalimat-nyata		
4	97	Familie beschreiben	Redemittel	sentence	Er spielt gern …	Er spielt gern …	KEEP_AS_PATTERN_ONLY	Berguna sebagai pola Redemittel, tetapi jangan dimasukkan sebagai kartu final sebelum placeholder diisi dengan contoh natural.	Goethe A1 Wortliste; Deutsche Welle Nicos Weg A1	ADD_TO_EXISTING_DECK			de-id-a1-kalimat-nyata	PATTERN_OR_PLACEHOLDER	
4	97	Familie beschreiben	Redemittel	sentence	Sie macht gern …	Sie macht gern …	KEEP_AS_PATTERN_ONLY	Berguna sebagai pola Redemittel, tetapi jangan dimasukkan sebagai kartu final sebelum placeholder diisi dengan contoh natural.	Goethe A1 Wortliste; Deutsche Welle Nicos Weg A1	ADD_TO_EXISTING_DECK			de-id-a1-kalimat-nyata	PATTERN_OR_PLACEHOLDER	
4	97	Familie beschreiben	Redemittel	sentence	Wir machen zusammen …	Wir machen zusammen …	KEEP_AS_PATTERN_ONLY	Berguna sebagai pola Redemittel, tetapi jangan dimasukkan sebagai kartu final sebelum placeholder diisi dengan contoh natural.	Goethe A1 Wortliste; Deutsche Welle Nicos Weg A1	ADD_TO_EXISTING_DECK			de-id-a1-kalimat-nyata	PATTERN_OR_PLACEHOLDER	
5	116	Berufe und Arbeitsplatz	Lernwortschatz	phrase	der Beruf, die Berufe	der Beruf, die Berufe	RECLASSIFY_AS_WORD	Nomina berartikel salah terklasifikasi sebagai frasa akibat heuristik inventaris; perlakukan sebagai kata dan tambahkan jamak jika relevan.	Goethe A1 Wortliste; Deutsche Welle Nicos Weg A1	ADD_TO_EXISTING_DECK			de-id-a1-frasa-pekerjaan		
5	116	Berufe und Arbeitsplatz	Lernwortschatz	phrase	der Chef, die Chefs	der Chef, die Chefs	RECLASSIFY_AS_WORD	Nomina berartikel salah terklasifikasi sebagai frasa akibat heuristik inventaris; perlakukan sebagai kata dan tambahkan jamak jika relevan.	Goethe A1 Wortliste; Deutsche Welle Nicos Weg A1	ADD_TO_EXISTING_DECK			de-id-a1-frasa-pekerjaan		
5	116	Berufe und Arbeitsplatz	Lernwortschatz	phrase	der Kunde, die Kunden	der Kunde, die Kunden	RECLASSIFY_AS_WORD	Nomina berartikel salah terklasifikasi sebagai frasa akibat heuristik inventaris; perlakukan sebagai kata dan tambahkan jamak jika relevan.	Goethe A1 Wortliste; Deutsche Welle Nicos Weg A1	ADD_TO_EXISTING_DECK			de-id-a1-frasa-pekerjaan		
5	116	Berufe und Arbeitsplatz	Lernwortschatz	phrase	der Kollege, die Kollegen	der Kollege, die Kollegen	RECLASSIFY_AS_WORD	Nomina berartikel salah terklasifikasi sebagai frasa akibat heuristik inventaris; perlakukan sebagai kata dan tambahkan jamak jika relevan.	Goethe A1 Wortliste; Deutsche Welle Nicos Weg A1	ADD_TO_EXISTING_DECK			de-id-a1-frasa-pekerjaan		
5	116	Berufe und Arbeitsplatz	Lernwortschatz	phrase	die Kollegin, die Kolleginnen	die Kollegin, die Kolleginnen	RECLASSIFY_AS_WORD	Nomina berartikel salah terklasifikasi sebagai frasa akibat heuristik inventaris; perlakukan sebagai kata dan tambahkan jamak jika relevan.	Goethe A1 Wortliste; Deutsche Welle Nicos Weg A1	ADD_TO_EXISTING_DECK			de-id-a1-frasa-pekerjaan		
5	116	Berufe und Arbeitsplatz	Lernwortschatz	phrase	die Autowerkstatt, die Autowerkstätten	die Autowerkstatt, die Autowerkstätten	RECLASSIFY_AS_WORD	Nomina berartikel salah terklasifikasi sebagai frasa akibat heuristik inventaris; perlakukan sebagai kata dan tambahkan jamak jika relevan.	Goethe A1 Wortliste; Deutsche Welle Nicos Weg A1	ADD_TO_EXISTING_DECK			de-id-a1-frasa-pekerjaan		
5	116	Berufe und Arbeitsplatz	Lernwortschatz	phrase	die Arbeit, die Arbeiten	die Arbeit, die Arbeiten	RECLASSIFY_AS_WORD	Nomina berartikel salah terklasifikasi sebagai frasa akibat heuristik inventaris; perlakukan sebagai kata dan tambahkan jamak jika relevan.	Goethe A1 Wortliste; Deutsche Welle Nicos Weg A1	ADD_TO_EXISTING_DECK			de-id-a1-frasa-pekerjaan		
5	116	Berufe und Arbeitsplatz	Lernwortschatz	phrase	die Arbeitszeit, die Arbeitszeiten	die Arbeitszeit, die Arbeitszeiten	RECLASSIFY_AS_WORD	Nomina berartikel salah terklasifikasi sebagai frasa akibat heuristik inventaris; perlakukan sebagai kata dan tambahkan jamak jika relevan.	Goethe A1 Wortliste; Deutsche Welle Nicos Weg A1	ADD_TO_EXISTING_DECK			de-id-a1-frasa-pekerjaan		
5	116	Berufe und Arbeitsplatz	Lernwortschatz	phrase	die Aufgabe, die Aufgaben	die Aufgabe, die Aufgaben	RECLASSIFY_AS_WORD	Nomina berartikel salah terklasifikasi sebagai frasa akibat heuristik inventaris; perlakukan sebagai kata dan tambahkan jamak jika relevan.	Goethe A1 Wortliste; Deutsche Welle Nicos Weg A1	ADD_TO_EXISTING_DECK			de-id-a1-frasa-pekerjaan		
5	116	Berufe und Arbeitsplatz	Lernwortschatz	phrase	der Bericht, die Berichte	der Bericht, die Berichte	RECLASSIFY_AS_WORD	Nomina berartikel salah terklasifikasi sebagai frasa akibat heuristik inventaris; perlakukan sebagai kata dan tambahkan jamak jika relevan.	Goethe A1 Wortliste; Deutsche Welle Nicos Weg A1	ADD_TO_EXISTING_DECK			de-id-a1-frasa-pekerjaan		
5	116	Berufe und Arbeitsplatz	Lernwortschatz	phrase	die Besprechung, die Besprechungen	die Besprechung, die Besprechungen	RECLASSIFY_AS_WORD	Nomina berartikel salah terklasifikasi sebagai frasa akibat heuristik inventaris; perlakukan sebagai kata dan tambahkan jamak jika relevan.	Goethe A1 Wortliste; Deutsche Welle Nicos Weg A1	ADD_TO_EXISTING_DECK			de-id-a1-frasa-pekerjaan		
5	116	Berufe und Arbeitsplatz	Lernwortschatz	phrase	das Büro, die Büros	das Büro, die Büros	RECLASSIFY_AS_WORD	Nomina berartikel salah terklasifikasi sebagai frasa akibat heuristik inventaris; perlakukan sebagai kata dan tambahkan jamak jika relevan.	Goethe A1 Wortliste; Deutsche Welle Nicos Weg A1	ADD_TO_EXISTING_DECK			de-id-a1-frasa-pekerjaan		
5	116	Berufe und Arbeitsplatz	Lernwortschatz	phrase	der Computer, die Computer	der Computer, die Computer	RECLASSIFY_AS_WORD	Nomina berartikel salah terklasifikasi sebagai frasa akibat heuristik inventaris; perlakukan sebagai kata dan tambahkan jamak jika relevan.	Goethe A1 Wortliste; Deutsche Welle Nicos Weg A1	ADD_TO_EXISTING_DECK			de-id-a1-frasa-pekerjaan		
5	116	Berufe und Arbeitsplatz	Lernwortschatz	phrase	der Drucker, die Drucker	der Drucker, die Drucker	RECLASSIFY_AS_WORD	Nomina berartikel salah terklasifikasi sebagai frasa akibat heuristik inventaris; perlakukan sebagai kata dan tambahkan jamak jika relevan.	Goethe A1 Wortliste; Deutsche Welle Nicos Weg A1	ADD_TO_EXISTING_DECK			de-id-a1-frasa-pekerjaan		
5	116	Berufe und Arbeitsplatz	Lernwortschatz	phrase	die E-Mail, die E-Mails	die E-Mail, die E-Mails	RECLASSIFY_AS_WORD	Nomina berartikel salah terklasifikasi sebagai frasa akibat heuristik inventaris; perlakukan sebagai kata dan tambahkan jamak jika relevan.	Goethe A1 Wortliste; Deutsche Welle Nicos Weg A1	ADD_TO_EXISTING_DECK			de-id-a1-frasa-pekerjaan		
5	116	Berufe und Arbeitsplatz	Lernwortschatz	phrase	der Termin, die Termine	der Termin, die Termine	RECLASSIFY_AS_WORD	Nomina berartikel salah terklasifikasi sebagai frasa akibat heuristik inventaris; perlakukan sebagai kata dan tambahkan jamak jika relevan.	Goethe A1 Wortliste; Deutsche Welle Nicos Weg A1	ADD_TO_EXISTING_DECK			de-id-a1-frasa-pekerjaan		
5	116	Berufe und Arbeitsplatz	Lernwortschatz	phrase	die Geschäftsreise	die Geschäftsreise	RECLASSIFY_AS_WORD	Nomina berartikel salah terklasifikasi sebagai frasa akibat heuristik inventaris; perlakukan sebagai kata dan tambahkan jamak jika relevan.	Goethe A1 Wortliste; Deutsche Welle Nicos Weg A1	ADD_TO_EXISTING_DECK			de-id-a1-frasa-pekerjaan		
5	116	Arbeitstätigkeiten	Lernwortschatz	word	arbeiten	arbeiten	MERGE_BOOK_DUPLICATE	Gabungkan dengan rekaman sumber pertama baris data 105.	Goethe A1 Wortliste; Duden/DWDS	EXACT_SOURCE_MATCH	de-id-a1-kata-inti	arbeiten	de-id-a1-kata-profesi	REPEATED_IN_BOOK	
5	116	Arbeitstätigkeiten	Lernwortschatz	word	drucken	drucken	VERIFY_BEFORE_ADD		Goethe A1 Wortliste; Duden/DWDS	ADD_TO_EXISTING_DECK			de-id-a1-kata-profesi		
5	116	Arbeitstätigkeiten	Lernwortschatz	word	erledigen	erledigen	VERIFY_BEFORE_ADD		Goethe A1 Wortliste; Duden/DWDS	ADD_TO_EXISTING_DECK			de-id-a1-kata-profesi		
5	116	Arbeitstätigkeiten	Lernwortschatz	word	erklären	erklären	VERIFY_BEFORE_ADD		Goethe A1 Wortliste; Duden/DWDS	ADD_TO_EXISTING_DECK			de-id-a1-kata-profesi		
5	116	Arbeitstätigkeiten	Lernwortschatz	word	sagen	sagen	VERIFY_BEFORE_ADD		Goethe A1 Wortliste; Duden/DWDS	ADD_TO_EXISTING_DECK			de-id-a1-kata-profesi		
5	116	Arbeitstätigkeiten	Lernwortschatz	word	schreiben	schreiben	VERIFY_BEFORE_ADD		Goethe A1 Wortliste; Duden/DWDS	ADD_TO_EXISTING_DECK			de-id-a1-kata-profesi		
5	116	Arbeitstätigkeiten	Lernwortschatz	word	starten	starten	VERIFY_BEFORE_ADD		Goethe A1 Wortliste; Duden/DWDS	ADD_TO_EXISTING_DECK			de-id-a1-kata-profesi		
5	116	Arbeitstätigkeiten	Lernwortschatz	word	treffen	treffen	MERGE_BOOK_DUPLICATE	Gabungkan dengan rekaman sumber pertama baris data 205.	Goethe A1 Wortliste; Duden/DWDS	ADD_TO_EXISTING_DECK			de-id-a1-kata-profesi	REPEATED_IN_BOOK	
5	116	Arbeitstätigkeiten	Lernwortschatz	word	vorbereiten	vorbereiten	VERIFY_BEFORE_ADD		Goethe A1 Wortliste; Duden/DWDS	ADD_TO_EXISTING_DECK			de-id-a1-kata-profesi		
5	116	Arbeitstätigkeiten	Lernwortschatz	word	ausschalten	ausschalten	KEEP_EXISTING	Bentuk Jerman dan kategori telah tersedia; bandingkan arti Indonesia saat implementasi, jangan menambah kartu baru.	Goethe A1 Wortliste; Duden/DWDS	EXACT_SOURCE_MATCH	de-id-a1-kata-rumah-diri	ausschalten	de-id-a1-kata-profesi		
5	116	Arbeitstätigkeiten	Lernwortschatz	word	gefallen	gefallen	VERIFY_BEFORE_ADD		Goethe A1 Wortliste; Duden/DWDS	ADD_TO_EXISTING_DECK			de-id-a1-kata-profesi		
5	116	Arbeitstätigkeiten	Lernwortschatz	word	geben	geben	VERIFY_BEFORE_ADD		Goethe A1 Wortliste; Duden/DWDS	ADD_TO_EXISTING_DECK			de-id-a1-kata-profesi		
5	116	Arbeitstätigkeiten	Lernwortschatz	word	können	können	VERIFY_BEFORE_ADD		Goethe A1 Wortliste; Duden/DWDS	ADD_TO_EXISTING_DECK			de-id-a1-kata-profesi		
5	116	Arbeitstätigkeiten	Lernwortschatz	word	müssen	müssen	VERIFY_BEFORE_ADD		Goethe A1 Wortliste; Duden/DWDS	ADD_TO_EXISTING_DECK			de-id-a1-kata-profesi		
5	116	Arbeitstätigkeiten	Lernwortschatz	word	sollen	sollen	VERIFY_BEFORE_ADD		Goethe A1 Wortliste; Duden/DWDS	ADD_TO_EXISTING_DECK			de-id-a1-kata-profesi		
5	116	Arbeitstätigkeiten	Lernwortschatz	word	anbieten	anbieten	VERIFY_BEFORE_ADD		Goethe A1 Wortliste; Duden/DWDS	ADD_TO_EXISTING_DECK			de-id-a1-kata-profesi		
5	116	Arbeitstätigkeiten	Lernwortschatz	word	annehmen	annehmen	VERIFY_BEFORE_ADD		Goethe A1 Wortliste; Duden/DWDS	ADD_TO_EXISTING_DECK			de-id-a1-kata-profesi		
5	116	Arbeitstätigkeiten	Lernwortschatz	word	ablehnen	ablehnen	VERIFY_BEFORE_ADD		Goethe A1 Wortliste; Duden/DWDS	ADD_TO_EXISTING_DECK			de-id-a1-kata-profesi		
5	116	Arbeitstätigkeiten	Lernwortschatz	word	danken	danken	VERIFY_BEFORE_ADD		Goethe A1 Wortliste; Duden/DWDS	ADD_TO_EXISTING_DECK			de-id-a1-kata-profesi		
5	116	Arbeitstätigkeiten	Lernwortschatz	word	helfen	helfen	MERGE_BOOK_DUPLICATE	Gabungkan dengan rekaman sumber pertama baris data 247.	Goethe A1 Wortliste; Duden/DWDS	EXACT_SOURCE_MATCH	de-id-a1-kata-inti	helfen	de-id-a1-kata-profesi	REPEATED_IN_BOOK	
5	116	Arbeitstätigkeiten	Lernwortschatz	word	zuhören	zuhören	VERIFY_BEFORE_ADD		Goethe A1 Wortliste; Duden/DWDS	ADD_TO_EXISTING_DECK			de-id-a1-kata-profesi		
5	116	Arbeit beschreiben	Lernwortschatz	word	anstrengend	anstrengend	VERIFY_BEFORE_ADD		Goethe A1 Wortliste; Duden/DWDS	ADD_TO_EXISTING_DECK			de-id-a1-kata-profesi		
5	116	Arbeit beschreiben	Lernwortschatz	word	flexibel	flexibel	VERIFY_BEFORE_ADD		Goethe A1 Wortliste; Duden/DWDS	ADD_TO_EXISTING_DECK			de-id-a1-kata-profesi		
5	116	Arbeit beschreiben	Lernwortschatz	word	frei	frei	KEEP_EXISTING	Bentuk Jerman dan kategori telah tersedia; bandingkan arti Indonesia saat implementasi, jangan menambah kartu baru.	Goethe A1 Wortliste; Duden/DWDS	EXACT_SOURCE_MATCH	de-id-a1-kata-inti	frei	de-id-a1-kata-profesi		
5	116	Arbeit beschreiben	Lernwortschatz	word	gut	gut	KEEP_EXISTING	Bentuk Jerman dan kategori telah tersedia; bandingkan arti Indonesia saat implementasi, jangan menambah kartu baru.	Goethe A1 Wortliste; Duden/DWDS	EXACT_SOURCE_MATCH	de-id-a1-kata-inti	gut	de-id-a1-kata-profesi	REPEATED_IN_BOOK	
5	116	Arbeit beschreiben	Lernwortschatz	word	modern	modern	VERIFY_BEFORE_ADD		Goethe A1 Wortliste; Duden/DWDS	ADD_TO_EXISTING_DECK			de-id-a1-kata-profesi	REPEATED_IN_BOOK	
5	116	Arbeit beschreiben	Lernwortschatz	word	müde	müde	MERGE_BOOK_DUPLICATE	Gabungkan dengan rekaman sumber pertama baris data 292.	Goethe A1 Wortliste; Duden/DWDS	EXACT_SOURCE_MATCH	de-id-a1-kata-inti	müde	de-id-a1-kata-profesi	REPEATED_IN_BOOK	
5	116	Arbeit beschreiben	Lernwortschatz	word	stressig	stressig	VERIFY_BEFORE_ADD		Goethe A1 Wortliste; Duden/DWDS	ADD_TO_EXISTING_DECK			de-id-a1-kata-profesi		
5	116	Arbeit beschreiben	Lernwortschatz	word	zufrieden	zufrieden	VERIFY_BEFORE_ADD		Goethe A1 Wortliste; Duden/DWDS	ADD_TO_EXISTING_DECK			de-id-a1-kata-profesi		
5	116	Arbeit beschreiben	Lernwortschatz	word	pünktlich	pünktlich	VERIFY_BEFORE_ADD		Goethe A1 Wortliste; Duden/DWDS	ADD_TO_EXISTING_DECK			de-id-a1-kata-profesi		
5	116	Arbeit beschreiben	Lernwortschatz	word	draußen	draußen	VERIFY_BEFORE_ADD		Goethe A1 Wortliste; Duden/DWDS	ADD_TO_EXISTING_DECK			de-id-a1-kata-profesi		
5	116	Arbeit beschreiben	Lernwortschatz	word	freundlich	freundlich	MERGE_BOOK_DUPLICATE	Gabungkan dengan rekaman sumber pertama baris data 283.	Goethe A1 Wortliste; Duden/DWDS	ADD_TO_EXISTING_DECK			de-id-a1-kata-profesi	REPEATED_IN_BOOK	
5	116	Arbeit beschreiben	Lernwortschatz	word	streng	streng	VERIFY_BEFORE_ADD		Goethe A1 Wortliste; Duden/DWDS	ADD_TO_EXISTING_DECK			de-id-a1-kata-profesi		
5	116	Arbeit beschreiben	Lernwortschatz	word	unfreundlich	unfreundlich	VERIFY_BEFORE_ADD		Goethe A1 Wortliste; Duden/DWDS	ADD_TO_EXISTING_DECK			de-id-a1-kata-profesi		
5	117	Beruf und Arbeitszeit	Redemittel	sentence	Was sind Sie von Beruf?	Was sind Sie von Beruf?	VERIFY_BEFORE_ADD		Goethe A1 Wortliste; Deutsche Welle Nicos Weg A1	ADD_TO_EXISTING_DECK			de-id-a1-kalimat-nyata	PATTERN_OR_PLACEHOLDER	
5	117	Beruf und Arbeitszeit	Redemittel	sentence	Was bist du von Beruf?	Was bist du von Beruf?	VERIFY_BEFORE_ADD		Goethe A1 Wortliste; Deutsche Welle Nicos Weg A1	ADD_TO_EXISTING_DECK			de-id-a1-kalimat-nyata	PATTERN_OR_PLACEHOLDER	
5	117	Beruf und Arbeitszeit	Redemittel	sentence	Ich arbeite als …	Ich arbeite als …	KEEP_AS_PATTERN_ONLY	Berguna sebagai pola Redemittel, tetapi jangan dimasukkan sebagai kartu final sebelum placeholder diisi dengan contoh natural.	Goethe A1 Wortliste; Deutsche Welle Nicos Weg A1	ADD_TO_EXISTING_DECK			de-id-a1-kalimat-nyata	PATTERN_OR_PLACEHOLDER	
5	117	Beruf und Arbeitszeit	Redemittel	sentence	Ich bin …	Ich bin …	KEEP_AS_PATTERN_ONLY	Berguna sebagai pola Redemittel, tetapi jangan dimasukkan sebagai kartu final sebelum placeholder diisi dengan contoh natural.	Goethe A1 Wortliste; Deutsche Welle Nicos Weg A1	ADD_TO_EXISTING_DECK			de-id-a1-kalimat-nyata	REPEATED_IN_BOOK|PATTERN_OR_PLACEHOLDER	
5	117	Beruf und Arbeitszeit	Redemittel	sentence	Ich studiere …	Ich studiere …	KEEP_AS_PATTERN_ONLY	Berguna sebagai pola Redemittel, tetapi jangan dimasukkan sebagai kartu final sebelum placeholder diisi dengan contoh natural.	Goethe A1 Wortliste; Deutsche Welle Nicos Weg A1	ADD_TO_EXISTING_DECK			de-id-a1-kalimat-nyata	PATTERN_OR_PLACEHOLDER	
5	117	Beruf und Arbeitszeit	Redemittel	sentence	Wie viele Stunden arbeitest du?	Wie viele Stunden arbeitest du?	VERIFY_BEFORE_ADD		Goethe A1 Wortliste; Deutsche Welle Nicos Weg A1	ADD_TO_EXISTING_DECK			de-id-a1-kalimat-nyata	PATTERN_OR_PLACEHOLDER	
5	117	Beruf und Arbeitszeit	Redemittel	sentence	Wann fängt deine Arbeit an?	Wann fängt deine Arbeit an?	VERIFY_BEFORE_ADD		Goethe A1 Wortliste; Deutsche Welle Nicos Weg A1	ADD_TO_EXISTING_DECK			de-id-a1-kalimat-nyata	PATTERN_OR_PLACEHOLDER	
5	117	Beruf und Arbeitszeit	Redemittel	sentence	Wann hast du frei?	Wann hast du frei?	VERIFY_BEFORE_ADD		Goethe A1 Wortliste; Deutsche Welle Nicos Weg A1	ADD_TO_EXISTING_DECK			de-id-a1-kalimat-nyata	PATTERN_OR_PLACEHOLDER	
5	117	Beruf und Arbeitszeit	Redemittel	sentence	Wann haben Sie frei?	Wann haben Sie frei?	VERIFY_BEFORE_ADD		Goethe A1 Wortliste; Deutsche Welle Nicos Weg A1	ADD_TO_EXISTING_DECK			de-id-a1-kalimat-nyata	PATTERN_OR_PLACEHOLDER	
5	117	Beruf und Arbeitszeit	Redemittel	sentence	Gefällt dir die Arbeit?	Gefällt dir die Arbeit?	VERIFY_BEFORE_ADD		Goethe A1 Wortliste; Deutsche Welle Nicos Weg A1	ADD_TO_EXISTING_DECK			de-id-a1-kalimat-nyata	PATTERN_OR_PLACEHOLDER	
5	117	Beruf und Arbeitszeit	Redemittel	sentence	Ich arbeite von … bis … Uhr.	Ich arbeite von … bis … Uhr.	KEEP_AS_PATTERN_ONLY	Berguna sebagai pola Redemittel, tetapi jangan dimasukkan sebagai kartu final sebelum placeholder diisi dengan contoh natural.	Goethe A1 Wortliste; Deutsche Welle Nicos Weg A1	ADD_TO_EXISTING_DECK			de-id-a1-kalimat-nyata	PATTERN_OR_PLACEHOLDER	
5	117	Beruf und Arbeitszeit	Redemittel	sentence	Ich habe eine Stunde Mittagspause.	Ich habe eine Stunde Mittagspause.	VERIFY_BEFORE_ADD		Goethe A1 Wortliste; Deutsche Welle Nicos Weg A1	ADD_TO_EXISTING_DECK			de-id-a1-kalimat-nyata		
5	117	Beruf und Arbeitszeit	Redemittel	sentence	Meine Arbeit beginnt um … Uhr.	Meine Arbeit beginnt um … Uhr.	KEEP_AS_PATTERN_ONLY	Berguna sebagai pola Redemittel, tetapi jangan dimasukkan sebagai kartu final sebelum placeholder diisi dengan contoh natural.	Goethe A1 Wortliste; Deutsche Welle Nicos Weg A1	ADD_TO_EXISTING_DECK			de-id-a1-kalimat-nyata	PATTERN_OR_PLACEHOLDER	
5	117	Hilfe und Pflichten	Redemittel	sentence	Kann ich Ihnen helfen?	Kann ich Ihnen helfen?	VERIFY_BEFORE_ADD		Goethe A1 Wortliste; Deutsche Welle Nicos Weg A1	ADD_TO_EXISTING_DECK			de-id-a1-kalimat-nyata	REPEATED_IN_BOOK|PATTERN_OR_PLACEHOLDER	
5	117	Hilfe und Pflichten	Redemittel	sentence	Brauchen Sie Hilfe?	Brauchen Sie Hilfe?	VERIFY_BEFORE_ADD		Goethe A1 Wortliste; Deutsche Welle Nicos Weg A1	ADD_TO_EXISTING_DECK			de-id-a1-kalimat-nyata	PATTERN_OR_PLACEHOLDER	
5	117	Hilfe und Pflichten	Redemittel	sentence	Kann ich dir helfen?	Kann ich dir helfen?	VERIFY_BEFORE_ADD		Goethe A1 Wortliste; Deutsche Welle Nicos Weg A1	ADD_TO_EXISTING_DECK			de-id-a1-kalimat-nyata	PATTERN_OR_PLACEHOLDER	
5	117	Hilfe und Pflichten	Redemittel	sentence	Kann ich Ihnen mit … helfen?	Kann ich Ihnen mit … helfen?	KEEP_AS_PATTERN_ONLY	Berguna sebagai pola Redemittel, tetapi jangan dimasukkan sebagai kartu final sebelum placeholder diisi dengan contoh natural.	Goethe A1 Wortliste; Deutsche Welle Nicos Weg A1	ADD_TO_EXISTING_DECK			de-id-a1-kalimat-nyata	PATTERN_OR_PLACEHOLDER	
5	117	Hilfe und Pflichten	Redemittel	sentence	Ja, das ist sehr nett von Ihnen.	Ja, das ist sehr nett von Ihnen.	VERIFY_BEFORE_ADD		Goethe A1 Wortliste; Deutsche Welle Nicos Weg A1	ADD_TO_EXISTING_DECK			de-id-a1-kalimat-nyata		
5	117	Hilfe und Pflichten	Redemittel	phrase	Helfen Sie mir bitte mit …	Helfen Sie mir bitte mit …	KEEP_AS_PATTERN_ONLY	Berguna sebagai pola Redemittel, tetapi jangan dimasukkan sebagai kartu final sebelum placeholder diisi dengan contoh natural.	Goethe A1 Wortliste; Deutsche Welle Nicos Weg A1	ADD_TO_EXISTING_DECK			de-id-a1-frasa-pekerjaan	PATTERN_OR_PLACEHOLDER	
5	117	Hilfe und Pflichten	Redemittel	sentence	Nein, danke.	Nein, danke.	VERIFY_BEFORE_ADD		Goethe A1 Wortliste; Deutsche Welle Nicos Weg A1	ADD_TO_EXISTING_DECK			de-id-a1-kalimat-nyata		
5	117	Hilfe und Pflichten	Redemittel	sentence	Das ist nicht nötig.	Das ist nicht nötig.	VERIFY_BEFORE_ADD		Goethe A1 Wortliste; Deutsche Welle Nicos Weg A1	ADD_TO_EXISTING_DECK			de-id-a1-kalimat-nyata		
5	117	Hilfe und Pflichten	Redemittel	sentence	Ich brauche Ihre Hilfe.	Ich brauche Ihre Hilfe.	VERIFY_BEFORE_ADD		Goethe A1 Wortliste; Deutsche Welle Nicos Weg A1	ADD_TO_EXISTING_DECK			de-id-a1-kalimat-nyata		
5	117	Hilfe und Pflichten	Redemittel	sentence	Können Sie bitte …?	Können Sie bitte …?	KEEP_AS_PATTERN_ONLY	Berguna sebagai pola Redemittel, tetapi jangan dimasukkan sebagai kartu final sebelum placeholder diisi dengan contoh natural.	Goethe A1 Wortliste; Deutsche Welle Nicos Weg A1	ADD_TO_EXISTING_DECK			de-id-a1-kalimat-nyata	PATTERN_OR_PLACEHOLDER	
5	117	Hilfe und Pflichten	Redemittel	sentence	Was sind deine Aufgaben?	Was sind deine Aufgaben?	VERIFY_BEFORE_ADD		Goethe A1 Wortliste; Deutsche Welle Nicos Weg A1	ADD_TO_EXISTING_DECK			de-id-a1-kalimat-nyata	PATTERN_OR_PLACEHOLDER	
5	117	Hilfe und Pflichten	Redemittel	sentence	Was sind Ihre Aufgaben?	Was sind Ihre Aufgaben?	VERIFY_BEFORE_ADD		Goethe A1 Wortliste; Deutsche Welle Nicos Weg A1	ADD_TO_EXISTING_DECK			de-id-a1-kalimat-nyata	PATTERN_OR_PLACEHOLDER	
5	117	Hilfe und Pflichten	Redemittel	phrase	Meine Aufgaben sind …	Meine Aufgaben sind …	KEEP_AS_PATTERN_ONLY	Berguna sebagai pola Redemittel, tetapi jangan dimasukkan sebagai kartu final sebelum placeholder diisi dengan contoh natural.	Goethe A1 Wortliste; Deutsche Welle Nicos Weg A1	ADD_TO_EXISTING_DECK			de-id-a1-frasa-pekerjaan	PATTERN_OR_PLACEHOLDER	
5	117	Uhrzeit	Redemittel	sentence	Wie spät ist es?	Wie spät ist es?	VERIFY_BEFORE_ADD		Goethe A1 Wortliste; Deutsche Welle Nicos Weg A1	ADD_TO_EXISTING_DECK			de-id-a1-kalimat-nyata	PATTERN_OR_PLACEHOLDER	
5	117	Uhrzeit	Redemittel	sentence	Wie viel Uhr ist es?	Wie viel Uhr ist es?	VERIFY_BEFORE_ADD		Goethe A1 Wortliste; Deutsche Welle Nicos Weg A1	ADD_TO_EXISTING_DECK			de-id-a1-kalimat-nyata	PATTERN_OR_PLACEHOLDER	
5	117	Uhrzeit	Redemittel	sentence	Es ist halb drei.	Es ist halb drei.	VERIFY_BEFORE_ADD		Goethe A1 Wortliste; Deutsche Welle Nicos Weg A1	ADD_TO_EXISTING_DECK			de-id-a1-kalimat-nyata		
5	117	Uhrzeit	Redemittel	sentence	Es ist kurz nach vier.	Es ist kurz nach vier.	VERIFY_BEFORE_ADD		Goethe A1 Wortliste; Deutsche Welle Nicos Weg A1	ADD_TO_EXISTING_DECK			de-id-a1-kalimat-nyata		
5	117	Uhrzeit	Redemittel	sentence	Um … Uhr.	Um … Uhr.	KEEP_AS_PATTERN_ONLY	Berguna sebagai pola Redemittel, tetapi jangan dimasukkan sebagai kartu final sebelum placeholder diisi dengan contoh natural.	Goethe A1 Wortliste; Deutsche Welle Nicos Weg A1	ADD_TO_EXISTING_DECK			de-id-a1-kalimat-nyata	PATTERN_OR_PLACEHOLDER	
5	117	Uhrzeit	Redemittel	phrase	von … bis …	von … bis …	KEEP_AS_PATTERN_ONLY	Berguna sebagai pola Redemittel, tetapi jangan dimasukkan sebagai kartu final sebelum placeholder diisi dengan contoh natural.	Goethe A1 Wortliste; Deutsche Welle Nicos Weg A1	ADD_TO_EXISTING_DECK			de-id-a1-frasa-pekerjaan	REPEATED_IN_BOOK|PATTERN_OR_PLACEHOLDER	
6	137	Obst	Lernwortschatz	phrase	die Banane	die Banane	RECLASSIFY_AS_WORD	Nomina berartikel salah terklasifikasi sebagai frasa akibat heuristik inventaris; perlakukan sebagai kata dan tambahkan jamak jika relevan.	Goethe A1 Wortliste; Deutsche Welle Nicos Weg A1	ADD_TO_EXISTING_DECK			de-id-a1-frasa-restoran-belanja		
6	137	Obst	Lernwortschatz	phrase	der Apfel	der Apfel	RECLASSIFY_AS_WORD	Nomina berartikel salah terklasifikasi sebagai frasa akibat heuristik inventaris; perlakukan sebagai kata dan tambahkan jamak jika relevan.	Goethe A1 Wortliste; Deutsche Welle Nicos Weg A1	ADD_TO_EXISTING_DECK			de-id-a1-frasa-restoran-belanja		
6	137	Obst	Lernwortschatz	phrase	die Birne	die Birne	RECLASSIFY_AS_WORD	Nomina berartikel salah terklasifikasi sebagai frasa akibat heuristik inventaris; perlakukan sebagai kata dan tambahkan jamak jika relevan.	Goethe A1 Wortliste; Deutsche Welle Nicos Weg A1	ADD_TO_EXISTING_DECK			de-id-a1-frasa-restoran-belanja		
6	137	Obst	Lernwortschatz	phrase	die Melone	die Melone	RECLASSIFY_AS_WORD	Nomina berartikel salah terklasifikasi sebagai frasa akibat heuristik inventaris; perlakukan sebagai kata dan tambahkan jamak jika relevan.	Goethe A1 Wortliste; Deutsche Welle Nicos Weg A1	ADD_TO_EXISTING_DECK			de-id-a1-frasa-restoran-belanja		
6	137	Obst	Lernwortschatz	phrase	die Kirsche	die Kirsche	RECLASSIFY_AS_WORD	Nomina berartikel salah terklasifikasi sebagai frasa akibat heuristik inventaris; perlakukan sebagai kata dan tambahkan jamak jika relevan.	Goethe A1 Wortliste; Deutsche Welle Nicos Weg A1	ADD_TO_EXISTING_DECK			de-id-a1-frasa-restoran-belanja		
6	137	Obst	Lernwortschatz	phrase	die Orange	die Orange	RECLASSIFY_AS_WORD	Nomina berartikel salah terklasifikasi sebagai frasa akibat heuristik inventaris; perlakukan sebagai kata dan tambahkan jamak jika relevan.	Goethe A1 Wortliste; Deutsche Welle Nicos Weg A1	ADD_TO_EXISTING_DECK			de-id-a1-frasa-restoran-belanja		
6	137	Obst	Lernwortschatz	phrase	die Mango	die Mango	RECLASSIFY_AS_WORD	Nomina berartikel salah terklasifikasi sebagai frasa akibat heuristik inventaris; perlakukan sebagai kata dan tambahkan jamak jika relevan.	Goethe A1 Wortliste; Deutsche Welle Nicos Weg A1	ADD_TO_EXISTING_DECK			de-id-a1-frasa-restoran-belanja		
6	137	Obst	Lernwortschatz	phrase	der Pfirsich	der Pfirsich	RECLASSIFY_AS_WORD	Nomina berartikel salah terklasifikasi sebagai frasa akibat heuristik inventaris; perlakukan sebagai kata dan tambahkan jamak jika relevan.	Goethe A1 Wortliste; Deutsche Welle Nicos Weg A1	ADD_TO_EXISTING_DECK			de-id-a1-frasa-restoran-belanja		
6	137	Obst	Lernwortschatz	phrase	die Traube	die Traube	RECLASSIFY_AS_WORD	Nomina berartikel salah terklasifikasi sebagai frasa akibat heuristik inventaris; perlakukan sebagai kata dan tambahkan jamak jika relevan.	Goethe A1 Wortliste; Deutsche Welle Nicos Weg A1	ADD_TO_EXISTING_DECK			de-id-a1-frasa-restoran-belanja		
6	137	Gemüse	Lernwortschatz	phrase	die Zucchini	die Zucchini, die Zucchini	CORRECT_AND_ADD	Bentuk baku umum feminin; der Zucchini hanya varian Austria informal menurut Duden.	Duden: Zucchini	ADD_TO_EXISTING_DECK			de-id-a1-frasa-restoran-belanja		
6	137	Gemüse	Lernwortschatz	phrase	die Gurke	die Gurke	RECLASSIFY_AS_WORD	Nomina berartikel salah terklasifikasi sebagai frasa akibat heuristik inventaris; perlakukan sebagai kata dan tambahkan jamak jika relevan.	Goethe A1 Wortliste; Deutsche Welle Nicos Weg A1	ADD_TO_EXISTING_DECK			de-id-a1-frasa-restoran-belanja		
6	137	Gemüse	Lernwortschatz	phrase	die Karotte	die Karotte	RECLASSIFY_AS_WORD	Nomina berartikel salah terklasifikasi sebagai frasa akibat heuristik inventaris; perlakukan sebagai kata dan tambahkan jamak jika relevan.	Goethe A1 Wortliste; Deutsche Welle Nicos Weg A1	ADD_TO_EXISTING_DECK			de-id-a1-frasa-restoran-belanja		
6	137	Gemüse	Lernwortschatz	phrase	die Kartoffel	die Kartoffel	RECLASSIFY_AS_WORD	Nomina berartikel salah terklasifikasi sebagai frasa akibat heuristik inventaris; perlakukan sebagai kata dan tambahkan jamak jika relevan.	Goethe A1 Wortliste; Deutsche Welle Nicos Weg A1	ADD_TO_EXISTING_DECK			de-id-a1-frasa-restoran-belanja		
6	137	Gemüse	Lernwortschatz	phrase	die Tomate	die Tomate	RECLASSIFY_AS_WORD	Nomina berartikel salah terklasifikasi sebagai frasa akibat heuristik inventaris; perlakukan sebagai kata dan tambahkan jamak jika relevan.	Goethe A1 Wortliste; Deutsche Welle Nicos Weg A1	ADD_TO_EXISTING_DECK			de-id-a1-frasa-restoran-belanja		
6	137	Gemüse	Lernwortschatz	phrase	der Mais	der Mais	RECLASSIFY_AS_WORD	Nomina berartikel salah terklasifikasi sebagai frasa akibat heuristik inventaris; perlakukan sebagai kata dan tambahkan jamak jika relevan.	Goethe A1 Wortliste; Deutsche Welle Nicos Weg A1	ADD_TO_EXISTING_DECK			de-id-a1-frasa-restoran-belanja		
6	137	Gemüse	Lernwortschatz	phrase	der Spinat	der Spinat	RECLASSIFY_AS_WORD	Nomina berartikel salah terklasifikasi sebagai frasa akibat heuristik inventaris; perlakukan sebagai kata dan tambahkan jamak jika relevan.	Goethe A1 Wortliste; Deutsche Welle Nicos Weg A1	ADD_TO_EXISTING_DECK			de-id-a1-frasa-restoran-belanja		
6	137	Gemüse	Lernwortschatz	phrase	die Paprika	die Paprika, die Paprikas	REVIEW_MEANING	Untuk sayuran konkret, “die Paprika/Paprikaschote” dapat dipakai; bedakan dari rempah Paprika tanpa jamak.	Duden: Paprikaschote; DWDS: Paprika	ADD_TO_EXISTING_DECK			de-id-a1-frasa-restoran-belanja		
6	137	Gemüse	Lernwortschatz	phrase	der Brokkoli	der Brokkoli	RECLASSIFY_AS_WORD	Nomina berartikel salah terklasifikasi sebagai frasa akibat heuristik inventaris; perlakukan sebagai kata dan tambahkan jamak jika relevan.	Goethe A1 Wortliste; Deutsche Welle Nicos Weg A1	ADD_TO_EXISTING_DECK			de-id-a1-frasa-restoran-belanja		
6	137	Andere Lebensmittel	Lernwortschatz	phrase	das Hähnchen	das Hähnchen	RECLASSIFY_AS_WORD	Nomina berartikel salah terklasifikasi sebagai frasa akibat heuristik inventaris; perlakukan sebagai kata dan tambahkan jamak jika relevan.	Goethe A1 Wortliste; Deutsche Welle Nicos Weg A1	ADD_TO_EXISTING_DECK			de-id-a1-frasa-restoran-belanja	REPEATED_IN_BOOK	
6	137	Andere Lebensmittel	Lernwortschatz	phrase	der Schinken	der Schinken	RECLASSIFY_AS_WORD	Nomina berartikel salah terklasifikasi sebagai frasa akibat heuristik inventaris; perlakukan sebagai kata dan tambahkan jamak jika relevan.	Goethe A1 Wortliste; Deutsche Welle Nicos Weg A1	ADD_TO_EXISTING_DECK			de-id-a1-frasa-restoran-belanja		
6	137	Andere Lebensmittel	Lernwortschatz	phrase	der Reis	der Reis	RECLASSIFY_AS_WORD	Nomina berartikel salah terklasifikasi sebagai frasa akibat heuristik inventaris; perlakukan sebagai kata dan tambahkan jamak jika relevan.	Goethe A1 Wortliste; Deutsche Welle Nicos Weg A1	ADD_TO_EXISTING_DECK			de-id-a1-frasa-restoran-belanja		
6	137	Andere Lebensmittel	Lernwortschatz	phrase	der Kuchen	der Kuchen	RECLASSIFY_AS_WORD	Nomina berartikel salah terklasifikasi sebagai frasa akibat heuristik inventaris; perlakukan sebagai kata dan tambahkan jamak jika relevan.	Goethe A1 Wortliste; Deutsche Welle Nicos Weg A1	ADD_TO_EXISTING_DECK			de-id-a1-frasa-restoran-belanja		
6	137	Andere Lebensmittel	Lernwortschatz	phrase	der Zucker	der Zucker	RECLASSIFY_AS_WORD	Nomina berartikel salah terklasifikasi sebagai frasa akibat heuristik inventaris; perlakukan sebagai kata dan tambahkan jamak jika relevan.	Goethe A1 Wortliste; Deutsche Welle Nicos Weg A1	ADD_TO_EXISTING_DECK			de-id-a1-frasa-restoran-belanja		
6	137	Andere Lebensmittel	Lernwortschatz	phrase	der Käse	der Käse	RECLASSIFY_AS_WORD	Nomina berartikel salah terklasifikasi sebagai frasa akibat heuristik inventaris; perlakukan sebagai kata dan tambahkan jamak jika relevan.	Goethe A1 Wortliste; Deutsche Welle Nicos Weg A1	ADD_TO_EXISTING_DECK			de-id-a1-frasa-restoran-belanja		
6	137	Andere Lebensmittel	Lernwortschatz	phrase	das Fleisch	das Fleisch	RECLASSIFY_AS_WORD	Nomina berartikel salah terklasifikasi sebagai frasa akibat heuristik inventaris; perlakukan sebagai kata dan tambahkan jamak jika relevan.	Goethe A1 Wortliste; Deutsche Welle Nicos Weg A1	ADD_TO_EXISTING_DECK			de-id-a1-frasa-restoran-belanja		
6	137	Andere Lebensmittel	Lernwortschatz	phrase	die Nudeln	die Nudeln	RECLASSIFY_AS_WORD	Nomina berartikel salah terklasifikasi sebagai frasa akibat heuristik inventaris; perlakukan sebagai kata dan tambahkan jamak jika relevan.	Goethe A1 Wortliste; Deutsche Welle Nicos Weg A1	ADD_TO_EXISTING_DECK			de-id-a1-frasa-restoran-belanja		
6	137	Andere Lebensmittel	Lernwortschatz	phrase	der Fisch	der Fisch	RECLASSIFY_AS_WORD	Nomina berartikel salah terklasifikasi sebagai frasa akibat heuristik inventaris; perlakukan sebagai kata dan tambahkan jamak jika relevan.	Goethe A1 Wortliste; Deutsche Welle Nicos Weg A1	ADD_TO_EXISTING_DECK			de-id-a1-frasa-restoran-belanja		
6	137	Andere Lebensmittel	Lernwortschatz	phrase	das Brot	das Brot	RECLASSIFY_AS_WORD	Nomina berartikel salah terklasifikasi sebagai frasa akibat heuristik inventaris; perlakukan sebagai kata dan tambahkan jamak jika relevan.	Goethe A1 Wortliste; Deutsche Welle Nicos Weg A1	ADD_TO_EXISTING_DECK			de-id-a1-frasa-restoran-belanja		
6	137	Andere Lebensmittel	Lernwortschatz	phrase	die Wurst	die Wurst	RECLASSIFY_AS_WORD	Nomina berartikel salah terklasifikasi sebagai frasa akibat heuristik inventaris; perlakukan sebagai kata dan tambahkan jamak jika relevan.	Goethe A1 Wortliste; Deutsche Welle Nicos Weg A1	ADD_TO_EXISTING_DECK			de-id-a1-frasa-restoran-belanja		
6	137	Andere Lebensmittel	Lernwortschatz	phrase	die Marmelade	die Marmelade	RECLASSIFY_AS_WORD	Nomina berartikel salah terklasifikasi sebagai frasa akibat heuristik inventaris; perlakukan sebagai kata dan tambahkan jamak jika relevan.	Goethe A1 Wortliste; Deutsche Welle Nicos Weg A1	ADD_TO_EXISTING_DECK			de-id-a1-frasa-restoran-belanja		
6	137	Getränke	Lernwortschatz	phrase	der Tee	der Tee	RECLASSIFY_AS_WORD	Nomina berartikel salah terklasifikasi sebagai frasa akibat heuristik inventaris; perlakukan sebagai kata dan tambahkan jamak jika relevan.	Goethe A1 Wortliste; Deutsche Welle Nicos Weg A1	ADD_TO_EXISTING_DECK			de-id-a1-frasa-restoran-belanja	NEEDS_EDITORIAL_REVIEW	die Schokolade berada di kolom Getränke pada sumber; klasifikasi perlu diperiksa
6	137	Getränke	Lernwortschatz	phrase	die Milch	die Milch	RECLASSIFY_AS_WORD	Nomina berartikel salah terklasifikasi sebagai frasa akibat heuristik inventaris; perlakukan sebagai kata dan tambahkan jamak jika relevan.	Goethe A1 Wortliste; Deutsche Welle Nicos Weg A1	ADD_TO_EXISTING_DECK			de-id-a1-frasa-restoran-belanja	NEEDS_EDITORIAL_REVIEW	die Schokolade berada di kolom Getränke pada sumber; klasifikasi perlu diperiksa
6	137	Getränke	Lernwortschatz	phrase	das Bier	das Bier	RECLASSIFY_AS_WORD	Nomina berartikel salah terklasifikasi sebagai frasa akibat heuristik inventaris; perlakukan sebagai kata dan tambahkan jamak jika relevan.	Goethe A1 Wortliste; Deutsche Welle Nicos Weg A1	ADD_TO_EXISTING_DECK			de-id-a1-frasa-restoran-belanja	REPEATED_IN_BOOK|NEEDS_EDITORIAL_REVIEW	die Schokolade berada di kolom Getränke pada sumber; klasifikasi perlu diperiksa
6	137	Getränke	Lernwortschatz	phrase	der Kaffee	der Kaffee	MERGE_BOOK_DUPLICATE	Gabungkan dengan rekaman sumber pertama baris data 122.	Goethe A1 Wortliste; Deutsche Welle Nicos Weg A1	ADD_TO_EXISTING_DECK			de-id-a1-frasa-restoran-belanja	REPEATED_IN_BOOK|NEEDS_EDITORIAL_REVIEW	die Schokolade berada di kolom Getränke pada sumber; klasifikasi perlu diperiksa
6	137	Getränke	Lernwortschatz	phrase	der Saft	der Saft	RECLASSIFY_AS_WORD	Nomina berartikel salah terklasifikasi sebagai frasa akibat heuristik inventaris; perlakukan sebagai kata dan tambahkan jamak jika relevan.	Goethe A1 Wortliste; Deutsche Welle Nicos Weg A1	ADD_TO_EXISTING_DECK			de-id-a1-frasa-restoran-belanja	NEEDS_EDITORIAL_REVIEW	die Schokolade berada di kolom Getränke pada sumber; klasifikasi perlu diperiksa
6	137	Getränke	Lernwortschatz	phrase	der Wein	der Wein	RECLASSIFY_AS_WORD	Nomina berartikel salah terklasifikasi sebagai frasa akibat heuristik inventaris; perlakukan sebagai kata dan tambahkan jamak jika relevan.	Goethe A1 Wortliste; Deutsche Welle Nicos Weg A1	ADD_TO_EXISTING_DECK			de-id-a1-frasa-restoran-belanja	NEEDS_EDITORIAL_REVIEW	die Schokolade berada di kolom Getränke pada sumber; klasifikasi perlu diperiksa
6	137	Getränke	Lernwortschatz	phrase	die Cola	die Cola	RECLASSIFY_AS_WORD	Nomina berartikel salah terklasifikasi sebagai frasa akibat heuristik inventaris; perlakukan sebagai kata dan tambahkan jamak jika relevan.	Goethe A1 Wortliste; Deutsche Welle Nicos Weg A1	ADD_TO_EXISTING_DECK			de-id-a1-frasa-restoran-belanja	NEEDS_EDITORIAL_REVIEW	die Schokolade berada di kolom Getränke pada sumber; klasifikasi perlu diperiksa
6	137	Getränke	Lernwortschatz	phrase	die Limonade	die Limonade	RECLASSIFY_AS_WORD	Nomina berartikel salah terklasifikasi sebagai frasa akibat heuristik inventaris; perlakukan sebagai kata dan tambahkan jamak jika relevan.	Goethe A1 Wortliste; Deutsche Welle Nicos Weg A1	ADD_TO_EXISTING_DECK			de-id-a1-frasa-restoran-belanja	NEEDS_EDITORIAL_REVIEW	die Schokolade berada di kolom Getränke pada sumber; klasifikasi perlu diperiksa
6	137	Getränke	Lernwortschatz	phrase	die Schokolade	die Schokolade, die Schokoladen	RELOCATE_AND_ADD	Pertahankan sebagai makanan/manisan, bukan minuman. Posisi kolom sumber merupakan artefak layout.	Duden/DWDS: Schokolade	ADD_TO_EXISTING_DECK			de-id-a1-frasa-restoran-belanja	NEEDS_EDITORIAL_REVIEW	die Schokolade berada di kolom Getränke pada sumber; klasifikasi perlu diperiksa
6	137	Getränke	Lernwortschatz	phrase	der Kakao	der Kakao	RECLASSIFY_AS_WORD	Nomina berartikel salah terklasifikasi sebagai frasa akibat heuristik inventaris; perlakukan sebagai kata dan tambahkan jamak jika relevan.	Goethe A1 Wortliste; Deutsche Welle Nicos Weg A1	ADD_TO_EXISTING_DECK			de-id-a1-frasa-restoran-belanja	NEEDS_EDITORIAL_REVIEW	die Schokolade berada di kolom Getränke pada sumber; klasifikasi perlu diperiksa
6	137	Beim Essen	Lernwortschatz	word	frühstücken	frühstücken	MERGE_BOOK_DUPLICATE	Gabungkan dengan rekaman sumber pertama baris data 93.	Goethe A1 Wortliste; Duden/DWDS	ADD_TO_EXISTING_DECK			de-id-a1-kata-makanan-minuman	REPEATED_IN_BOOK	
6	137	Beim Essen	Lernwortschatz	word	trinken	trinken	MERGE_BOOK_DUPLICATE	Gabungkan dengan rekaman sumber pertama baris data 95.	Goethe A1 Wortliste; Duden/DWDS	EXACT_SOURCE_MATCH	de-id-a1-kata-inti	trinken	de-id-a1-kata-makanan-minuman	REPEATED_IN_BOOK	
6	137	Beim Essen	Lernwortschatz	word	essen	essen	MERGE_BOOK_DUPLICATE	Gabungkan dengan rekaman sumber pertama baris data 94.	Goethe A1 Wortliste; Duden/DWDS	EXACT_SOURCE_MATCH	de-id-a1-kata-inti	essen	de-id-a1-kata-makanan-minuman	REPEATED_IN_BOOK	
6	137	Beim Essen	Lernwortschatz	word	kochen	kochen	MERGE_BOOK_DUPLICATE	Gabungkan dengan rekaman sumber pertama baris data 242.	Goethe A1 Wortliste; Duden/DWDS	EXACT_SOURCE_MATCH	de-id-a1-kata-profesi	kochen	de-id-a1-kata-makanan-minuman	REPEATED_IN_BOOK	
6	137	Beim Essen	Lernwortschatz	phrase	das Frühstück	das Frühstück	RECLASSIFY_AS_WORD	Nomina berartikel salah terklasifikasi sebagai frasa akibat heuristik inventaris; perlakukan sebagai kata dan tambahkan jamak jika relevan.	Goethe A1 Wortliste; Deutsche Welle Nicos Weg A1	ADD_TO_EXISTING_DECK			de-id-a1-frasa-restoran-belanja		
6	137	Beim Essen	Lernwortschatz	phrase	das Mittagessen	das Mittagessen	RECLASSIFY_AS_WORD	Nomina berartikel salah terklasifikasi sebagai frasa akibat heuristik inventaris; perlakukan sebagai kata dan tambahkan jamak jika relevan.	Goethe A1 Wortliste; Deutsche Welle Nicos Weg A1	ADD_TO_EXISTING_DECK			de-id-a1-frasa-restoran-belanja		
6	137	Beim Essen	Lernwortschatz	phrase	das Abendessen	das Abendessen	RECLASSIFY_AS_WORD	Nomina berartikel salah terklasifikasi sebagai frasa akibat heuristik inventaris; perlakukan sebagai kata dan tambahkan jamak jika relevan.	Goethe A1 Wortliste; Deutsche Welle Nicos Weg A1	ADD_TO_EXISTING_DECK			de-id-a1-frasa-restoran-belanja		
6	137	Beim Essen	Lernwortschatz	word	cremig	cremig	VERIFY_BEFORE_ADD		Goethe A1 Wortliste; Duden/DWDS	ADD_TO_EXISTING_DECK			de-id-a1-kata-makanan-minuman		
6	137	Beim Essen	Lernwortschatz	word	süß	süß	MERGE_BOOK_DUPLICATE	Gabungkan dengan rekaman sumber pertama baris data 296.	Goethe A1 Wortliste; Duden/DWDS	ADD_TO_EXISTING_DECK			de-id-a1-kata-makanan-minuman	REPEATED_IN_BOOK	
6	137	Beim Essen	Lernwortschatz	word	schmecken	schmecken	VERIFY_BEFORE_ADD		Goethe A1 Wortliste; Duden/DWDS	ADD_TO_EXISTING_DECK			de-id-a1-kata-makanan-minuman		
6	137	Beim Essen	Lernwortschatz	word	lecker	lecker	KEEP_EXISTING	Bentuk Jerman dan kategori telah tersedia; bandingkan arti Indonesia saat implementasi, jangan menambah kartu baru.	Goethe A1 Wortliste; Duden/DWDS	EXACT_SOURCE_MATCH	de-id-a1-kata-makanan-minuman	lecker	de-id-a1-kata-makanan-minuman		
6	137	Beim Essen	Lernwortschatz	word	empfehlen	empfehlen	VERIFY_BEFORE_ADD		Goethe A1 Wortliste; Duden/DWDS	ADD_TO_EXISTING_DECK			de-id-a1-kata-makanan-minuman	REPEATED_IN_BOOK	
6	137	Beim Essen	Lernwortschatz	phrase	die Speisekarte	die Speisekarte	RECLASSIFY_AS_WORD	Nomina berartikel salah terklasifikasi sebagai frasa akibat heuristik inventaris; perlakukan sebagai kata dan tambahkan jamak jika relevan.	Goethe A1 Wortliste; Deutsche Welle Nicos Weg A1	ADD_TO_EXISTING_DECK			de-id-a1-frasa-restoran-belanja	REPEATED_IN_BOOK	
6	137	Beim Essen	Lernwortschatz	word	mögen	mögen	VERIFY_BEFORE_ADD		Goethe A1 Wortliste; Duden/DWDS	ADD_TO_EXISTING_DECK			de-id-a1-kata-makanan-minuman		
6	137-138	Beim Einkaufen	Lernwortschatz	word	möchten	möchten	VERIFY_BEFORE_ADD		Goethe A1 Wortliste; Duden/DWDS	ADD_TO_EXISTING_DECK			de-id-a1-kata-makanan-minuman		
6	137-138	Beim Einkaufen	Lernwortschatz	word	bezahlen	bezahlen	KEEP_EXISTING	Bentuk Jerman dan kategori telah tersedia; bandingkan arti Indonesia saat implementasi, jangan menambah kartu baru.	Goethe A1 Wortliste; Duden/DWDS	EXACT_SOURCE_MATCH	de-id-a1-kata-inti	bezahlen	de-id-a1-kata-makanan-minuman		
6	137-138	Beim Einkaufen	Lernwortschatz	word	nehmen	nehmen	VERIFY_BEFORE_ADD		Goethe A1 Wortliste; Duden/DWDS	ADD_TO_EXISTING_DECK			de-id-a1-kata-makanan-minuman		
6	137-138	Beim Einkaufen	Lernwortschatz	word	brauchen	brauchen	KEEP_EXISTING	Bentuk Jerman dan kategori telah tersedia; bandingkan arti Indonesia saat implementasi, jangan menambah kartu baru.	Goethe A1 Wortliste; Duden/DWDS	EXACT_SOURCE_MATCH	de-id-a1-kata-inti	brauchen	de-id-a1-kata-makanan-minuman		
6	137-138	Beim Einkaufen	Lernwortschatz	word	billig	billig	KEEP_EXISTING	Bentuk Jerman dan kategori telah tersedia; bandingkan arti Indonesia saat implementasi, jangan menambah kartu baru.	Goethe A1 Wortliste; Duden/DWDS	EXACT_SOURCE_MATCH	de-id-a1-kata-inti	billig	de-id-a1-kata-makanan-minuman	REPEATED_IN_BOOK	
6	137-138	Beim Einkaufen	Lernwortschatz	word	teuer	teuer	KEEP_EXISTING	Bentuk Jerman dan kategori telah tersedia; bandingkan arti Indonesia saat implementasi, jangan menambah kartu baru.	Goethe A1 Wortliste; Duden/DWDS	EXACT_SOURCE_MATCH	de-id-a1-kata-inti	teuer	de-id-a1-kata-makanan-minuman	REPEATED_IN_BOOK	
6	137-138	Beim Einkaufen	Lernwortschatz	word	helfen	helfen	MERGE_BOOK_DUPLICATE	Gabungkan dengan rekaman sumber pertama baris data 247.	Goethe A1 Wortliste; Duden/DWDS	EXACT_SOURCE_MATCH	de-id-a1-kata-inti	helfen	de-id-a1-kata-makanan-minuman	REPEATED_IN_BOOK	
6	137-138	Beim Einkaufen	Lernwortschatz	word	kosten	kosten	VERIFY_BEFORE_ADD		Goethe A1 Wortliste; Duden/DWDS	ADD_TO_EXISTING_DECK			de-id-a1-kata-makanan-minuman		
6	137-138	Beim Einkaufen	Lernwortschatz	phrase	das Angebot	das Angebot	RECLASSIFY_AS_WORD	Nomina berartikel salah terklasifikasi sebagai frasa akibat heuristik inventaris; perlakukan sebagai kata dan tambahkan jamak jika relevan.	Goethe A1 Wortliste; Deutsche Welle Nicos Weg A1	ADD_TO_EXISTING_DECK			de-id-a1-frasa-restoran-belanja		
6	138	Tageszeiten	Lernwortschatz	phrase	jeden Morgen	jeden Morgen	VERIFY_BEFORE_ADD		Goethe A1 Wortliste; Deutsche Welle Nicos Weg A1	ADD_TO_EXISTING_DECK			de-id-a1-frasa-restoran-belanja		
6	138	Tageszeiten	Lernwortschatz	word	morgens	morgens	MERGE_BOOK_DUPLICATE	Gabungkan dengan rekaman sumber pertama baris data 106.	Goethe A1 Wortliste; Duden/DWDS	ADD_TO_EXISTING_DECK			de-id-a1-kata-makanan-minuman	REPEATED_IN_BOOK	
6	138	Tageszeiten	Lernwortschatz	phrase	am Mittag	am Mittag	VERIFY_BEFORE_ADD		Goethe A1 Wortliste; Deutsche Welle Nicos Weg A1	ADD_TO_EXISTING_DECK			de-id-a1-frasa-restoran-belanja		
6	138	Tageszeiten	Lernwortschatz	word	mittags	mittags	MERGE_BOOK_DUPLICATE	Gabungkan dengan rekaman sumber pertama baris data 266.	Goethe A1 Wortliste; Duden/DWDS	ADD_TO_EXISTING_DECK			de-id-a1-kata-makanan-minuman	REPEATED_IN_BOOK	
6	138	Tageszeiten	Lernwortschatz	word	abends	abends	MERGE_BOOK_DUPLICATE	Gabungkan dengan rekaman sumber pertama baris data 107.	Goethe A1 Wortliste; Duden/DWDS	ADD_TO_EXISTING_DECK			de-id-a1-kata-makanan-minuman	REPEATED_IN_BOOK	
6	138	Tageszeiten	Lernwortschatz	phrase	am Abend	am Abend	VERIFY_BEFORE_ADD		Goethe A1 Wortliste; Deutsche Welle Nicos Weg A1	ADD_TO_EXISTING_DECK			de-id-a1-frasa-restoran-belanja		
6	138	Gerichte	Lernwortschatz	phrase	der Döner	der Döner	RECLASSIFY_AS_WORD	Nomina berartikel salah terklasifikasi sebagai frasa akibat heuristik inventaris; perlakukan sebagai kata dan tambahkan jamak jika relevan.	Goethe A1 Wortliste; Deutsche Welle Nicos Weg A1	ADD_TO_EXISTING_DECK			de-id-a1-frasa-restoran-belanja		
6	138	Gerichte	Lernwortschatz	phrase	die Spaghetti	die Spaghetti	RECLASSIFY_AS_WORD	Nomina berartikel salah terklasifikasi sebagai frasa akibat heuristik inventaris; perlakukan sebagai kata dan tambahkan jamak jika relevan.	Goethe A1 Wortliste; Deutsche Welle Nicos Weg A1	ADD_TO_EXISTING_DECK			de-id-a1-frasa-restoran-belanja		
6	138	Gerichte	Lernwortschatz	phrase	der Apfelkuchen	der Apfelkuchen	RECLASSIFY_AS_WORD	Nomina berartikel salah terklasifikasi sebagai frasa akibat heuristik inventaris; perlakukan sebagai kata dan tambahkan jamak jika relevan.	Goethe A1 Wortliste; Deutsche Welle Nicos Weg A1	ADD_TO_EXISTING_DECK			de-id-a1-frasa-restoran-belanja		
6	138	Gerichte	Lernwortschatz	phrase	der Käsekuchen	der Käsekuchen	RECLASSIFY_AS_WORD	Nomina berartikel salah terklasifikasi sebagai frasa akibat heuristik inventaris; perlakukan sebagai kata dan tambahkan jamak jika relevan.	Goethe A1 Wortliste; Deutsche Welle Nicos Weg A1	ADD_TO_EXISTING_DECK			de-id-a1-frasa-restoran-belanja		
6	138	Gerichte	Lernwortschatz	phrase	der Kartoffelsalat	der Kartoffelsalat	RECLASSIFY_AS_WORD	Nomina berartikel salah terklasifikasi sebagai frasa akibat heuristik inventaris; perlakukan sebagai kata dan tambahkan jamak jika relevan.	Goethe A1 Wortliste; Deutsche Welle Nicos Weg A1	ADD_TO_EXISTING_DECK			de-id-a1-frasa-restoran-belanja		
6	138	Gerichte	Lernwortschatz	phrase	die Apfelsaftschorle	die Apfelsaftschorle	RECLASSIFY_AS_WORD	Nomina berartikel salah terklasifikasi sebagai frasa akibat heuristik inventaris; perlakukan sebagai kata dan tambahkan jamak jika relevan.	Goethe A1 Wortliste; Deutsche Welle Nicos Weg A1	ADD_TO_EXISTING_DECK			de-id-a1-frasa-restoran-belanja		
6	138	Gerichte	Lernwortschatz	phrase	die Currywurst	die Currywurst	RECLASSIFY_AS_WORD	Nomina berartikel salah terklasifikasi sebagai frasa akibat heuristik inventaris; perlakukan sebagai kata dan tambahkan jamak jika relevan.	Goethe A1 Wortliste; Deutsche Welle Nicos Weg A1	ADD_TO_EXISTING_DECK			de-id-a1-frasa-restoran-belanja	REPEATED_IN_BOOK	
6	138	Gerichte	Lernwortschatz	phrase	der Salat	der Salat	RECLASSIFY_AS_WORD	Nomina berartikel salah terklasifikasi sebagai frasa akibat heuristik inventaris; perlakukan sebagai kata dan tambahkan jamak jika relevan.	Goethe A1 Wortliste; Deutsche Welle Nicos Weg A1	ADD_TO_EXISTING_DECK			de-id-a1-frasa-restoran-belanja		
6	138	Gerichte	Lernwortschatz	phrase	das Hähnchen	das Hähnchen	MERGE_BOOK_DUPLICATE	Gabungkan dengan rekaman sumber pertama baris data 416.	Goethe A1 Wortliste; Deutsche Welle Nicos Weg A1	ADD_TO_EXISTING_DECK			de-id-a1-frasa-restoran-belanja	REPEATED_IN_BOOK	
6	138	Gerichte	Lernwortschatz	phrase	das Schnitzel	das Schnitzel	RECLASSIFY_AS_WORD	Nomina berartikel salah terklasifikasi sebagai frasa akibat heuristik inventaris; perlakukan sebagai kata dan tambahkan jamak jika relevan.	Goethe A1 Wortliste; Deutsche Welle Nicos Weg A1	ADD_TO_EXISTING_DECK			de-id-a1-frasa-restoran-belanja		
6	138	Gerichte	Lernwortschatz	phrase	die Tomatensuppe	die Tomatensuppe	RECLASSIFY_AS_WORD	Nomina berartikel salah terklasifikasi sebagai frasa akibat heuristik inventaris; perlakukan sebagai kata dan tambahkan jamak jika relevan.	Goethe A1 Wortliste; Deutsche Welle Nicos Weg A1	ADD_TO_EXISTING_DECK			de-id-a1-frasa-restoran-belanja		
6	138	Gerichte	Lernwortschatz	phrase	das Spiegelei	das Spiegelei	RECLASSIFY_AS_WORD	Nomina berartikel salah terklasifikasi sebagai frasa akibat heuristik inventaris; perlakukan sebagai kata dan tambahkan jamak jika relevan.	Goethe A1 Wortliste; Deutsche Welle Nicos Weg A1	ADD_TO_EXISTING_DECK			de-id-a1-frasa-restoran-belanja		
6	138	Im Restaurant	Lernwortschatz	word	bestellen	bestellen	VERIFY_BEFORE_ADD		Goethe A1 Wortliste; Duden/DWDS	ADD_TO_EXISTING_DECK			de-id-a1-kata-makanan-minuman		
6	138	Im Restaurant	Lernwortschatz	phrase	die Rechnung	die Rechnung	RECLASSIFY_AS_WORD	Nomina berartikel salah terklasifikasi sebagai frasa akibat heuristik inventaris; perlakukan sebagai kata dan tambahkan jamak jika relevan.	Goethe A1 Wortliste; Deutsche Welle Nicos Weg A1	HEADWORD_OR_VARIANT_MATCH	de-id-a1-frasa-sehari-hari	Die Rechnung, bitte.	de-id-a1-frasa-restoran-belanja		
6	138	Im Restaurant	Lernwortschatz	phrase	die Empfehlung	die Empfehlung	RECLASSIFY_AS_WORD	Nomina berartikel salah terklasifikasi sebagai frasa akibat heuristik inventaris; perlakukan sebagai kata dan tambahkan jamak jika relevan.	Goethe A1 Wortliste; Deutsche Welle Nicos Weg A1	ADD_TO_EXISTING_DECK			de-id-a1-frasa-restoran-belanja		
6	138	Im Restaurant	Lernwortschatz	word	empfehlen	empfehlen	MERGE_BOOK_DUPLICATE	Gabungkan dengan rekaman sumber pertama baris data 449.	Goethe A1 Wortliste; Duden/DWDS	ADD_TO_EXISTING_DECK			de-id-a1-kata-makanan-minuman	REPEATED_IN_BOOK	
6	138	Im Restaurant	Lernwortschatz	phrase	der Nachtisch	der Nachtisch	RECLASSIFY_AS_WORD	Nomina berartikel salah terklasifikasi sebagai frasa akibat heuristik inventaris; perlakukan sebagai kata dan tambahkan jamak jika relevan.	Goethe A1 Wortliste; Deutsche Welle Nicos Weg A1	ADD_TO_EXISTING_DECK			de-id-a1-frasa-restoran-belanja		
6	138	Im Restaurant	Lernwortschatz	phrase	die Speisekarte	die Speisekarte	MERGE_BOOK_DUPLICATE	Gabungkan dengan rekaman sumber pertama baris data 450.	Goethe A1 Wortliste; Deutsche Welle Nicos Weg A1	ADD_TO_EXISTING_DECK			de-id-a1-frasa-restoran-belanja	REPEATED_IN_BOOK	
6	138	Im Restaurant	Lernwortschatz	phrase	das Restaurant	das Restaurant	RECLASSIFY_AS_WORD	Nomina berartikel salah terklasifikasi sebagai frasa akibat heuristik inventaris; perlakukan sebagai kata dan tambahkan jamak jika relevan.	Goethe A1 Wortliste; Deutsche Welle Nicos Weg A1	ADD_TO_EXISTING_DECK			de-id-a1-frasa-restoran-belanja	REPEATED_IN_BOOK	
6	138	Im Restaurant	Lernwortschatz	sentence	Guten Appetit!	Guten Appetit!	VERIFY_BEFORE_ADD		Goethe A1 Wortliste; Deutsche Welle Nicos Weg A1	ADD_TO_EXISTING_DECK			de-id-a1-kalimat-nyata		
6	138	Im Restaurant	Lernwortschatz	phrase	der Gast	der Gast	RECLASSIFY_AS_WORD	Nomina berartikel salah terklasifikasi sebagai frasa akibat heuristik inventaris; perlakukan sebagai kata dan tambahkan jamak jika relevan.	Goethe A1 Wortliste; Deutsche Welle Nicos Weg A1	ADD_TO_EXISTING_DECK			de-id-a1-frasa-restoran-belanja		
6	138	Im Restaurant	Lernwortschatz	phrase	die Gästin	die Gästin	RECLASSIFY_AS_WORD	Nomina berartikel salah terklasifikasi sebagai frasa akibat heuristik inventaris; perlakukan sebagai kata dan tambahkan jamak jika relevan.	Goethe A1 Wortliste; Deutsche Welle Nicos Weg A1	ADD_TO_EXISTING_DECK			de-id-a1-frasa-restoran-belanja		
6	138	Andere wichtige Wörter	Lernwortschatz	word	frisch	frisch	KEEP_EXISTING	Bentuk Jerman dan kategori telah tersedia; bandingkan arti Indonesia saat implementasi, jangan menambah kartu baru.	Goethe A1 Wortliste; Duden/DWDS	EXACT_SOURCE_MATCH	de-id-a1-kata-makanan-minuman	frisch	de-id-a1-kata-makanan-minuman		
6	138	Andere wichtige Wörter	Lernwortschatz	phrase	in der Mensa	in der Mensa	VERIFY_BEFORE_ADD		Goethe A1 Wortliste; Deutsche Welle Nicos Weg A1	ADD_TO_EXISTING_DECK			de-id-a1-frasa-restoran-belanja		
6	138	Andere wichtige Wörter	Lernwortschatz	word	zusammen	zusammen	VERIFY_BEFORE_ADD		Goethe A1 Wortliste; Duden/DWDS	ADD_TO_EXISTING_DECK			de-id-a1-kata-makanan-minuman		
6	138	Andere wichtige Wörter	Lernwortschatz	word	oft	oft	MERGE_BOOK_DUPLICATE	Gabungkan dengan rekaman sumber pertama baris data 271.	Goethe A1 Wortliste; Duden/DWDS	ADD_TO_EXISTING_DECK			de-id-a1-kata-makanan-minuman	REPEATED_IN_BOOK	
6	138	Andere wichtige Wörter	Lernwortschatz	word	manchmal	manchmal	MERGE_BOOK_DUPLICATE	Gabungkan dengan rekaman sumber pertama baris data 270.	Goethe A1 Wortliste; Duden/DWDS	ADD_TO_EXISTING_DECK			de-id-a1-kata-makanan-minuman	REPEATED_IN_BOOK	
6	138	Andere wichtige Wörter	Lernwortschatz	phrase	im Supermarkt	im Supermarkt	VERIFY_BEFORE_ADD		Goethe A1 Wortliste; Deutsche Welle Nicos Weg A1	ADD_TO_EXISTING_DECK			de-id-a1-frasa-restoran-belanja		
6	138	Andere wichtige Wörter	Lernwortschatz	phrase	die Spezialität	die Spezialität	RECLASSIFY_AS_WORD	Nomina berartikel salah terklasifikasi sebagai frasa akibat heuristik inventaris; perlakukan sebagai kata dan tambahkan jamak jika relevan.	Goethe A1 Wortliste; Deutsche Welle Nicos Weg A1	ADD_TO_EXISTING_DECK			de-id-a1-frasa-restoran-belanja	REPEATED_IN_BOOK	
6	139	Vorlieben und Essen	Redemittel	sentence	Essen Sie gern …?	Essen Sie gern …?	KEEP_AS_PATTERN_ONLY	Berguna sebagai pola Redemittel, tetapi jangan dimasukkan sebagai kartu final sebelum placeholder diisi dengan contoh natural.	Goethe A1 Wortliste; Deutsche Welle Nicos Weg A1	ADD_TO_EXISTING_DECK			de-id-a1-kalimat-nyata	PATTERN_OR_PLACEHOLDER	
6	139	Vorlieben und Essen	Redemittel	sentence	Trinken Sie gern …?	Trinken Sie gern …?	KEEP_AS_PATTERN_ONLY	Berguna sebagai pola Redemittel, tetapi jangan dimasukkan sebagai kartu final sebelum placeholder diisi dengan contoh natural.	Goethe A1 Wortliste; Deutsche Welle Nicos Weg A1	ADD_TO_EXISTING_DECK			de-id-a1-kalimat-nyata	PATTERN_OR_PLACEHOLDER	
6	139	Vorlieben und Essen	Redemittel	sentence	Isst du gern …?	Isst du gern …?	KEEP_AS_PATTERN_ONLY	Berguna sebagai pola Redemittel, tetapi jangan dimasukkan sebagai kartu final sebelum placeholder diisi dengan contoh natural.	Goethe A1 Wortliste; Deutsche Welle Nicos Weg A1	ADD_TO_EXISTING_DECK			de-id-a1-kalimat-nyata	PATTERN_OR_PLACEHOLDER	
6	139	Vorlieben und Essen	Redemittel	sentence	Trinkst du gern …?	Trinkst du gern …?	KEEP_AS_PATTERN_ONLY	Berguna sebagai pola Redemittel, tetapi jangan dimasukkan sebagai kartu final sebelum placeholder diisi dengan contoh natural.	Goethe A1 Wortliste; Deutsche Welle Nicos Weg A1	ADD_TO_EXISTING_DECK			de-id-a1-kalimat-nyata	PATTERN_OR_PLACEHOLDER	
6	139	Vorlieben und Essen	Redemittel	sentence	Was essen Sie gern?	Was essen Sie gern?	VERIFY_BEFORE_ADD		Goethe A1 Wortliste; Deutsche Welle Nicos Weg A1	ADD_TO_EXISTING_DECK			de-id-a1-kalimat-nyata	PATTERN_OR_PLACEHOLDER	
6	139	Vorlieben und Essen	Redemittel	sentence	Was isst du nicht gern?	Was isst du nicht gern?	VERIFY_BEFORE_ADD		Goethe A1 Wortliste; Deutsche Welle Nicos Weg A1	ADD_TO_EXISTING_DECK			de-id-a1-kalimat-nyata	PATTERN_OR_PLACEHOLDER	
6	139	Vorlieben und Essen	Redemittel	sentence	Was trinken Sie gern?	Was trinken Sie gern?	VERIFY_BEFORE_ADD		Goethe A1 Wortliste; Deutsche Welle Nicos Weg A1	ADD_TO_EXISTING_DECK			de-id-a1-kalimat-nyata	PATTERN_OR_PLACEHOLDER	
6	139	Vorlieben und Essen	Redemittel	sentence	Was trinkst du nicht gern?	Was trinkst du nicht gern?	VERIFY_BEFORE_ADD		Goethe A1 Wortliste; Deutsche Welle Nicos Weg A1	ADD_TO_EXISTING_DECK			de-id-a1-kalimat-nyata	PATTERN_OR_PLACEHOLDER	
6	139	Vorlieben und Essen	Redemittel	sentence	Ja, sehr gern.	Ja, sehr gern.	VERIFY_BEFORE_ADD		Goethe A1 Wortliste; Deutsche Welle Nicos Weg A1	ADD_TO_EXISTING_DECK			de-id-a1-kalimat-nyata		
6	139	Vorlieben und Essen	Redemittel	sentence	Nein, nicht so gern.	Nein, nicht so gern.	VERIFY_BEFORE_ADD		Goethe A1 Wortliste; Deutsche Welle Nicos Weg A1	ADD_TO_EXISTING_DECK			de-id-a1-kalimat-nyata	REPEATED_IN_BOOK	
6	139	Vorlieben und Essen	Redemittel	sentence	Ich esse gern …	Ich esse gern …	KEEP_AS_PATTERN_ONLY	Berguna sebagai pola Redemittel, tetapi jangan dimasukkan sebagai kartu final sebelum placeholder diisi dengan contoh natural.	Goethe A1 Wortliste; Deutsche Welle Nicos Weg A1	ADD_TO_EXISTING_DECK			de-id-a1-kalimat-nyata	PATTERN_OR_PLACEHOLDER	
6	139	Vorlieben und Essen	Redemittel	sentence	Ich trinke nicht gern …	Ich trinke nicht gern …	KEEP_AS_PATTERN_ONLY	Berguna sebagai pola Redemittel, tetapi jangan dimasukkan sebagai kartu final sebelum placeholder diisi dengan contoh natural.	Goethe A1 Wortliste; Deutsche Welle Nicos Weg A1	ADD_TO_EXISTING_DECK			de-id-a1-kalimat-nyata	PATTERN_OR_PLACEHOLDER	
6	139	Vorlieben und Essen	Redemittel	sentence	Ich mag … sehr gern.	Ich mag … sehr gern.	KEEP_AS_PATTERN_ONLY	Berguna sebagai pola Redemittel, tetapi jangan dimasukkan sebagai kartu final sebelum placeholder diisi dengan contoh natural.	Goethe A1 Wortliste; Deutsche Welle Nicos Weg A1	ADD_TO_EXISTING_DECK			de-id-a1-kalimat-nyata	PATTERN_OR_PLACEHOLDER	
6	139	Vorlieben und Essen	Redemittel	sentence	Ich mag keinen …	Ich mag keinen …	KEEP_AS_PATTERN_ONLY	Berguna sebagai pola Redemittel, tetapi jangan dimasukkan sebagai kartu final sebelum placeholder diisi dengan contoh natural.	Goethe A1 Wortliste; Deutsche Welle Nicos Weg A1	ADD_TO_EXISTING_DECK			de-id-a1-kalimat-nyata	PATTERN_OR_PLACEHOLDER	
6	139	Vorlieben und Essen	Redemittel	phrase	Zum Frühstück esse ich …	Zum Frühstück esse ich …	KEEP_AS_PATTERN_ONLY	Berguna sebagai pola Redemittel, tetapi jangan dimasukkan sebagai kartu final sebelum placeholder diisi dengan contoh natural.	Goethe A1 Wortliste; Deutsche Welle Nicos Weg A1	ADD_TO_EXISTING_DECK			de-id-a1-frasa-restoran-belanja	PATTERN_OR_PLACEHOLDER	
6	139	Vorlieben und Essen	Redemittel	phrase	Mittags mag ich …	Mittags mag ich …	KEEP_AS_PATTERN_ONLY	Berguna sebagai pola Redemittel, tetapi jangan dimasukkan sebagai kartu final sebelum placeholder diisi dengan contoh natural.	Goethe A1 Wortliste; Deutsche Welle Nicos Weg A1	ADD_TO_EXISTING_DECK			de-id-a1-frasa-restoran-belanja	PATTERN_OR_PLACEHOLDER	
6	139	Vorlieben und Essen	Redemittel	sentence	Ich bin satt.	Ich bin satt.	VERIFY_BEFORE_ADD		Goethe A1 Wortliste; Deutsche Welle Nicos Weg A1	ADD_TO_EXISTING_DECK			de-id-a1-kalimat-nyata		
6	139	Restaurant und Einkauf	Redemittel	sentence	Was möchten Sie bestellen?	Was möchten Sie bestellen?	VERIFY_BEFORE_ADD		Goethe A1 Wortliste; Deutsche Welle Nicos Weg A1	ADD_TO_EXISTING_DECK			de-id-a1-kalimat-nyata	PATTERN_OR_PLACEHOLDER	
6	139	Restaurant und Einkauf	Redemittel	sentence	Was möchten Sie essen?	Was möchten Sie essen?	VERIFY_BEFORE_ADD		Goethe A1 Wortliste; Deutsche Welle Nicos Weg A1	ADD_TO_EXISTING_DECK			de-id-a1-kalimat-nyata	PATTERN_OR_PLACEHOLDER	
6	139	Restaurant und Einkauf	Redemittel	sentence	Was möchten Sie trinken?	Was möchten Sie trinken?	VERIFY_BEFORE_ADD		Goethe A1 Wortliste; Deutsche Welle Nicos Weg A1	ADD_TO_EXISTING_DECK			de-id-a1-kalimat-nyata	PATTERN_OR_PLACEHOLDER	
6	139	Restaurant und Einkauf	Redemittel	sentence	Ich hätte gern …	Ich hätte gern …	KEEP_AS_PATTERN_ONLY	Berguna sebagai pola Redemittel, tetapi jangan dimasukkan sebagai kartu final sebelum placeholder diisi dengan contoh natural.	Goethe A1 Wortliste; Deutsche Welle Nicos Weg A1	ADD_TO_EXISTING_DECK			de-id-a1-kalimat-nyata	PATTERN_OR_PLACEHOLDER	
6	139	Restaurant und Einkauf	Redemittel	sentence	Ich möchte …	Ich möchte …	KEEP_AS_PATTERN_ONLY	Berguna sebagai pola Redemittel, tetapi jangan dimasukkan sebagai kartu final sebelum placeholder diisi dengan contoh natural.	Goethe A1 Wortliste; Deutsche Welle Nicos Weg A1	ADD_TO_EXISTING_DECK			de-id-a1-kalimat-nyata	PATTERN_OR_PLACEHOLDER	
6	139	Restaurant und Einkauf	Redemittel	sentence	Können Sie mir etwas empfehlen?	Können Sie mir etwas empfehlen?	VERIFY_BEFORE_ADD		Goethe A1 Wortliste; Deutsche Welle Nicos Weg A1	ADD_TO_EXISTING_DECK			de-id-a1-kalimat-nyata	PATTERN_OR_PLACEHOLDER	
6	139	Restaurant und Einkauf	Redemittel	sentence	Wir möchten bezahlen.	Wir möchten bezahlen.	VERIFY_BEFORE_ADD		Goethe A1 Wortliste; Deutsche Welle Nicos Weg A1	ADD_TO_EXISTING_DECK			de-id-a1-kalimat-nyata		
6	139	Restaurant und Einkauf	Redemittel	sentence	Zusammen oder getrennt?	Zusammen oder getrennt?	VERIFY_BEFORE_ADD		Goethe A1 Wortliste; Deutsche Welle Nicos Weg A1	ADD_TO_EXISTING_DECK			de-id-a1-kalimat-nyata	PATTERN_OR_PLACEHOLDER	
6	139	Restaurant und Einkauf	Redemittel	sentence	Was darf es sein?	Was darf es sein?	VERIFY_BEFORE_ADD		Goethe A1 Wortliste; Deutsche Welle Nicos Weg A1	ADD_TO_EXISTING_DECK			de-id-a1-kalimat-nyata	PATTERN_OR_PLACEHOLDER	
6	139	Restaurant und Einkauf	Redemittel	sentence	Sonst noch etwas?	Sonst noch etwas?	VERIFY_BEFORE_ADD		Goethe A1 Wortliste; Deutsche Welle Nicos Weg A1	ADD_TO_EXISTING_DECK			de-id-a1-kalimat-nyata	PATTERN_OR_PLACEHOLDER	
6	139	Restaurant und Einkauf	Redemittel	sentence	Ist das alles?	Ist das alles?	VERIFY_BEFORE_ADD		Goethe A1 Wortliste; Deutsche Welle Nicos Weg A1	ADD_TO_EXISTING_DECK			de-id-a1-kalimat-nyata	PATTERN_OR_PLACEHOLDER	
6	139	Restaurant und Einkauf	Redemittel	sentence	Das macht … Euro.	Das macht … Euro.	KEEP_AS_PATTERN_ONLY	Berguna sebagai pola Redemittel, tetapi jangan dimasukkan sebagai kartu final sebelum placeholder diisi dengan contoh natural.	Goethe A1 Wortliste; Deutsche Welle Nicos Weg A1	ADD_TO_EXISTING_DECK			de-id-a1-kalimat-nyata	PATTERN_OR_PLACEHOLDER	
6	139	Restaurant und Einkauf	Redemittel	sentence	Ich brauche …	Ich brauche …	KEEP_AS_PATTERN_ONLY	Berguna sebagai pola Redemittel, tetapi jangan dimasukkan sebagai kartu final sebelum placeholder diisi dengan contoh natural.	Goethe A1 Wortliste; Deutsche Welle Nicos Weg A1	ADD_TO_EXISTING_DECK			de-id-a1-kalimat-nyata	PATTERN_OR_PLACEHOLDER	
6	139	Restaurant und Einkauf	Redemittel	sentence	Ich nehme …	Ich nehme …	KEEP_AS_PATTERN_ONLY	Berguna sebagai pola Redemittel, tetapi jangan dimasukkan sebagai kartu final sebelum placeholder diisi dengan contoh natural.	Goethe A1 Wortliste; Deutsche Welle Nicos Weg A1	ADD_TO_EXISTING_DECK			de-id-a1-kalimat-nyata	PATTERN_OR_PLACEHOLDER	
6	139	Restaurant und Einkauf	Redemittel	sentence	Haben Sie …?	Haben Sie …?	KEEP_AS_PATTERN_ONLY	Berguna sebagai pola Redemittel, tetapi jangan dimasukkan sebagai kartu final sebelum placeholder diisi dengan contoh natural.	Goethe A1 Wortliste; Deutsche Welle Nicos Weg A1	ADD_TO_EXISTING_DECK			de-id-a1-kalimat-nyata	PATTERN_OR_PLACEHOLDER	
6	139	Restaurant und Einkauf	Redemittel	sentence	Wie viel kostet …?	Wie viel kostet …?	KEEP_AS_PATTERN_ONLY	Berguna sebagai pola Redemittel, tetapi jangan dimasukkan sebagai kartu final sebelum placeholder diisi dengan contoh natural.	Goethe A1 Wortliste; Deutsche Welle Nicos Weg A1	ADD_TO_EXISTING_DECK			de-id-a1-kalimat-nyata	REPEATED_IN_BOOK|PATTERN_OR_PLACEHOLDER	
6	139	Restaurant und Einkauf	Redemittel	sentence	Was kostet …?	Was kostet …?	KEEP_AS_PATTERN_ONLY	Berguna sebagai pola Redemittel, tetapi jangan dimasukkan sebagai kartu final sebelum placeholder diisi dengan contoh natural.	Goethe A1 Wortliste; Deutsche Welle Nicos Weg A1	ADD_TO_EXISTING_DECK			de-id-a1-kalimat-nyata	PATTERN_OR_PLACEHOLDER	
7	171	Oberteile	Lernwortschatz	phrase	das T-Shirt	das T-Shirt	RECLASSIFY_AS_WORD	Nomina berartikel salah terklasifikasi sebagai frasa akibat heuristik inventaris; perlakukan sebagai kata dan tambahkan jamak jika relevan.	Goethe A1 Wortliste; Deutsche Welle Nicos Weg A1	ADD_TO_NEW_DECK			de-id-a1-frasa-pakaian-belanja	NEEDS_EDITORIAL_REVIEW	Sumber mencantumkan der Rock juga pada Oberteile; klasifikasi perlu diperiksa
7	171	Oberteile	Lernwortschatz	phrase	das Hemd	das Hemd	RECLASSIFY_AS_WORD	Nomina berartikel salah terklasifikasi sebagai frasa akibat heuristik inventaris; perlakukan sebagai kata dan tambahkan jamak jika relevan.	Goethe A1 Wortliste; Deutsche Welle Nicos Weg A1	ADD_TO_NEW_DECK			de-id-a1-frasa-pakaian-belanja	NEEDS_EDITORIAL_REVIEW	Sumber mencantumkan der Rock juga pada Oberteile; klasifikasi perlu diperiksa
7	171	Oberteile	Lernwortschatz	phrase	die Bluse	die Bluse	RECLASSIFY_AS_WORD	Nomina berartikel salah terklasifikasi sebagai frasa akibat heuristik inventaris; perlakukan sebagai kata dan tambahkan jamak jika relevan.	Goethe A1 Wortliste; Deutsche Welle Nicos Weg A1	ADD_TO_NEW_DECK			de-id-a1-frasa-pakaian-belanja	NEEDS_EDITORIAL_REVIEW	Sumber mencantumkan der Rock juga pada Oberteile; klasifikasi perlu diperiksa
7	171	Oberteile	Lernwortschatz	phrase	der Blazer	der Blazer	RECLASSIFY_AS_WORD	Nomina berartikel salah terklasifikasi sebagai frasa akibat heuristik inventaris; perlakukan sebagai kata dan tambahkan jamak jika relevan.	Goethe A1 Wortliste; Deutsche Welle Nicos Weg A1	ADD_TO_NEW_DECK			de-id-a1-frasa-pakaian-belanja	NEEDS_EDITORIAL_REVIEW	Sumber mencantumkan der Rock juga pada Oberteile; klasifikasi perlu diperiksa
7	171	Oberteile	Lernwortschatz	phrase	der Cardigan	der Cardigan	RECLASSIFY_AS_WORD	Nomina berartikel salah terklasifikasi sebagai frasa akibat heuristik inventaris; perlakukan sebagai kata dan tambahkan jamak jika relevan.	Goethe A1 Wortliste; Deutsche Welle Nicos Weg A1	ADD_TO_NEW_DECK			de-id-a1-frasa-pakaian-belanja	NEEDS_EDITORIAL_REVIEW	Sumber mencantumkan der Rock juga pada Oberteile; klasifikasi perlu diperiksa
7	171	Oberteile	Lernwortschatz	phrase	der Pullover / der Pulli	der Pullover / der Pulli	RECLASSIFY_AS_WORD	Nomina berartikel salah terklasifikasi sebagai frasa akibat heuristik inventaris; perlakukan sebagai kata dan tambahkan jamak jika relevan.	Goethe A1 Wortliste; Deutsche Welle Nicos Weg A1	ADD_TO_NEW_DECK			de-id-a1-frasa-pakaian-belanja	NEEDS_EDITORIAL_REVIEW	Sumber mencantumkan der Rock juga pada Oberteile; klasifikasi perlu diperiksa
7	171	Oberteile	Lernwortschatz	phrase	der Hoodie	der Hoodie	RECLASSIFY_AS_WORD	Nomina berartikel salah terklasifikasi sebagai frasa akibat heuristik inventaris; perlakukan sebagai kata dan tambahkan jamak jika relevan.	Goethe A1 Wortliste; Deutsche Welle Nicos Weg A1	ADD_TO_NEW_DECK			de-id-a1-frasa-pakaian-belanja	NEEDS_EDITORIAL_REVIEW	Sumber mencantumkan der Rock juga pada Oberteile; klasifikasi perlu diperiksa
7	171	Oberteile	Lernwortschatz	phrase	das Sweatshirt	das Sweatshirt	RECLASSIFY_AS_WORD	Nomina berartikel salah terklasifikasi sebagai frasa akibat heuristik inventaris; perlakukan sebagai kata dan tambahkan jamak jika relevan.	Goethe A1 Wortliste; Deutsche Welle Nicos Weg A1	ADD_TO_NEW_DECK			de-id-a1-frasa-pakaian-belanja	NEEDS_EDITORIAL_REVIEW	Sumber mencantumkan der Rock juga pada Oberteile; klasifikasi perlu diperiksa
7	171	Oberteile	Lernwortschatz	phrase	die Jacke	die Jacke	RECLASSIFY_AS_WORD	Nomina berartikel salah terklasifikasi sebagai frasa akibat heuristik inventaris; perlakukan sebagai kata dan tambahkan jamak jika relevan.	Goethe A1 Wortliste; Deutsche Welle Nicos Weg A1	ADD_TO_NEW_DECK			de-id-a1-frasa-pakaian-belanja	NEEDS_EDITORIAL_REVIEW	Sumber mencantumkan der Rock juga pada Oberteile; klasifikasi perlu diperiksa
7	171	Oberteile	Lernwortschatz	phrase	der Mantel	der Mantel	RECLASSIFY_AS_WORD	Nomina berartikel salah terklasifikasi sebagai frasa akibat heuristik inventaris; perlakukan sebagai kata dan tambahkan jamak jika relevan.	Goethe A1 Wortliste; Deutsche Welle Nicos Weg A1	ADD_TO_NEW_DECK			de-id-a1-frasa-pakaian-belanja	NEEDS_EDITORIAL_REVIEW	Sumber mencantumkan der Rock juga pada Oberteile; klasifikasi perlu diperiksa
7	171	Oberteile	Lernwortschatz	phrase	das Kleid	das Kleid	RECLASSIFY_AS_WORD	Nomina berartikel salah terklasifikasi sebagai frasa akibat heuristik inventaris; perlakukan sebagai kata dan tambahkan jamak jika relevan.	Goethe A1 Wortliste; Deutsche Welle Nicos Weg A1	ADD_TO_NEW_DECK			de-id-a1-frasa-pakaian-belanja	NEEDS_EDITORIAL_REVIEW	Sumber mencantumkan der Rock juga pada Oberteile; klasifikasi perlu diperiksa
7	171	Oberteile	Lernwortschatz	phrase	das Wildlederkleid	das Wildlederkleid	RECLASSIFY_AS_WORD	Nomina berartikel salah terklasifikasi sebagai frasa akibat heuristik inventaris; perlakukan sebagai kata dan tambahkan jamak jika relevan.	Goethe A1 Wortliste; Deutsche Welle Nicos Weg A1	ADD_TO_NEW_DECK			de-id-a1-frasa-pakaian-belanja	NEEDS_EDITORIAL_REVIEW	Sumber mencantumkan der Rock juga pada Oberteile; klasifikasi perlu diperiksa
7	171	Oberteile	Lernwortschatz	phrase	der Rock	der Rock, die Röcke	MERGE_BOOK_DUPLICATE	Pertahankan satu kali pada pakaian bagian bawah; kemunculan di Oberteile merupakan salah klasifikasi sumber.	Duden/DWDS: Rock	ADD_TO_NEW_DECK			de-id-a1-frasa-pakaian-belanja	REPEATED_IN_BOOK|NEEDS_EDITORIAL_REVIEW	Sumber mencantumkan der Rock juga pada Oberteile; klasifikasi perlu diperiksa
7	171	Oberteile	Lernwortschatz	phrase	das Dirndl	das Dirndl	RECLASSIFY_AS_WORD	Nomina berartikel salah terklasifikasi sebagai frasa akibat heuristik inventaris; perlakukan sebagai kata dan tambahkan jamak jika relevan.	Goethe A1 Wortliste; Deutsche Welle Nicos Weg A1	ADD_TO_NEW_DECK			de-id-a1-frasa-pakaian-belanja	NEEDS_EDITORIAL_REVIEW	Sumber mencantumkan der Rock juga pada Oberteile; klasifikasi perlu diperiksa
7	171	Oberteile	Lernwortschatz	phrase	das Top	das Top	RECLASSIFY_AS_WORD	Nomina berartikel salah terklasifikasi sebagai frasa akibat heuristik inventaris; perlakukan sebagai kata dan tambahkan jamak jika relevan.	Goethe A1 Wortliste; Deutsche Welle Nicos Weg A1	ADD_TO_NEW_DECK			de-id-a1-frasa-pakaian-belanja	NEEDS_EDITORIAL_REVIEW	Sumber mencantumkan der Rock juga pada Oberteile; klasifikasi perlu diperiksa
7	171	Oberteile	Lernwortschatz	phrase	die Weste	die Weste	RECLASSIFY_AS_WORD	Nomina berartikel salah terklasifikasi sebagai frasa akibat heuristik inventaris; perlakukan sebagai kata dan tambahkan jamak jika relevan.	Goethe A1 Wortliste; Deutsche Welle Nicos Weg A1	ADD_TO_NEW_DECK			de-id-a1-frasa-pakaian-belanja	NEEDS_EDITORIAL_REVIEW	Sumber mencantumkan der Rock juga pada Oberteile; klasifikasi perlu diperiksa
7	171	Oberteile	Lernwortschatz	phrase	das Langarmshirt	das Langarmshirt	RECLASSIFY_AS_WORD	Nomina berartikel salah terklasifikasi sebagai frasa akibat heuristik inventaris; perlakukan sebagai kata dan tambahkan jamak jika relevan.	Goethe A1 Wortliste; Deutsche Welle Nicos Weg A1	ADD_TO_NEW_DECK			de-id-a1-frasa-pakaian-belanja	NEEDS_EDITORIAL_REVIEW	Sumber mencantumkan der Rock juga pada Oberteile; klasifikasi perlu diperiksa
7	171	Oberteile	Lernwortschatz	phrase	das Poloshirt	das Poloshirt	RECLASSIFY_AS_WORD	Nomina berartikel salah terklasifikasi sebagai frasa akibat heuristik inventaris; perlakukan sebagai kata dan tambahkan jamak jika relevan.	Goethe A1 Wortliste; Deutsche Welle Nicos Weg A1	ADD_TO_NEW_DECK			de-id-a1-frasa-pakaian-belanja	NEEDS_EDITORIAL_REVIEW	Sumber mencantumkan der Rock juga pada Oberteile; klasifikasi perlu diperiksa
7	171	Oberteile	Lernwortschatz	phrase	die Strickjacke	die Strickjacke	RECLASSIFY_AS_WORD	Nomina berartikel salah terklasifikasi sebagai frasa akibat heuristik inventaris; perlakukan sebagai kata dan tambahkan jamak jika relevan.	Goethe A1 Wortliste; Deutsche Welle Nicos Weg A1	ADD_TO_NEW_DECK			de-id-a1-frasa-pakaian-belanja	NEEDS_EDITORIAL_REVIEW	Sumber mencantumkan der Rock juga pada Oberteile; klasifikasi perlu diperiksa
7	171	Unterteile	Lernwortschatz	phrase	die Hose	die Hose	RECLASSIFY_AS_WORD	Nomina berartikel salah terklasifikasi sebagai frasa akibat heuristik inventaris; perlakukan sebagai kata dan tambahkan jamak jika relevan.	Goethe A1 Wortliste; Deutsche Welle Nicos Weg A1	ADD_TO_NEW_DECK			de-id-a1-frasa-pakaian-belanja		
7	171	Unterteile	Lernwortschatz	phrase	die Jeans	die Jeans	RECLASSIFY_AS_WORD	Nomina berartikel salah terklasifikasi sebagai frasa akibat heuristik inventaris; perlakukan sebagai kata dan tambahkan jamak jika relevan.	Goethe A1 Wortliste; Deutsche Welle Nicos Weg A1	ADD_TO_NEW_DECK			de-id-a1-frasa-pakaian-belanja		
7	171	Unterteile	Lernwortschatz	phrase	der Rock	der Rock, die Röcke	MERGE_BOOK_DUPLICATE	Pertahankan satu kali pada pakaian bagian bawah; kemunculan di Oberteile merupakan salah klasifikasi sumber.	Duden/DWDS: Rock	ADD_TO_NEW_DECK			de-id-a1-frasa-pakaian-belanja	REPEATED_IN_BOOK	
7	171	Unterteile	Lernwortschatz	phrase	die kurze Hose	die kurze Hose	RECLASSIFY_AS_WORD	Nomina berartikel salah terklasifikasi sebagai frasa akibat heuristik inventaris; perlakukan sebagai kata dan tambahkan jamak jika relevan.	Goethe A1 Wortliste; Deutsche Welle Nicos Weg A1	ADD_TO_NEW_DECK			de-id-a1-frasa-pakaian-belanja		
7	171	Unterteile	Lernwortschatz	phrase	die Jogginghose	die Jogginghose	RECLASSIFY_AS_WORD	Nomina berartikel salah terklasifikasi sebagai frasa akibat heuristik inventaris; perlakukan sebagai kata dan tambahkan jamak jika relevan.	Goethe A1 Wortliste; Deutsche Welle Nicos Weg A1	ADD_TO_NEW_DECK			de-id-a1-frasa-pakaian-belanja		
7	171	Unterteile	Lernwortschatz	phrase	die Leggings	die Leggings	RECLASSIFY_AS_WORD	Nomina berartikel salah terklasifikasi sebagai frasa akibat heuristik inventaris; perlakukan sebagai kata dan tambahkan jamak jika relevan.	Goethe A1 Wortliste; Deutsche Welle Nicos Weg A1	ADD_TO_NEW_DECK			de-id-a1-frasa-pakaian-belanja		
7	171	Unterteile	Lernwortschatz	phrase	die Stoffhose	die Stoffhose	RECLASSIFY_AS_WORD	Nomina berartikel salah terklasifikasi sebagai frasa akibat heuristik inventaris; perlakukan sebagai kata dan tambahkan jamak jika relevan.	Goethe A1 Wortliste; Deutsche Welle Nicos Weg A1	ADD_TO_NEW_DECK			de-id-a1-frasa-pakaian-belanja		
7	171	Unterteile	Lernwortschatz	phrase	die Cargohose	die Cargohose	RECLASSIFY_AS_WORD	Nomina berartikel salah terklasifikasi sebagai frasa akibat heuristik inventaris; perlakukan sebagai kata dan tambahkan jamak jika relevan.	Goethe A1 Wortliste; Deutsche Welle Nicos Weg A1	ADD_TO_NEW_DECK			de-id-a1-frasa-pakaian-belanja		
7	171	Unterteile	Lernwortschatz	phrase	die Caprihose	die Caprihose	RECLASSIFY_AS_WORD	Nomina berartikel salah terklasifikasi sebagai frasa akibat heuristik inventaris; perlakukan sebagai kata dan tambahkan jamak jika relevan.	Goethe A1 Wortliste; Deutsche Welle Nicos Weg A1	ADD_TO_NEW_DECK			de-id-a1-frasa-pakaian-belanja		
7	171	Unterteile	Lernwortschatz	phrase	die Strumpfhose	die Strumpfhose	RECLASSIFY_AS_WORD	Nomina berartikel salah terklasifikasi sebagai frasa akibat heuristik inventaris; perlakukan sebagai kata dan tambahkan jamak jika relevan.	Goethe A1 Wortliste; Deutsche Welle Nicos Weg A1	ADD_TO_NEW_DECK			de-id-a1-frasa-pakaian-belanja		
7	171	Unterteile	Lernwortschatz	phrase	die Lederhose	die Lederhose	RECLASSIFY_AS_WORD	Nomina berartikel salah terklasifikasi sebagai frasa akibat heuristik inventaris; perlakukan sebagai kata dan tambahkan jamak jika relevan.	Goethe A1 Wortliste; Deutsche Welle Nicos Weg A1	ADD_TO_NEW_DECK			de-id-a1-frasa-pakaian-belanja		
7	171	Accessoires und Schuhe	Lernwortschatz	phrase	das Kopftuch	das Kopftuch	RECLASSIFY_AS_WORD	Nomina berartikel salah terklasifikasi sebagai frasa akibat heuristik inventaris; perlakukan sebagai kata dan tambahkan jamak jika relevan.	Goethe A1 Wortliste; Deutsche Welle Nicos Weg A1	ADD_TO_NEW_DECK			de-id-a1-frasa-pakaian-belanja	NEEDS_EDITORIAL_REVIEW	Sumber mencetak das Stecknadel; bentuk die Stecknadel dicatat sebagai koreksi ekstraksi yang perlu diverifikasi
7	171	Accessoires und Schuhe	Lernwortschatz	phrase	die Stecknadel	die Stecknadel, die Stecknadeln	CORRECT_AND_ADD	Artikel baku feminin; sumber tercetak/OCR memberi bentuk das. Tambahkan bentuk jamak.	Duden: Stecknadel	ADD_TO_NEW_DECK			de-id-a1-frasa-pakaian-belanja	NEEDS_EDITORIAL_REVIEW	Sumber mencetak das Stecknadel; bentuk die Stecknadel dicatat sebagai koreksi ekstraksi yang perlu diverifikasi
7	171	Accessoires und Schuhe	Lernwortschatz	phrase	die Brosche	die Brosche	RECLASSIFY_AS_WORD	Nomina berartikel salah terklasifikasi sebagai frasa akibat heuristik inventaris; perlakukan sebagai kata dan tambahkan jamak jika relevan.	Goethe A1 Wortliste; Deutsche Welle Nicos Weg A1	ADD_TO_NEW_DECK			de-id-a1-frasa-pakaian-belanja	NEEDS_EDITORIAL_REVIEW	Sumber mencetak das Stecknadel; bentuk die Stecknadel dicatat sebagai koreksi ekstraksi yang perlu diverifikasi
7	171	Accessoires und Schuhe	Lernwortschatz	phrase	die Mütze	die Mütze	RECLASSIFY_AS_WORD	Nomina berartikel salah terklasifikasi sebagai frasa akibat heuristik inventaris; perlakukan sebagai kata dan tambahkan jamak jika relevan.	Goethe A1 Wortliste; Deutsche Welle Nicos Weg A1	ADD_TO_NEW_DECK			de-id-a1-frasa-pakaian-belanja	NEEDS_EDITORIAL_REVIEW	Sumber mencetak das Stecknadel; bentuk die Stecknadel dicatat sebagai koreksi ekstraksi yang perlu diverifikasi
7	171	Accessoires und Schuhe	Lernwortschatz	phrase	der Gürtel	der Gürtel	RECLASSIFY_AS_WORD	Nomina berartikel salah terklasifikasi sebagai frasa akibat heuristik inventaris; perlakukan sebagai kata dan tambahkan jamak jika relevan.	Goethe A1 Wortliste; Deutsche Welle Nicos Weg A1	ADD_TO_NEW_DECK			de-id-a1-frasa-pakaian-belanja	NEEDS_EDITORIAL_REVIEW	Sumber mencetak das Stecknadel; bentuk die Stecknadel dicatat sebagai koreksi ekstraksi yang perlu diverifikasi
7	171	Accessoires und Schuhe	Lernwortschatz	phrase	der Hut	der Hut	RECLASSIFY_AS_WORD	Nomina berartikel salah terklasifikasi sebagai frasa akibat heuristik inventaris; perlakukan sebagai kata dan tambahkan jamak jika relevan.	Goethe A1 Wortliste; Deutsche Welle Nicos Weg A1	ADD_TO_NEW_DECK			de-id-a1-frasa-pakaian-belanja	NEEDS_EDITORIAL_REVIEW	Sumber mencetak das Stecknadel; bentuk die Stecknadel dicatat sebagai koreksi ekstraksi yang perlu diverifikasi
7	171	Accessoires und Schuhe	Lernwortschatz	phrase	der Schal	der Schal	RECLASSIFY_AS_WORD	Nomina berartikel salah terklasifikasi sebagai frasa akibat heuristik inventaris; perlakukan sebagai kata dan tambahkan jamak jika relevan.	Goethe A1 Wortliste; Deutsche Welle Nicos Weg A1	ADD_TO_NEW_DECK			de-id-a1-frasa-pakaian-belanja	NEEDS_EDITORIAL_REVIEW	Sumber mencetak das Stecknadel; bentuk die Stecknadel dicatat sebagai koreksi ekstraksi yang perlu diverifikasi
7	171	Accessoires und Schuhe	Lernwortschatz	phrase	die Handschuhe	die Handschuhe	RECLASSIFY_AS_WORD	Nomina berartikel salah terklasifikasi sebagai frasa akibat heuristik inventaris; perlakukan sebagai kata dan tambahkan jamak jika relevan.	Goethe A1 Wortliste; Deutsche Welle Nicos Weg A1	ADD_TO_NEW_DECK			de-id-a1-frasa-pakaian-belanja	NEEDS_EDITORIAL_REVIEW	Sumber mencetak das Stecknadel; bentuk die Stecknadel dicatat sebagai koreksi ekstraksi yang perlu diverifikasi
7	171	Accessoires und Schuhe	Lernwortschatz	phrase	die Krawatte	die Krawatte	RECLASSIFY_AS_WORD	Nomina berartikel salah terklasifikasi sebagai frasa akibat heuristik inventaris; perlakukan sebagai kata dan tambahkan jamak jika relevan.	Goethe A1 Wortliste; Deutsche Welle Nicos Weg A1	ADD_TO_NEW_DECK			de-id-a1-frasa-pakaian-belanja	NEEDS_EDITORIAL_REVIEW	Sumber mencetak das Stecknadel; bentuk die Stecknadel dicatat sebagai koreksi ekstraksi yang perlu diverifikasi
7	171	Accessoires und Schuhe	Lernwortschatz	phrase	die Brille	die Brille	RECLASSIFY_AS_WORD	Nomina berartikel salah terklasifikasi sebagai frasa akibat heuristik inventaris; perlakukan sebagai kata dan tambahkan jamak jika relevan.	Goethe A1 Wortliste; Deutsche Welle Nicos Weg A1	ADD_TO_NEW_DECK			de-id-a1-frasa-pakaian-belanja	NEEDS_EDITORIAL_REVIEW	Sumber mencetak das Stecknadel; bentuk die Stecknadel dicatat sebagai koreksi ekstraksi yang perlu diverifikasi
7	171	Accessoires und Schuhe	Lernwortschatz	phrase	die Sonnenbrille	die Sonnenbrille	RECLASSIFY_AS_WORD	Nomina berartikel salah terklasifikasi sebagai frasa akibat heuristik inventaris; perlakukan sebagai kata dan tambahkan jamak jika relevan.	Goethe A1 Wortliste; Deutsche Welle Nicos Weg A1	ADD_TO_NEW_DECK			de-id-a1-frasa-pakaian-belanja	REPEATED_IN_BOOK|NEEDS_EDITORIAL_REVIEW	Sumber mencetak das Stecknadel; bentuk die Stecknadel dicatat sebagai koreksi ekstraksi yang perlu diverifikasi
7	171	Accessoires und Schuhe	Lernwortschatz	phrase	die Armbanduhr	die Armbanduhr	RECLASSIFY_AS_WORD	Nomina berartikel salah terklasifikasi sebagai frasa akibat heuristik inventaris; perlakukan sebagai kata dan tambahkan jamak jika relevan.	Goethe A1 Wortliste; Deutsche Welle Nicos Weg A1	ADD_TO_NEW_DECK			de-id-a1-frasa-pakaian-belanja	NEEDS_EDITORIAL_REVIEW	Sumber mencetak das Stecknadel; bentuk die Stecknadel dicatat sebagai koreksi ekstraksi yang perlu diverifikasi
7	171	Accessoires und Schuhe	Lernwortschatz	phrase	der Schmuck	der Schmuck	RECLASSIFY_AS_WORD	Nomina berartikel salah terklasifikasi sebagai frasa akibat heuristik inventaris; perlakukan sebagai kata dan tambahkan jamak jika relevan.	Goethe A1 Wortliste; Deutsche Welle Nicos Weg A1	ADD_TO_NEW_DECK			de-id-a1-frasa-pakaian-belanja	NEEDS_EDITORIAL_REVIEW	Sumber mencetak das Stecknadel; bentuk die Stecknadel dicatat sebagai koreksi ekstraksi yang perlu diverifikasi
7	171	Accessoires und Schuhe	Lernwortschatz	phrase	die Kette	die Kette	RECLASSIFY_AS_WORD	Nomina berartikel salah terklasifikasi sebagai frasa akibat heuristik inventaris; perlakukan sebagai kata dan tambahkan jamak jika relevan.	Goethe A1 Wortliste; Deutsche Welle Nicos Weg A1	ADD_TO_NEW_DECK			de-id-a1-frasa-pakaian-belanja	NEEDS_EDITORIAL_REVIEW	Sumber mencetak das Stecknadel; bentuk die Stecknadel dicatat sebagai koreksi ekstraksi yang perlu diverifikasi
7	171	Accessoires und Schuhe	Lernwortschatz	phrase	der Ring	der Ring	RECLASSIFY_AS_WORD	Nomina berartikel salah terklasifikasi sebagai frasa akibat heuristik inventaris; perlakukan sebagai kata dan tambahkan jamak jika relevan.	Goethe A1 Wortliste; Deutsche Welle Nicos Weg A1	ADD_TO_NEW_DECK			de-id-a1-frasa-pakaian-belanja	NEEDS_EDITORIAL_REVIEW	Sumber mencetak das Stecknadel; bentuk die Stecknadel dicatat sebagai koreksi ekstraksi yang perlu diverifikasi
7	171	Accessoires und Schuhe	Lernwortschatz	phrase	das Armband	das Armband	RECLASSIFY_AS_WORD	Nomina berartikel salah terklasifikasi sebagai frasa akibat heuristik inventaris; perlakukan sebagai kata dan tambahkan jamak jika relevan.	Goethe A1 Wortliste; Deutsche Welle Nicos Weg A1	ADD_TO_NEW_DECK			de-id-a1-frasa-pakaian-belanja	NEEDS_EDITORIAL_REVIEW	Sumber mencetak das Stecknadel; bentuk die Stecknadel dicatat sebagai koreksi ekstraksi yang perlu diverifikasi
7	171	Accessoires und Schuhe	Lernwortschatz	phrase	die Ohrringe	die Ohrringe	RECLASSIFY_AS_WORD	Nomina berartikel salah terklasifikasi sebagai frasa akibat heuristik inventaris; perlakukan sebagai kata dan tambahkan jamak jika relevan.	Goethe A1 Wortliste; Deutsche Welle Nicos Weg A1	ADD_TO_NEW_DECK			de-id-a1-frasa-pakaian-belanja	NEEDS_EDITORIAL_REVIEW	Sumber mencetak das Stecknadel; bentuk die Stecknadel dicatat sebagai koreksi ekstraksi yang perlu diverifikasi
7	171	Accessoires und Schuhe	Lernwortschatz	phrase	die Schuhe	die Schuhe	RECLASSIFY_AS_WORD	Nomina berartikel salah terklasifikasi sebagai frasa akibat heuristik inventaris; perlakukan sebagai kata dan tambahkan jamak jika relevan.	Goethe A1 Wortliste; Deutsche Welle Nicos Weg A1	ADD_TO_NEW_DECK			de-id-a1-frasa-pakaian-belanja	NEEDS_EDITORIAL_REVIEW	Sumber mencetak das Stecknadel; bentuk die Stecknadel dicatat sebagai koreksi ekstraksi yang perlu diverifikasi
7	171	Accessoires und Schuhe	Lernwortschatz	phrase	die Sandalen	die Sandalen	RECLASSIFY_AS_WORD	Nomina berartikel salah terklasifikasi sebagai frasa akibat heuristik inventaris; perlakukan sebagai kata dan tambahkan jamak jika relevan.	Goethe A1 Wortliste; Deutsche Welle Nicos Weg A1	ADD_TO_NEW_DECK			de-id-a1-frasa-pakaian-belanja	NEEDS_EDITORIAL_REVIEW	Sumber mencetak das Stecknadel; bentuk die Stecknadel dicatat sebagai koreksi ekstraksi yang perlu diverifikasi
7	171	Accessoires und Schuhe	Lernwortschatz	phrase	die Stiefel	die Stiefel	RECLASSIFY_AS_WORD	Nomina berartikel salah terklasifikasi sebagai frasa akibat heuristik inventaris; perlakukan sebagai kata dan tambahkan jamak jika relevan.	Goethe A1 Wortliste; Deutsche Welle Nicos Weg A1	ADD_TO_NEW_DECK			de-id-a1-frasa-pakaian-belanja	NEEDS_EDITORIAL_REVIEW	Sumber mencetak das Stecknadel; bentuk die Stecknadel dicatat sebagai koreksi ekstraksi yang perlu diverifikasi
7	171	Accessoires und Schuhe	Lernwortschatz	phrase	die Schnürstiefel	die Schnürstiefel	RECLASSIFY_AS_WORD	Nomina berartikel salah terklasifikasi sebagai frasa akibat heuristik inventaris; perlakukan sebagai kata dan tambahkan jamak jika relevan.	Goethe A1 Wortliste; Deutsche Welle Nicos Weg A1	ADD_TO_NEW_DECK			de-id-a1-frasa-pakaian-belanja	NEEDS_EDITORIAL_REVIEW	Sumber mencetak das Stecknadel; bentuk die Stecknadel dicatat sebagai koreksi ekstraksi yang perlu diverifikasi
7	171	Accessoires und Schuhe	Lernwortschatz	phrase	die Stiefeletten	die Stiefeletten	RECLASSIFY_AS_WORD	Nomina berartikel salah terklasifikasi sebagai frasa akibat heuristik inventaris; perlakukan sebagai kata dan tambahkan jamak jika relevan.	Goethe A1 Wortliste; Deutsche Welle Nicos Weg A1	ADD_TO_NEW_DECK			de-id-a1-frasa-pakaian-belanja	NEEDS_EDITORIAL_REVIEW	Sumber mencetak das Stecknadel; bentuk die Stecknadel dicatat sebagai koreksi ekstraksi yang perlu diverifikasi
7	171	Accessoires und Schuhe	Lernwortschatz	phrase	die Turnschuhe	die Turnschuhe	RECLASSIFY_AS_WORD	Nomina berartikel salah terklasifikasi sebagai frasa akibat heuristik inventaris; perlakukan sebagai kata dan tambahkan jamak jika relevan.	Goethe A1 Wortliste; Deutsche Welle Nicos Weg A1	ADD_TO_NEW_DECK			de-id-a1-frasa-pakaian-belanja	REPEATED_IN_BOOK|NEEDS_EDITORIAL_REVIEW	Sumber mencetak das Stecknadel; bentuk die Stecknadel dicatat sebagai koreksi ekstraksi yang perlu diverifikasi
7	171	Accessoires und Schuhe	Lernwortschatz	phrase	die Hausschuhe	die Hausschuhe	RECLASSIFY_AS_WORD	Nomina berartikel salah terklasifikasi sebagai frasa akibat heuristik inventaris; perlakukan sebagai kata dan tambahkan jamak jika relevan.	Goethe A1 Wortliste; Deutsche Welle Nicos Weg A1	ADD_TO_NEW_DECK			de-id-a1-frasa-pakaian-belanja	NEEDS_EDITORIAL_REVIEW	Sumber mencetak das Stecknadel; bentuk die Stecknadel dicatat sebagai koreksi ekstraksi yang perlu diverifikasi
7	171	Accessoires und Schuhe	Lernwortschatz	phrase	der Rucksack	der Rucksack	RECLASSIFY_AS_WORD	Nomina berartikel salah terklasifikasi sebagai frasa akibat heuristik inventaris; perlakukan sebagai kata dan tambahkan jamak jika relevan.	Goethe A1 Wortliste; Deutsche Welle Nicos Weg A1	ADD_TO_NEW_DECK			de-id-a1-frasa-pakaian-belanja	NEEDS_EDITORIAL_REVIEW	Sumber mencetak das Stecknadel; bentuk die Stecknadel dicatat sebagai koreksi ekstraksi yang perlu diverifikasi
7	171	Accessoires und Schuhe	Lernwortschatz	phrase	die Tasche	die Tasche	RECLASSIFY_AS_WORD	Nomina berartikel salah terklasifikasi sebagai frasa akibat heuristik inventaris; perlakukan sebagai kata dan tambahkan jamak jika relevan.	Goethe A1 Wortliste; Deutsche Welle Nicos Weg A1	ADD_TO_NEW_DECK			de-id-a1-frasa-pakaian-belanja	NEEDS_EDITORIAL_REVIEW	Sumber mencetak das Stecknadel; bentuk die Stecknadel dicatat sebagai koreksi ekstraksi yang perlu diverifikasi
7	171	Accessoires und Schuhe	Lernwortschatz	phrase	das Tuch	das Tuch	RECLASSIFY_AS_WORD	Nomina berartikel salah terklasifikasi sebagai frasa akibat heuristik inventaris; perlakukan sebagai kata dan tambahkan jamak jika relevan.	Goethe A1 Wortliste; Deutsche Welle Nicos Weg A1	ADD_TO_NEW_DECK			de-id-a1-frasa-pakaian-belanja	NEEDS_EDITORIAL_REVIEW	Sumber mencetak das Stecknadel; bentuk die Stecknadel dicatat sebagai koreksi ekstraksi yang perlu diverifikasi
7	171	Accessoires und Schuhe	Lernwortschatz	phrase	der Reißverschluss	der Reißverschluss	RECLASSIFY_AS_WORD	Nomina berartikel salah terklasifikasi sebagai frasa akibat heuristik inventaris; perlakukan sebagai kata dan tambahkan jamak jika relevan.	Goethe A1 Wortliste; Deutsche Welle Nicos Weg A1	ADD_TO_NEW_DECK			de-id-a1-frasa-pakaian-belanja	NEEDS_EDITORIAL_REVIEW	Sumber mencetak das Stecknadel; bentuk die Stecknadel dicatat sebagai koreksi ekstraksi yang perlu diverifikasi
7	171	Unterwäsche und Schlafkleidung	Lernwortschatz	phrase	die Unterhose	die Unterhose	RECLASSIFY_AS_WORD	Nomina berartikel salah terklasifikasi sebagai frasa akibat heuristik inventaris; perlakukan sebagai kata dan tambahkan jamak jika relevan.	Goethe A1 Wortliste; Deutsche Welle Nicos Weg A1	ADD_TO_NEW_DECK			de-id-a1-frasa-pakaian-belanja		
7	171	Unterwäsche und Schlafkleidung	Lernwortschatz	phrase	die Boxershorts	die Boxershorts	RECLASSIFY_AS_WORD	Nomina berartikel salah terklasifikasi sebagai frasa akibat heuristik inventaris; perlakukan sebagai kata dan tambahkan jamak jika relevan.	Goethe A1 Wortliste; Deutsche Welle Nicos Weg A1	ADD_TO_NEW_DECK			de-id-a1-frasa-pakaian-belanja		
7	171	Unterwäsche und Schlafkleidung	Lernwortschatz	phrase	das Unterhemd	das Unterhemd	RECLASSIFY_AS_WORD	Nomina berartikel salah terklasifikasi sebagai frasa akibat heuristik inventaris; perlakukan sebagai kata dan tambahkan jamak jika relevan.	Goethe A1 Wortliste; Deutsche Welle Nicos Weg A1	ADD_TO_NEW_DECK			de-id-a1-frasa-pakaian-belanja		
7	171	Unterwäsche und Schlafkleidung	Lernwortschatz	phrase	der Pyjama / der Schlafanzug	der Pyjama / der Schlafanzug	RECLASSIFY_AS_WORD	Nomina berartikel salah terklasifikasi sebagai frasa akibat heuristik inventaris; perlakukan sebagai kata dan tambahkan jamak jika relevan.	Goethe A1 Wortliste; Deutsche Welle Nicos Weg A1	ADD_TO_NEW_DECK			de-id-a1-frasa-pakaian-belanja		
7	171	Unterwäsche und Schlafkleidung	Lernwortschatz	phrase	der BH / der Büstenhalter	der BH / der Büstenhalter	RECLASSIFY_AS_WORD	Nomina berartikel salah terklasifikasi sebagai frasa akibat heuristik inventaris; perlakukan sebagai kata dan tambahkan jamak jika relevan.	Goethe A1 Wortliste; Deutsche Welle Nicos Weg A1	ADD_TO_NEW_DECK			de-id-a1-frasa-pakaian-belanja		
7	171	Unterwäsche und Schlafkleidung	Lernwortschatz	phrase	das Nachthemd	das Nachthemd	RECLASSIFY_AS_WORD	Nomina berartikel salah terklasifikasi sebagai frasa akibat heuristik inventaris; perlakukan sebagai kata dan tambahkan jamak jika relevan.	Goethe A1 Wortliste; Deutsche Welle Nicos Weg A1	ADD_TO_NEW_DECK			de-id-a1-frasa-pakaian-belanja		
7	171	Unterwäsche und Schlafkleidung	Lernwortschatz	phrase	die Schlafhose	die Schlafhose	RECLASSIFY_AS_WORD	Nomina berartikel salah terklasifikasi sebagai frasa akibat heuristik inventaris; perlakukan sebagai kata dan tambahkan jamak jika relevan.	Goethe A1 Wortliste; Deutsche Welle Nicos Weg A1	ADD_TO_NEW_DECK			de-id-a1-frasa-pakaian-belanja		
7	171	Unterwäsche und Schlafkleidung	Lernwortschatz	phrase	die Haussocken	die Haussocken	RECLASSIFY_AS_WORD	Nomina berartikel salah terklasifikasi sebagai frasa akibat heuristik inventaris; perlakukan sebagai kata dan tambahkan jamak jika relevan.	Goethe A1 Wortliste; Deutsche Welle Nicos Weg A1	ADD_TO_NEW_DECK			de-id-a1-frasa-pakaian-belanja		
7	172	Farben	Lernwortschatz	word	rot	rot	VERIFY_BEFORE_ADD		Goethe A1 Wortliste; Duden/DWDS	ADD_TO_NEW_DECK			de-id-a1-kata-pakaian-warna		
7	172	Farben	Lernwortschatz	word	rosarot	rosarot	VERIFY_BEFORE_ADD		Goethe A1 Wortliste; Duden/DWDS	ADD_TO_NEW_DECK			de-id-a1-kata-pakaian-warna		
7	172	Farben	Lernwortschatz	word	dunkelrot	dunkelrot	VERIFY_BEFORE_ADD		Goethe A1 Wortliste; Duden/DWDS	ADD_TO_NEW_DECK			de-id-a1-kata-pakaian-warna		
7	172	Farben	Lernwortschatz	word	blau	blau	VERIFY_BEFORE_ADD		Goethe A1 Wortliste; Duden/DWDS	ADD_TO_NEW_DECK			de-id-a1-kata-pakaian-warna		
7	172	Farben	Lernwortschatz	word	hellblau	hellblau	VERIFY_BEFORE_ADD		Goethe A1 Wortliste; Duden/DWDS	ADD_TO_NEW_DECK			de-id-a1-kata-pakaian-warna		
7	172	Farben	Lernwortschatz	word	gelb	gelb	VERIFY_BEFORE_ADD		Goethe A1 Wortliste; Duden/DWDS	ADD_TO_NEW_DECK			de-id-a1-kata-pakaian-warna		
7	172	Farben	Lernwortschatz	word	grün	grün	VERIFY_BEFORE_ADD		Goethe A1 Wortliste; Duden/DWDS	ADD_TO_NEW_DECK			de-id-a1-kata-pakaian-warna		
7	172	Farben	Lernwortschatz	word	dunkelgrün	dunkelgrün	VERIFY_BEFORE_ADD		Goethe A1 Wortliste; Duden/DWDS	ADD_TO_NEW_DECK			de-id-a1-kata-pakaian-warna		
7	172	Farben	Lernwortschatz	word	orange	orange	REVIEW_EXISTING_VARIANT	Bandingkan bentuk dan fungsi dengan materi katalog yang ditemukan; gabungkan jika maknanya sama.	Goethe A1 Wortliste; Duden/DWDS	HEADWORD_OR_VARIANT_MATCH	de-id-a1-kata-makanan-minuman	die Orange, die Orangen	de-id-a1-kata-pakaian-warna		
7	172	Farben	Lernwortschatz	word	lila	lila	VERIFY_BEFORE_ADD		Goethe A1 Wortliste; Duden/DWDS	ADD_TO_NEW_DECK			de-id-a1-kata-pakaian-warna		
7	172	Farben	Lernwortschatz	word	rosa	rosa	VERIFY_BEFORE_ADD		Goethe A1 Wortliste; Duden/DWDS	ADD_TO_NEW_DECK			de-id-a1-kata-pakaian-warna		
7	172	Farben	Lernwortschatz	word	braun	braun	VERIFY_BEFORE_ADD		Goethe A1 Wortliste; Duden/DWDS	ADD_TO_NEW_DECK			de-id-a1-kata-pakaian-warna		
7	172	Farben	Lernwortschatz	word	schwarz	schwarz	VERIFY_BEFORE_ADD		Goethe A1 Wortliste; Duden/DWDS	ADD_TO_NEW_DECK			de-id-a1-kata-pakaian-warna		
7	172	Farben	Lernwortschatz	word	weiß	weiß	VERIFY_BEFORE_ADD		Goethe A1 Wortliste; Duden/DWDS	ADD_TO_NEW_DECK			de-id-a1-kata-pakaian-warna		
7	172	Farben	Lernwortschatz	word	grau	grau	VERIFY_BEFORE_ADD		Goethe A1 Wortliste; Duden/DWDS	ADD_TO_NEW_DECK			de-id-a1-kata-pakaian-warna		
7	172	Farben	Lernwortschatz	word	hellgrau	hellgrau	VERIFY_BEFORE_ADD		Goethe A1 Wortliste; Duden/DWDS	ADD_TO_NEW_DECK			de-id-a1-kata-pakaian-warna		
7	172	Farben	Lernwortschatz	word	beige	beige	VERIFY_BEFORE_ADD		Goethe A1 Wortliste; Duden/DWDS	ADD_TO_NEW_DECK			de-id-a1-kata-pakaian-warna		
7	172	Farben	Lernwortschatz	word	bunt	bunt	VERIFY_BEFORE_ADD		Goethe A1 Wortliste; Duden/DWDS	ADD_TO_NEW_DECK			de-id-a1-kata-pakaian-warna	REPEATED_IN_BOOK	
7	172	Saison und Festzeiten	Lernwortschatz	phrase	der Winter	der Winter	RECLASSIFY_AS_WORD	Nomina berartikel salah terklasifikasi sebagai frasa akibat heuristik inventaris; perlakukan sebagai kata dan tambahkan jamak jika relevan.	Goethe A1 Wortliste; Deutsche Welle Nicos Weg A1	ADD_TO_NEW_DECK			de-id-a1-frasa-pakaian-belanja		
7	172	Saison und Festzeiten	Lernwortschatz	phrase	der Herbst	der Herbst	RECLASSIFY_AS_WORD	Nomina berartikel salah terklasifikasi sebagai frasa akibat heuristik inventaris; perlakukan sebagai kata dan tambahkan jamak jika relevan.	Goethe A1 Wortliste; Deutsche Welle Nicos Weg A1	ADD_TO_NEW_DECK			de-id-a1-frasa-pakaian-belanja		
7	172	Saison und Festzeiten	Lernwortschatz	phrase	der Frühling	der Frühling	RECLASSIFY_AS_WORD	Nomina berartikel salah terklasifikasi sebagai frasa akibat heuristik inventaris; perlakukan sebagai kata dan tambahkan jamak jika relevan.	Goethe A1 Wortliste; Deutsche Welle Nicos Weg A1	ADD_TO_NEW_DECK			de-id-a1-frasa-pakaian-belanja		
7	172	Saison und Festzeiten	Lernwortschatz	phrase	der Sommer	der Sommer	RECLASSIFY_AS_WORD	Nomina berartikel salah terklasifikasi sebagai frasa akibat heuristik inventaris; perlakukan sebagai kata dan tambahkan jamak jika relevan.	Goethe A1 Wortliste; Deutsche Welle Nicos Weg A1	ADD_TO_NEW_DECK			de-id-a1-frasa-pakaian-belanja		
7	172	Saison und Festzeiten	Lernwortschatz	phrase	die Regenzeit	die Regenzeit	RECLASSIFY_AS_WORD	Nomina berartikel salah terklasifikasi sebagai frasa akibat heuristik inventaris; perlakukan sebagai kata dan tambahkan jamak jika relevan.	Goethe A1 Wortliste; Deutsche Welle Nicos Weg A1	ADD_TO_NEW_DECK			de-id-a1-frasa-pakaian-belanja		
7	172	Saison und Festzeiten	Lernwortschatz	phrase	die Trockenzeit	die Trockenzeit	RECLASSIFY_AS_WORD	Nomina berartikel salah terklasifikasi sebagai frasa akibat heuristik inventaris; perlakukan sebagai kata dan tambahkan jamak jika relevan.	Goethe A1 Wortliste; Deutsche Welle Nicos Weg A1	ADD_TO_NEW_DECK			de-id-a1-frasa-pakaian-belanja		
7	172	Saison und Festzeiten	Lernwortschatz	phrase	das Oktoberfest	das Oktoberfest	RECLASSIFY_AS_WORD	Nomina berartikel salah terklasifikasi sebagai frasa akibat heuristik inventaris; perlakukan sebagai kata dan tambahkan jamak jika relevan.	Goethe A1 Wortliste; Deutsche Welle Nicos Weg A1	ADD_TO_NEW_DECK			de-id-a1-frasa-pakaian-belanja		
7	172	Adjektive	Lernwortschatz	word	nützlich	nützlich	VERIFY_BEFORE_ADD		Goethe A1 Wortliste; Duden/DWDS	ADD_TO_NEW_DECK			de-id-a1-kata-pakaian-warna		
7	172	Adjektive	Lernwortschatz	word	nutzlos	nutzlos	VERIFY_BEFORE_ADD		Goethe A1 Wortliste; Duden/DWDS	ADD_TO_NEW_DECK			de-id-a1-kata-pakaian-warna		
7	172	Adjektive	Lernwortschatz	word	dünn	dünn	VERIFY_BEFORE_ADD		Goethe A1 Wortliste; Duden/DWDS	ADD_TO_NEW_DECK			de-id-a1-kata-pakaian-warna		
7	172	Adjektive	Lernwortschatz	word	dick	dick	VERIFY_BEFORE_ADD		Goethe A1 Wortliste; Duden/DWDS	ADD_TO_NEW_DECK			de-id-a1-kata-pakaian-warna		
7	172	Adjektive	Lernwortschatz	word	gut	gut	MERGE_BOOK_DUPLICATE	Gabungkan dengan rekaman sumber pertama baris data 356.	Goethe A1 Wortliste; Duden/DWDS	EXACT_SOURCE_MATCH	de-id-a1-kata-inti	gut	de-id-a1-kata-pakaian-warna	REPEATED_IN_BOOK	
7	172	Adjektive	Lernwortschatz	word	schlecht	schlecht	KEEP_EXISTING	Bentuk Jerman dan kategori telah tersedia; bandingkan arti Indonesia saat implementasi, jangan menambah kartu baru.	Goethe A1 Wortliste; Duden/DWDS	EXACT_SOURCE_MATCH	de-id-a1-kata-inti	schlecht	de-id-a1-kata-pakaian-warna	REPEATED_IN_BOOK	
7	172	Adjektive	Lernwortschatz	word	bequem	bequem	VERIFY_BEFORE_ADD		Goethe A1 Wortliste; Duden/DWDS	ADD_TO_NEW_DECK			de-id-a1-kata-pakaian-warna		
7	172	Adjektive	Lernwortschatz	word	unbequem	unbequem	VERIFY_BEFORE_ADD		Goethe A1 Wortliste; Duden/DWDS	ADD_TO_NEW_DECK			de-id-a1-kata-pakaian-warna		
7	172	Adjektive	Lernwortschatz	word	schön	schön	VERIFY_BEFORE_ADD		Goethe A1 Wortliste; Duden/DWDS	ADD_TO_NEW_DECK			de-id-a1-kata-pakaian-warna		
7	172	Adjektive	Lernwortschatz	word	hässlich	hässlich	VERIFY_BEFORE_ADD		Goethe A1 Wortliste; Duden/DWDS	ADD_TO_NEW_DECK			de-id-a1-kata-pakaian-warna		
7	172	Adjektive	Lernwortschatz	word	kurz	kurz	VERIFY_BEFORE_ADD		Goethe A1 Wortliste; Duden/DWDS	ADD_TO_NEW_DECK			de-id-a1-kata-pakaian-warna	REPEATED_IN_BOOK	
7	172	Adjektive	Lernwortschatz	word	lang	lang	VERIFY_BEFORE_ADD		Goethe A1 Wortliste; Duden/DWDS	ADD_TO_NEW_DECK			de-id-a1-kata-pakaian-warna		
7	172	Adjektive	Lernwortschatz	word	warm	warm	MERGE_BOOK_DUPLICATE	Gabungkan dengan rekaman sumber pertama baris data 290.	Goethe A1 Wortliste; Duden/DWDS	EXACT_SOURCE_MATCH	de-id-a1-waktu-cuaca-angka-word	warm	de-id-a1-kata-pakaian-warna	REPEATED_IN_BOOK	
7	172	Adjektive	Lernwortschatz	word	kalt	kalt	MERGE_BOOK_DUPLICATE	Gabungkan dengan rekaman sumber pertama baris data 291.	Goethe A1 Wortliste; Duden/DWDS	ADD_TO_NEW_DECK			de-id-a1-kata-pakaian-warna	REPEATED_IN_BOOK	
7	172	Adjektive	Lernwortschatz	word	traditionell	traditionell	VERIFY_BEFORE_ADD		Goethe A1 Wortliste; Duden/DWDS	ADD_TO_NEW_DECK			de-id-a1-kata-pakaian-warna		
7	172	Adjektive	Lernwortschatz	word	modern	modern	MERGE_BOOK_DUPLICATE	Gabungkan dengan rekaman sumber pertama baris data 357.	Goethe A1 Wortliste; Duden/DWDS	ADD_TO_NEW_DECK			de-id-a1-kata-pakaian-warna	REPEATED_IN_BOOK	
7	172	Adjektive	Lernwortschatz	word	speziell	speziell	VERIFY_BEFORE_ADD		Goethe A1 Wortliste; Duden/DWDS	ADD_TO_NEW_DECK			de-id-a1-kata-pakaian-warna		
7	172	Adjektive	Lernwortschatz	word	allgemein	allgemein	VERIFY_BEFORE_ADD		Goethe A1 Wortliste; Duden/DWDS	ADD_TO_NEW_DECK			de-id-a1-kata-pakaian-warna		
7	172	Adjektive	Lernwortschatz	word	neu	neu	MERGE_BOOK_DUPLICATE	Gabungkan dengan rekaman sumber pertama baris data 301.	Goethe A1 Wortliste; Duden/DWDS	EXACT_SOURCE_MATCH	de-id-a1-kata-inti	neu	de-id-a1-kata-pakaian-warna	REPEATED_IN_BOOK	
7	172	Adjektive	Lernwortschatz	word	alt	alt	KEEP_EXISTING	Bentuk Jerman dan kategori telah tersedia; bandingkan arti Indonesia saat implementasi, jangan menambah kartu baru.	Goethe A1 Wortliste; Duden/DWDS	EXACT_SOURCE_MATCH	de-id-a1-kata-inti	alt	de-id-a1-kata-pakaian-warna		
7	172	Adjektive	Lernwortschatz	word	groß	groß	KEEP_EXISTING	Bentuk Jerman dan kategori telah tersedia; bandingkan arti Indonesia saat implementasi, jangan menambah kartu baru.	Goethe A1 Wortliste; Duden/DWDS	EXACT_SOURCE_MATCH	de-id-a1-kata-inti	groß	de-id-a1-kata-pakaian-warna		
7	172	Adjektive	Lernwortschatz	word	klein	klein	KEEP_EXISTING	Bentuk Jerman dan kategori telah tersedia; bandingkan arti Indonesia saat implementasi, jangan menambah kartu baru.	Goethe A1 Wortliste; Duden/DWDS	EXACT_SOURCE_MATCH	de-id-a1-kata-inti	klein	de-id-a1-kata-pakaian-warna		
7	172	Adjektive	Lernwortschatz	word	teuer	teuer	MERGE_BOOK_DUPLICATE	Gabungkan dengan rekaman sumber pertama baris data 457.	Goethe A1 Wortliste; Duden/DWDS	EXACT_SOURCE_MATCH	de-id-a1-kata-inti	teuer	de-id-a1-kata-pakaian-warna	REPEATED_IN_BOOK	
7	172	Adjektive	Lernwortschatz	word	billig	billig	MERGE_BOOK_DUPLICATE	Gabungkan dengan rekaman sumber pertama baris data 456.	Goethe A1 Wortliste; Duden/DWDS	EXACT_SOURCE_MATCH	de-id-a1-kata-inti	billig	de-id-a1-kata-pakaian-warna	REPEATED_IN_BOOK	
7	172	Adjektive	Lernwortschatz	word	bunt	bunt	MERGE_BOOK_DUPLICATE	Gabungkan dengan rekaman sumber pertama baris data 613.	Goethe A1 Wortliste; Duden/DWDS	ADD_TO_NEW_DECK			de-id-a1-kata-pakaian-warna	REPEATED_IN_BOOK	
7	172	Adjektive	Lernwortschatz	word	einfarbig	einfarbig	VERIFY_BEFORE_ADD		Goethe A1 Wortliste; Duden/DWDS	ADD_TO_NEW_DECK			de-id-a1-kata-pakaian-warna		
7	172	Adjektive	Lernwortschatz	word	schick	schick	VERIFY_BEFORE_ADD		Goethe A1 Wortliste; Duden/DWDS	ADD_TO_NEW_DECK			de-id-a1-kata-pakaian-warna		
7	172	Adjektive	Lernwortschatz	word	unschick	unschick	VERIFY_BEFORE_ADD		Goethe A1 Wortliste; Duden/DWDS	ADD_TO_NEW_DECK			de-id-a1-kata-pakaian-warna		
7	172	Adjektive	Lernwortschatz	word	nass	nass	VERIFY_BEFORE_ADD		Goethe A1 Wortliste; Duden/DWDS	ADD_TO_NEW_DECK			de-id-a1-kata-pakaian-warna		
7	172	Adjektive	Lernwortschatz	word	trocken	trocken	VERIFY_BEFORE_ADD		Goethe A1 Wortliste; Duden/DWDS	ADD_TO_NEW_DECK			de-id-a1-kata-pakaian-warna		
7	173	Kleiderkauf	Redemittel	sentence	Kann ich Ihnen helfen?	Kann ich Ihnen helfen?	MERGE_BOOK_DUPLICATE	Gabungkan dengan rekaman sumber pertama baris data 379.	Goethe A1 Wortliste; Deutsche Welle Nicos Weg A1	ADD_TO_EXISTING_DECK			de-id-a1-kalimat-nyata	REPEATED_IN_BOOK|PATTERN_OR_PLACEHOLDER	
7	173	Kleiderkauf	Redemittel	sentence	Ich suche ein Paar Schuhe.	Ich suche ein Paar Schuhe.	VERIFY_BEFORE_ADD		Goethe A1 Wortliste; Deutsche Welle Nicos Weg A1	ADD_TO_EXISTING_DECK			de-id-a1-kalimat-nyata		
7	173	Kleiderkauf	Redemittel	sentence	Ich hätte gern einen Schal.	Ich hätte gern einen Schal.	VERIFY_BEFORE_ADD		Goethe A1 Wortliste; Deutsche Welle Nicos Weg A1	ADD_TO_EXISTING_DECK			de-id-a1-kalimat-nyata		
7	173	Kleiderkauf	Redemittel	sentence	Wo finde ich …?	Wo finde ich …?	KEEP_AS_PATTERN_ONLY	Berguna sebagai pola Redemittel, tetapi jangan dimasukkan sebagai kartu final sebelum placeholder diisi dengan contoh natural.	Goethe A1 Wortliste; Deutsche Welle Nicos Weg A1	ADD_TO_EXISTING_DECK			de-id-a1-kalimat-nyata	PATTERN_OR_PLACEHOLDER	
7	173	Kleiderkauf	Redemittel	sentence	Wo gibt es …?	Wo gibt es …?	KEEP_AS_PATTERN_ONLY	Berguna sebagai pola Redemittel, tetapi jangan dimasukkan sebagai kartu final sebelum placeholder diisi dengan contoh natural.	Goethe A1 Wortliste; Deutsche Welle Nicos Weg A1	ADD_TO_EXISTING_DECK			de-id-a1-kalimat-nyata	PATTERN_OR_PLACEHOLDER	
7	173	Kleiderkauf	Redemittel	sentence	Welche Größe tragen Sie?	Welche Größe tragen Sie?	VERIFY_BEFORE_ADD		Goethe A1 Wortliste; Deutsche Welle Nicos Weg A1	ADD_TO_EXISTING_DECK			de-id-a1-kalimat-nyata	PATTERN_OR_PLACEHOLDER	
7	173	Kleiderkauf	Redemittel	sentence	Welche Farbe möchten Sie?	Welche Farbe möchten Sie?	VERIFY_BEFORE_ADD		Goethe A1 Wortliste; Deutsche Welle Nicos Weg A1	ADD_TO_EXISTING_DECK			de-id-a1-kalimat-nyata	PATTERN_OR_PLACEHOLDER	
7	173	Kleiderkauf	Redemittel	sentence	Haben Sie das in Größe …?	Haben Sie das in Größe …?	KEEP_AS_PATTERN_ONLY	Berguna sebagai pola Redemittel, tetapi jangan dimasukkan sebagai kartu final sebelum placeholder diisi dengan contoh natural.	Goethe A1 Wortliste; Deutsche Welle Nicos Weg A1	ADD_TO_EXISTING_DECK			de-id-a1-kalimat-nyata	PATTERN_OR_PLACEHOLDER	
7	173	Kleiderkauf	Redemittel	sentence	Haben Sie das in Blau?	Haben Sie das in Blau?	VERIFY_BEFORE_ADD		Goethe A1 Wortliste; Deutsche Welle Nicos Weg A1	ADD_TO_EXISTING_DECK			de-id-a1-kalimat-nyata	PATTERN_OR_PLACEHOLDER	
7	173	Kleiderkauf	Redemittel	sentence	Wollen Sie das anprobieren?	Wollen Sie das anprobieren?	VERIFY_BEFORE_ADD		Goethe A1 Wortliste; Deutsche Welle Nicos Weg A1	ADD_TO_EXISTING_DECK			de-id-a1-kalimat-nyata	PATTERN_OR_PLACEHOLDER	
7	173	Kleiderkauf	Redemittel	sentence	Kann ich das anprobieren?	Kann ich das anprobieren?	VERIFY_BEFORE_ADD		Goethe A1 Wortliste; Deutsche Welle Nicos Weg A1	ADD_TO_EXISTING_DECK			de-id-a1-kalimat-nyata	PATTERN_OR_PLACEHOLDER	
7	173	Kleiderkauf	Redemittel	sentence	Wie steht mir das?	Wie steht mir das?	VERIFY_BEFORE_ADD		Goethe A1 Wortliste; Deutsche Welle Nicos Weg A1	ADD_TO_EXISTING_DECK			de-id-a1-kalimat-nyata	PATTERN_OR_PLACEHOLDER	
7	173	Kleiderkauf	Redemittel	sentence	Das steht mir nicht.	Das steht mir nicht.	VERIFY_BEFORE_ADD		Goethe A1 Wortliste; Deutsche Welle Nicos Weg A1	ADD_TO_EXISTING_DECK			de-id-a1-kalimat-nyata		
7	173	Kleiderkauf	Redemittel	sentence	Das passt nicht.	Das passt nicht.	VERIFY_BEFORE_ADD		Goethe A1 Wortliste; Deutsche Welle Nicos Weg A1	ADD_TO_EXISTING_DECK			de-id-a1-kalimat-nyata		
7	173	Kleiderkauf	Redemittel	sentence	Das ist mir zu klein.	Das ist mir zu klein.	VERIFY_BEFORE_ADD		Goethe A1 Wortliste; Deutsche Welle Nicos Weg A1	ADD_TO_EXISTING_DECK			de-id-a1-kalimat-nyata		
7	173	Kleiderkauf	Redemittel	sentence	Das ist mir zu eng.	Das ist mir zu eng.	VERIFY_BEFORE_ADD		Goethe A1 Wortliste; Deutsche Welle Nicos Weg A1	ADD_TO_EXISTING_DECK			de-id-a1-kalimat-nyata		
7	173	Kleiderkauf	Redemittel	sentence	Das ist mir zu groß.	Das ist mir zu groß.	VERIFY_BEFORE_ADD		Goethe A1 Wortliste; Deutsche Welle Nicos Weg A1	ADD_TO_EXISTING_DECK			de-id-a1-kalimat-nyata		
7	173	Kleiderkauf	Redemittel	sentence	Wie viel kostet …?	Wie viel kostet …?	KEEP_AS_PATTERN_ONLY	Berguna sebagai pola Redemittel, tetapi jangan dimasukkan sebagai kartu final sebelum placeholder diisi dengan contoh natural.	Goethe A1 Wortliste; Deutsche Welle Nicos Weg A1	ADD_TO_EXISTING_DECK			de-id-a1-kalimat-nyata	REPEATED_IN_BOOK|PATTERN_OR_PLACEHOLDER	
7	173	Kleiderkauf	Redemittel	sentence	Das ist zu teuer!	Das ist zu teuer!	VERIFY_BEFORE_ADD		Goethe A1 Wortliste; Deutsche Welle Nicos Weg A1	ADD_TO_EXISTING_DECK			de-id-a1-kalimat-nyata		
7	173	Kleiderkauf	Redemittel	sentence	Ich nehme das Hemd.	Ich nehme das Hemd.	VERIFY_BEFORE_ADD		Goethe A1 Wortliste; Deutsche Welle Nicos Weg A1	ADD_TO_EXISTING_DECK			de-id-a1-kalimat-nyata		
7	173	Kleiderkauf	Redemittel	sentence	Tut mir leid, das haben wir nicht.	Tut mir leid, das haben wir nicht.	VERIFY_BEFORE_ADD		Goethe A1 Wortliste; Deutsche Welle Nicos Weg A1	ADD_TO_EXISTING_DECK			de-id-a1-kalimat-nyata		
8	189	Adjektive	Lernwortschatz	word	warm	warm	MERGE_BOOK_DUPLICATE	Gabungkan dengan rekaman sumber pertama baris data 290.	Goethe A1 Wortliste; Duden/DWDS	EXACT_SOURCE_MATCH	de-id-a1-waktu-cuaca-angka-word	warm	de-id-a1-kata-tubuh-kesehatan	REPEATED_IN_BOOK	
8	189	Adjektive	Lernwortschatz	word	kalt	kalt	MERGE_BOOK_DUPLICATE	Gabungkan dengan rekaman sumber pertama baris data 291.	Goethe A1 Wortliste; Duden/DWDS	ADD_TO_NEW_DECK			de-id-a1-kata-tubuh-kesehatan	REPEATED_IN_BOOK	
8	189	Adjektive	Lernwortschatz	word	gut	gut	MERGE_BOOK_DUPLICATE	Gabungkan dengan rekaman sumber pertama baris data 356.	Goethe A1 Wortliste; Duden/DWDS	EXACT_SOURCE_MATCH	de-id-a1-kata-inti	gut	de-id-a1-kata-tubuh-kesehatan	REPEATED_IN_BOOK	
8	189	Adjektive	Lernwortschatz	word	schlecht	schlecht	MERGE_BOOK_DUPLICATE	Gabungkan dengan rekaman sumber pertama baris data 626.	Goethe A1 Wortliste; Duden/DWDS	EXACT_SOURCE_MATCH	de-id-a1-kata-inti	schlecht	de-id-a1-kata-tubuh-kesehatan	REPEATED_IN_BOOK	
8	189	Adjektive	Lernwortschatz	word	kurz	kurz	MERGE_BOOK_DUPLICATE	Gabungkan dengan rekaman sumber pertama baris data 631.	Goethe A1 Wortliste; Duden/DWDS	ADD_TO_NEW_DECK			de-id-a1-kata-tubuh-kesehatan	REPEATED_IN_BOOK	
8	189	Medikamente und Hausmittel	Lernwortschatz	phrase	die Salbe	die Salbe	RECLASSIFY_AS_WORD	Nomina berartikel salah terklasifikasi sebagai frasa akibat heuristik inventaris; perlakukan sebagai kata dan tambahkan jamak jika relevan.	Goethe A1 Wortliste; Deutsche Welle Nicos Weg A1	ADD_TO_NEW_DECK			de-id-a1-frasa-dokter-apotek		
8	189	Medikamente und Hausmittel	Lernwortschatz	phrase	der Hustensaft	der Hustensaft	RECLASSIFY_AS_WORD	Nomina berartikel salah terklasifikasi sebagai frasa akibat heuristik inventaris; perlakukan sebagai kata dan tambahkan jamak jika relevan.	Goethe A1 Wortliste; Deutsche Welle Nicos Weg A1	ADD_TO_NEW_DECK			de-id-a1-frasa-dokter-apotek		
8	189	Medikamente und Hausmittel	Lernwortschatz	phrase	das Pflaster	das Pflaster	RECLASSIFY_AS_WORD	Nomina berartikel salah terklasifikasi sebagai frasa akibat heuristik inventaris; perlakukan sebagai kata dan tambahkan jamak jika relevan.	Goethe A1 Wortliste; Deutsche Welle Nicos Weg A1	ADD_TO_NEW_DECK			de-id-a1-frasa-dokter-apotek		
8	189	Medikamente und Hausmittel	Lernwortschatz	phrase	die Tropfen	die Tropfen	RECLASSIFY_AS_WORD	Nomina berartikel salah terklasifikasi sebagai frasa akibat heuristik inventaris; perlakukan sebagai kata dan tambahkan jamak jika relevan.	Goethe A1 Wortliste; Deutsche Welle Nicos Weg A1	ADD_TO_NEW_DECK			de-id-a1-frasa-dokter-apotek		
8	189	Medikamente und Hausmittel	Lernwortschatz	phrase	die Tablette	die Tablette	RECLASSIFY_AS_WORD	Nomina berartikel salah terklasifikasi sebagai frasa akibat heuristik inventaris; perlakukan sebagai kata dan tambahkan jamak jika relevan.	Goethe A1 Wortliste; Deutsche Welle Nicos Weg A1	ADD_TO_NEW_DECK			de-id-a1-frasa-dokter-apotek		
8	189	Medikamente und Hausmittel	Lernwortschatz	phrase	die Nelke	die Nelke	RECLASSIFY_AS_WORD	Nomina berartikel salah terklasifikasi sebagai frasa akibat heuristik inventaris; perlakukan sebagai kata dan tambahkan jamak jika relevan.	Goethe A1 Wortliste; Deutsche Welle Nicos Weg A1	ADD_TO_NEW_DECK			de-id-a1-frasa-dokter-apotek		
8	189	Medikamente und Hausmittel	Lernwortschatz	phrase	der Honig	der Honig	RECLASSIFY_AS_WORD	Nomina berartikel salah terklasifikasi sebagai frasa akibat heuristik inventaris; perlakukan sebagai kata dan tambahkan jamak jika relevan.	Goethe A1 Wortliste; Deutsche Welle Nicos Weg A1	ADD_TO_NEW_DECK			de-id-a1-frasa-dokter-apotek		
8	189	Körperteile	Lernwortschatz	phrase	der Mund	der Mund	RECLASSIFY_AS_WORD	Nomina berartikel salah terklasifikasi sebagai frasa akibat heuristik inventaris; perlakukan sebagai kata dan tambahkan jamak jika relevan.	Goethe A1 Wortliste; Deutsche Welle Nicos Weg A1	ADD_TO_NEW_DECK			de-id-a1-frasa-dokter-apotek		
8	189	Körperteile	Lernwortschatz	phrase	die Nase	die Nase	RECLASSIFY_AS_WORD	Nomina berartikel salah terklasifikasi sebagai frasa akibat heuristik inventaris; perlakukan sebagai kata dan tambahkan jamak jika relevan.	Goethe A1 Wortliste; Deutsche Welle Nicos Weg A1	ADD_TO_NEW_DECK			de-id-a1-frasa-dokter-apotek		
8	189	Körperteile	Lernwortschatz	phrase	der Arm	der Arm	RECLASSIFY_AS_WORD	Nomina berartikel salah terklasifikasi sebagai frasa akibat heuristik inventaris; perlakukan sebagai kata dan tambahkan jamak jika relevan.	Goethe A1 Wortliste; Deutsche Welle Nicos Weg A1	ADD_TO_NEW_DECK			de-id-a1-frasa-dokter-apotek		
8	189	Körperteile	Lernwortschatz	phrase	der Bauch	der Bauch	RECLASSIFY_AS_WORD	Nomina berartikel salah terklasifikasi sebagai frasa akibat heuristik inventaris; perlakukan sebagai kata dan tambahkan jamak jika relevan.	Goethe A1 Wortliste; Deutsche Welle Nicos Weg A1	ADD_TO_NEW_DECK			de-id-a1-frasa-dokter-apotek		
8	189	Körperteile	Lernwortschatz	phrase	die Brust	die Brust	RECLASSIFY_AS_WORD	Nomina berartikel salah terklasifikasi sebagai frasa akibat heuristik inventaris; perlakukan sebagai kata dan tambahkan jamak jika relevan.	Goethe A1 Wortliste; Deutsche Welle Nicos Weg A1	ADD_TO_NEW_DECK			de-id-a1-frasa-dokter-apotek		
8	189	Körperteile	Lernwortschatz	phrase	der Ellbogen	der Ellbogen	RECLASSIFY_AS_WORD	Nomina berartikel salah terklasifikasi sebagai frasa akibat heuristik inventaris; perlakukan sebagai kata dan tambahkan jamak jika relevan.	Goethe A1 Wortliste; Deutsche Welle Nicos Weg A1	ADD_TO_NEW_DECK			de-id-a1-frasa-dokter-apotek		
8	189	Körperteile	Lernwortschatz	phrase	der Fuß	der Fuß	RECLASSIFY_AS_WORD	Nomina berartikel salah terklasifikasi sebagai frasa akibat heuristik inventaris; perlakukan sebagai kata dan tambahkan jamak jika relevan.	Goethe A1 Wortliste; Deutsche Welle Nicos Weg A1	ADD_TO_NEW_DECK			de-id-a1-frasa-dokter-apotek		
8	189	Körperteile	Lernwortschatz	phrase	der Hals	der Hals	RECLASSIFY_AS_WORD	Nomina berartikel salah terklasifikasi sebagai frasa akibat heuristik inventaris; perlakukan sebagai kata dan tambahkan jamak jika relevan.	Goethe A1 Wortliste; Deutsche Welle Nicos Weg A1	ADD_TO_NEW_DECK			de-id-a1-frasa-dokter-apotek		
8	189	Körperteile	Lernwortschatz	phrase	das Herz	das Herz	RECLASSIFY_AS_WORD	Nomina berartikel salah terklasifikasi sebagai frasa akibat heuristik inventaris; perlakukan sebagai kata dan tambahkan jamak jika relevan.	Goethe A1 Wortliste; Deutsche Welle Nicos Weg A1	ADD_TO_NEW_DECK			de-id-a1-frasa-dokter-apotek		
8	189	Körperteile	Lernwortschatz	phrase	die Hand	die Hand	RECLASSIFY_AS_WORD	Nomina berartikel salah terklasifikasi sebagai frasa akibat heuristik inventaris; perlakukan sebagai kata dan tambahkan jamak jika relevan.	Goethe A1 Wortliste; Deutsche Welle Nicos Weg A1	ADD_TO_NEW_DECK			de-id-a1-frasa-dokter-apotek		
8	189	Körperteile	Lernwortschatz	phrase	der Kopf	der Kopf	RECLASSIFY_AS_WORD	Nomina berartikel salah terklasifikasi sebagai frasa akibat heuristik inventaris; perlakukan sebagai kata dan tambahkan jamak jika relevan.	Goethe A1 Wortliste; Deutsche Welle Nicos Weg A1	ADD_TO_NEW_DECK			de-id-a1-frasa-dokter-apotek		
8	189	Beim Arzt	Lernwortschatz	phrase	der Unfall	der Unfall	RECLASSIFY_AS_WORD	Nomina berartikel salah terklasifikasi sebagai frasa akibat heuristik inventaris; perlakukan sebagai kata dan tambahkan jamak jika relevan.	Goethe A1 Wortliste; Deutsche Welle Nicos Weg A1	ADD_TO_NEW_DECK			de-id-a1-frasa-dokter-apotek		
8	189	Beim Arzt	Lernwortschatz	phrase	der Husten	der Husten	RECLASSIFY_AS_WORD	Nomina berartikel salah terklasifikasi sebagai frasa akibat heuristik inventaris; perlakukan sebagai kata dan tambahkan jamak jika relevan.	Goethe A1 Wortliste; Deutsche Welle Nicos Weg A1	ADD_TO_NEW_DECK			de-id-a1-frasa-dokter-apotek		
8	189	Beim Arzt	Lernwortschatz	phrase	der Schnupfen	der Schnupfen	RECLASSIFY_AS_WORD	Nomina berartikel salah terklasifikasi sebagai frasa akibat heuristik inventaris; perlakukan sebagai kata dan tambahkan jamak jika relevan.	Goethe A1 Wortliste; Deutsche Welle Nicos Weg A1	ADD_TO_NEW_DECK			de-id-a1-frasa-dokter-apotek		
8	189	Beim Arzt	Lernwortschatz	phrase	der Zahnarzt	der Zahnarzt	RECLASSIFY_AS_WORD	Nomina berartikel salah terklasifikasi sebagai frasa akibat heuristik inventaris; perlakukan sebagai kata dan tambahkan jamak jika relevan.	Goethe A1 Wortliste; Deutsche Welle Nicos Weg A1	ADD_TO_NEW_DECK			de-id-a1-frasa-dokter-apotek		
8	189	Beim Arzt	Lernwortschatz	phrase	der Apotheker	der Apotheker	RECLASSIFY_AS_WORD	Nomina berartikel salah terklasifikasi sebagai frasa akibat heuristik inventaris; perlakukan sebagai kata dan tambahkan jamak jika relevan.	Goethe A1 Wortliste; Deutsche Welle Nicos Weg A1	ADD_TO_NEW_DECK			de-id-a1-frasa-dokter-apotek		
8	189	Beim Arzt	Lernwortschatz	phrase	der Arzthelfer	der Arzthelfer	RECLASSIFY_AS_WORD	Nomina berartikel salah terklasifikasi sebagai frasa akibat heuristik inventaris; perlakukan sebagai kata dan tambahkan jamak jika relevan.	Goethe A1 Wortliste; Deutsche Welle Nicos Weg A1	ADD_TO_NEW_DECK			de-id-a1-frasa-dokter-apotek		
8	189	Beim Arzt	Lernwortschatz	phrase	das Krankenhaus	das Krankenhaus	RECLASSIFY_AS_WORD	Nomina berartikel salah terklasifikasi sebagai frasa akibat heuristik inventaris; perlakukan sebagai kata dan tambahkan jamak jika relevan.	Goethe A1 Wortliste; Deutsche Welle Nicos Weg A1	ADD_TO_NEW_DECK			de-id-a1-frasa-dokter-apotek		
8	189	Beim Arzt	Lernwortschatz	phrase	der Notarzt	der Notarzt	RECLASSIFY_AS_WORD	Nomina berartikel salah terklasifikasi sebagai frasa akibat heuristik inventaris; perlakukan sebagai kata dan tambahkan jamak jika relevan.	Goethe A1 Wortliste; Deutsche Welle Nicos Weg A1	ADD_TO_NEW_DECK			de-id-a1-frasa-dokter-apotek		
8	189	Beim Arzt	Lernwortschatz	phrase	die Apotheke	die Apotheke	RECLASSIFY_AS_WORD	Nomina berartikel salah terklasifikasi sebagai frasa akibat heuristik inventaris; perlakukan sebagai kata dan tambahkan jamak jika relevan.	Goethe A1 Wortliste; Deutsche Welle Nicos Weg A1	ADD_TO_NEW_DECK			de-id-a1-frasa-dokter-apotek		
8	189	Beim Arzt	Lernwortschatz	phrase	das Medikament	das Medikament	RECLASSIFY_AS_WORD	Nomina berartikel salah terklasifikasi sebagai frasa akibat heuristik inventaris; perlakukan sebagai kata dan tambahkan jamak jika relevan.	Goethe A1 Wortliste; Deutsche Welle Nicos Weg A1	ADD_TO_NEW_DECK			de-id-a1-frasa-dokter-apotek		
8	189	Beim Arzt	Lernwortschatz	phrase	die Bauchschmerzen	die Bauchschmerzen	RECLASSIFY_AS_WORD	Nomina berartikel salah terklasifikasi sebagai frasa akibat heuristik inventaris; perlakukan sebagai kata dan tambahkan jamak jika relevan.	Goethe A1 Wortliste; Deutsche Welle Nicos Weg A1	ADD_TO_NEW_DECK			de-id-a1-frasa-dokter-apotek		
8	189	Beim Arzt	Lernwortschatz	phrase	die Rückenschmerzen	die Rückenschmerzen	RECLASSIFY_AS_WORD	Nomina berartikel salah terklasifikasi sebagai frasa akibat heuristik inventaris; perlakukan sebagai kata dan tambahkan jamak jika relevan.	Goethe A1 Wortliste; Deutsche Welle Nicos Weg A1	ADD_TO_NEW_DECK			de-id-a1-frasa-dokter-apotek		
8	189	Beim Arzt	Lernwortschatz	phrase	der Schmerz	der Schmerz	RECLASSIFY_AS_WORD	Nomina berartikel salah terklasifikasi sebagai frasa akibat heuristik inventaris; perlakukan sebagai kata dan tambahkan jamak jika relevan.	Goethe A1 Wortliste; Deutsche Welle Nicos Weg A1	ADD_TO_NEW_DECK			de-id-a1-frasa-dokter-apotek		
8	189	Beim Arzt	Lernwortschatz	phrase	die Kopfschmerzen	die Kopfschmerzen	RECLASSIFY_AS_WORD	Nomina berartikel salah terklasifikasi sebagai frasa akibat heuristik inventaris; perlakukan sebagai kata dan tambahkan jamak jika relevan.	Goethe A1 Wortliste; Deutsche Welle Nicos Weg A1	ADD_TO_NEW_DECK			de-id-a1-frasa-dokter-apotek		
8	189	Beim Arzt	Lernwortschatz	phrase	der Tipp	der Tipp	RECLASSIFY_AS_WORD	Nomina berartikel salah terklasifikasi sebagai frasa akibat heuristik inventaris; perlakukan sebagai kata dan tambahkan jamak jika relevan.	Goethe A1 Wortliste; Deutsche Welle Nicos Weg A1	ADD_TO_NEW_DECK			de-id-a1-frasa-dokter-apotek		
8	189	Beim Arzt	Lernwortschatz	phrase	die Krankenschwester	die Krankenschwester	RECLASSIFY_AS_WORD	Nomina berartikel salah terklasifikasi sebagai frasa akibat heuristik inventaris; perlakukan sebagai kata dan tambahkan jamak jika relevan.	Goethe A1 Wortliste; Deutsche Welle Nicos Weg A1	ADD_TO_NEW_DECK			de-id-a1-frasa-dokter-apotek		
8	189	Beim Arzt	Lernwortschatz	phrase	der Physiotherapeut	der Physiotherapeut	RECLASSIFY_AS_WORD	Nomina berartikel salah terklasifikasi sebagai frasa akibat heuristik inventaris; perlakukan sebagai kata dan tambahkan jamak jika relevan.	Goethe A1 Wortliste; Deutsche Welle Nicos Weg A1	ADD_TO_NEW_DECK			de-id-a1-frasa-dokter-apotek		
8	189	Beim Arzt	Lernwortschatz	sentence	Aua!	Aua!	VERIFY_BEFORE_ADD		Goethe A1 Wortliste; Deutsche Welle Nicos Weg A1	ADD_TO_EXISTING_DECK			de-id-a1-kalimat-nyata		
8	189	Beim Arzt	Lernwortschatz	word	wehtun	wehtun	VERIFY_BEFORE_ADD		Goethe A1 Wortliste; Duden/DWDS	ADD_TO_NEW_DECK			de-id-a1-kata-tubuh-kesehatan		
8	189	Beim Arzt	Lernwortschatz	phrase	das Halsweh	das Halsweh	RECLASSIFY_AS_WORD	Nomina berartikel salah terklasifikasi sebagai frasa akibat heuristik inventaris; perlakukan sebagai kata dan tambahkan jamak jika relevan.	Goethe A1 Wortliste; Deutsche Welle Nicos Weg A1	ADD_TO_NEW_DECK			de-id-a1-frasa-dokter-apotek		
8	189	Beim Arzt	Lernwortschatz	phrase	das Mittel	das Mittel	RECLASSIFY_AS_WORD	Nomina berartikel salah terklasifikasi sebagai frasa akibat heuristik inventaris; perlakukan sebagai kata dan tambahkan jamak jika relevan.	Goethe A1 Wortliste; Deutsche Welle Nicos Weg A1	ADD_TO_NEW_DECK			de-id-a1-frasa-dokter-apotek		
8	190	Arzt und Apotheke	Redemittel	sentence	Was fehlt Ihnen?	Was fehlt Ihnen?	VERIFY_BEFORE_ADD		Goethe A1 Wortliste; Deutsche Welle Nicos Weg A1	ADD_TO_EXISTING_DECK			de-id-a1-kalimat-nyata	PATTERN_OR_PLACEHOLDER	
8	190	Arzt und Apotheke	Redemittel	sentence	Wo haben Sie Schmerzen?	Wo haben Sie Schmerzen?	VERIFY_BEFORE_ADD		Goethe A1 Wortliste; Deutsche Welle Nicos Weg A1	ADD_TO_EXISTING_DECK			de-id-a1-kalimat-nyata	PATTERN_OR_PLACEHOLDER	
8	190	Arzt und Apotheke	Redemittel	sentence	Tut das weh?	Tut das weh?	VERIFY_BEFORE_ADD		Goethe A1 Wortliste; Deutsche Welle Nicos Weg A1	ADD_TO_EXISTING_DECK			de-id-a1-kalimat-nyata	PATTERN_OR_PLACEHOLDER	
8	190	Arzt und Apotheke	Redemittel	sentence	Haben Sie Kopfschmerzen?	Haben Sie Kopfschmerzen?	VERIFY_BEFORE_ADD		Goethe A1 Wortliste; Deutsche Welle Nicos Weg A1	ADD_TO_EXISTING_DECK			de-id-a1-kalimat-nyata	PATTERN_OR_PLACEHOLDER	
8	190	Arzt und Apotheke	Redemittel	sentence	Ich schreibe Ihnen ein Rezept.	Ich schreibe Ihnen ein Rezept.	VERIFY_BEFORE_ADD		Goethe A1 Wortliste; Deutsche Welle Nicos Weg A1	ADD_TO_EXISTING_DECK			de-id-a1-kalimat-nyata		
8	190	Arzt und Apotheke	Redemittel	sentence	Ich fühle mich nicht gut.	Ich fühle mich nicht gut.	VERIFY_BEFORE_ADD		Goethe A1 Wortliste; Deutsche Welle Nicos Weg A1	ADD_TO_EXISTING_DECK			de-id-a1-kalimat-nyata		
8	190	Arzt und Apotheke	Redemittel	sentence	Mir geht es nicht gut.	Mir geht es nicht gut.	VERIFY_BEFORE_ADD		Goethe A1 Wortliste; Deutsche Welle Nicos Weg A1	ADD_TO_EXISTING_DECK			de-id-a1-kalimat-nyata		
8	190	Arzt und Apotheke	Redemittel	sentence	Ich habe Bauchschmerzen.	Ich habe Bauchschmerzen.	VERIFY_BEFORE_ADD		Goethe A1 Wortliste; Deutsche Welle Nicos Weg A1	ADD_TO_EXISTING_DECK			de-id-a1-kalimat-nyata		
8	190	Arzt und Apotheke	Redemittel	sentence	Mein Arm tut weh.	Mein Arm tut weh.	VERIFY_BEFORE_ADD		Goethe A1 Wortliste; Deutsche Welle Nicos Weg A1	ADD_TO_EXISTING_DECK			de-id-a1-kalimat-nyata		
8	190	Arzt und Apotheke	Redemittel	sentence	Wie oft soll ich die Medikamente nehmen?	Wie oft soll ich die Medikamente nehmen?	VERIFY_BEFORE_ADD		Goethe A1 Wortliste; Deutsche Welle Nicos Weg A1	ADD_TO_EXISTING_DECK			de-id-a1-kalimat-nyata	PATTERN_OR_PLACEHOLDER	
8	190	Arzt und Apotheke	Redemittel	sentence	Wann soll ich die Medikamente nehmen?	Wann soll ich die Medikamente nehmen?	VERIFY_BEFORE_ADD		Goethe A1 Wortliste; Deutsche Welle Nicos Weg A1	ADD_TO_EXISTING_DECK			de-id-a1-kalimat-nyata	PATTERN_OR_PLACEHOLDER	
8	190	Arzt und Apotheke	Redemittel	sentence	Darf ich rauchen?	Darf ich rauchen?	VERIFY_BEFORE_ADD		Goethe A1 Wortliste; Deutsche Welle Nicos Weg A1	ADD_TO_EXISTING_DECK			de-id-a1-kalimat-nyata	PATTERN_OR_PLACEHOLDER	
8	190	Arzt und Apotheke	Redemittel	sentence	Wann darf ich wieder Sport machen?	Wann darf ich wieder Sport machen?	VERIFY_BEFORE_ADD		Goethe A1 Wortliste; Deutsche Welle Nicos Weg A1	ADD_TO_EXISTING_DECK			de-id-a1-kalimat-nyata	PATTERN_OR_PLACEHOLDER	
8	190	Arzt und Apotheke	Redemittel	sentence	Wie lange muss ich im Bett bleiben?	Wie lange muss ich im Bett bleiben?	VERIFY_BEFORE_ADD		Goethe A1 Wortliste; Deutsche Welle Nicos Weg A1	ADD_TO_EXISTING_DECK			de-id-a1-kalimat-nyata	PATTERN_OR_PLACEHOLDER	
8	190	Arzt und Apotheke	Redemittel	sentence	Ich brauche eine Krankenschreibung.	Ich brauche eine Krankenschreibung.	VERIFY_BEFORE_ADD		Goethe A1 Wortliste; Deutsche Welle Nicos Weg A1	ADD_TO_EXISTING_DECK			de-id-a1-kalimat-nyata		
8	190	Arzt und Apotheke	Redemittel	sentence	Trinken Sie viel Wasser!	Trinken Sie viel Wasser!	VERIFY_BEFORE_ADD		Goethe A1 Wortliste; Deutsche Welle Nicos Weg A1	ADD_TO_EXISTING_DECK			de-id-a1-kalimat-nyata		
8	190	Arzt und Apotheke	Redemittel	sentence	Nehmen Sie die Tablette nach dem Essen!	Nehmen Sie die Tablette nach dem Essen!	VERIFY_BEFORE_ADD		Goethe A1 Wortliste; Deutsche Welle Nicos Weg A1	ADD_TO_EXISTING_DECK			de-id-a1-kalimat-nyata		
8	190	Arzt und Apotheke	Redemittel	sentence	Schlafen Sie viel!	Schlafen Sie viel!	VERIFY_BEFORE_ADD		Goethe A1 Wortliste; Deutsche Welle Nicos Weg A1	ADD_TO_EXISTING_DECK			de-id-a1-kalimat-nyata		
9	204	Freizeitverben und Perfekt	Lernwortschatz	phrase	schwimmen – ist geschwommen	schwimmen – ist geschwommen	VERIFY_BEFORE_ADD		Goethe A1 Wortliste; Deutsche Welle Nicos Weg A1	ADD_TO_EXISTING_DECK			de-id-a1-frasa-hobi		
9	204	Freizeitverben und Perfekt	Lernwortschatz	phrase	Fußball spielen – hat Fußball gespielt	Fußball spielen – hat Fußball gespielt	VERIFY_BEFORE_ADD		Goethe A1 Wortliste; Deutsche Welle Nicos Weg A1	ADD_TO_EXISTING_DECK			de-id-a1-frasa-hobi		
9	204	Freizeitverben und Perfekt	Lernwortschatz	phrase	kochen – hat gekocht	kochen – hat gekocht	VERIFY_BEFORE_ADD		Goethe A1 Wortliste; Deutsche Welle Nicos Weg A1	ADD_TO_EXISTING_DECK			de-id-a1-frasa-hobi		
9	204	Freizeitverben und Perfekt	Lernwortschatz	phrase	Musik hören – hat Musik gehört	Musik hören – hat Musik gehört	VERIFY_BEFORE_ADD		Goethe A1 Wortliste; Deutsche Welle Nicos Weg A1	ADD_TO_EXISTING_DECK			de-id-a1-frasa-hobi		
9	204	Freizeitverben und Perfekt	Lernwortschatz	phrase	tanzen – hat getanzt	tanzen – hat getanzt	VERIFY_BEFORE_ADD		Goethe A1 Wortliste; Deutsche Welle Nicos Weg A1	ADD_TO_EXISTING_DECK			de-id-a1-frasa-hobi		
9	204	Freizeitverben und Perfekt	Lernwortschatz	phrase	Fahrrad fahren – ist Fahrrad gefahren	Fahrrad fahren – ist Fahrrad gefahren	VERIFY_BEFORE_ADD		Goethe A1 Wortliste; Deutsche Welle Nicos Weg A1	ADD_TO_EXISTING_DECK			de-id-a1-frasa-hobi		
9	204	Freizeitverben und Perfekt	Lernwortschatz	phrase	lesen – hat gelesen	lesen – hat gelesen	VERIFY_BEFORE_ADD		Goethe A1 Wortliste; Deutsche Welle Nicos Weg A1	ADD_TO_EXISTING_DECK			de-id-a1-frasa-hobi		
9	204	Freizeitverben und Perfekt	Lernwortschatz	phrase	fotografieren – hat fotografiert	fotografieren – hat fotografiert	VERIFY_BEFORE_ADD		Goethe A1 Wortliste; Deutsche Welle Nicos Weg A1	ADD_TO_EXISTING_DECK			de-id-a1-frasa-hobi		
9	204	Freizeitverben und Perfekt	Lernwortschatz	phrase	singen – hat gesungen	singen – hat gesungen	VERIFY_BEFORE_ADD		Goethe A1 Wortliste; Deutsche Welle Nicos Weg A1	ADD_TO_EXISTING_DECK			de-id-a1-frasa-hobi		
9	204	Freizeitverben und Perfekt	Lernwortschatz	phrase	malen – hat gemalt	malen – hat gemalt	VERIFY_BEFORE_ADD		Goethe A1 Wortliste; Deutsche Welle Nicos Weg A1	ADD_TO_EXISTING_DECK			de-id-a1-frasa-hobi		
9	204	Freizeitverben und Perfekt	Lernwortschatz	phrase	reisen – ist gereist	reisen – ist gereist	VERIFY_BEFORE_ADD		Goethe A1 Wortliste; Deutsche Welle Nicos Weg A1	ADD_TO_EXISTING_DECK			de-id-a1-frasa-hobi		
9	204	Freizeitverben und Perfekt	Lernwortschatz	phrase	machen – hat gemacht	machen – hat gemacht	VERIFY_BEFORE_ADD		Goethe A1 Wortliste; Deutsche Welle Nicos Weg A1	ADD_TO_EXISTING_DECK			de-id-a1-frasa-hobi		
9	204	Freizeitverben und Perfekt	Lernwortschatz	phrase	joggen – hat gejoggt	joggen – hat gejoggt	VERIFY_BEFORE_ADD		Goethe A1 Wortliste; Deutsche Welle Nicos Weg A1	ADD_TO_EXISTING_DECK			de-id-a1-frasa-hobi		
9	204	Freizeitverben und Perfekt	Lernwortschatz	phrase	backen – hat gebacken	backen – hat gebacken	VERIFY_BEFORE_ADD		Goethe A1 Wortliste; Deutsche Welle Nicos Weg A1	ADD_TO_EXISTING_DECK			de-id-a1-frasa-hobi		
9	204	Freizeitverben und Perfekt	Lernwortschatz	phrase	reden – hat geredet	reden – hat geredet	VERIFY_BEFORE_ADD		Goethe A1 Wortliste; Deutsche Welle Nicos Weg A1	ADD_TO_EXISTING_DECK			de-id-a1-frasa-hobi		
9	204	Freizeitverben und Perfekt	Lernwortschatz	phrase	sprechen – hat gesprochen	sprechen – hat gesprochen	VERIFY_BEFORE_ADD		Goethe A1 Wortliste; Deutsche Welle Nicos Weg A1	ADD_TO_EXISTING_DECK			de-id-a1-frasa-hobi		
9	204	Freizeitverben und Perfekt	Lernwortschatz	phrase	schmecken – hat geschmeckt	schmecken – hat geschmeckt	VERIFY_BEFORE_ADD		Goethe A1 Wortliste; Deutsche Welle Nicos Weg A1	ADD_TO_EXISTING_DECK			de-id-a1-frasa-hobi		
9	204	Freizeitverben und Perfekt	Lernwortschatz	phrase	anrufen – hat angerufen	anrufen – hat angerufen	VERIFY_BEFORE_ADD		Goethe A1 Wortliste; Deutsche Welle Nicos Weg A1	ADD_TO_EXISTING_DECK			de-id-a1-frasa-hobi		
9	204	Freizeitverben und Perfekt	Lernwortschatz	phrase	antworten – hat geantwortet	antworten – hat geantwortet	VERIFY_BEFORE_ADD		Goethe A1 Wortliste; Deutsche Welle Nicos Weg A1	ADD_TO_EXISTING_DECK			de-id-a1-frasa-hobi		
9	204	Freizeitverben und Perfekt	Lernwortschatz	phrase	lernen – hat gelernt	lernen – hat gelernt	VERIFY_BEFORE_ADD		Goethe A1 Wortliste; Deutsche Welle Nicos Weg A1	ADD_TO_EXISTING_DECK			de-id-a1-frasa-hobi		
9	204	Freizeitverben und Perfekt	Lernwortschatz	phrase	bekommen – hat bekommen	bekommen – hat bekommen	VERIFY_BEFORE_ADD		Goethe A1 Wortliste; Deutsche Welle Nicos Weg A1	ADD_TO_EXISTING_DECK			de-id-a1-frasa-hobi		
9	204	Freizeitverben und Perfekt	Lernwortschatz	phrase	ansehen – hat angesehen	ansehen – hat angesehen	VERIFY_BEFORE_ADD		Goethe A1 Wortliste; Deutsche Welle Nicos Weg A1	ADD_TO_EXISTING_DECK			de-id-a1-frasa-hobi		
9	204	Freizeitverben und Perfekt	Lernwortschatz	phrase	aussehen – hat ausgesehen	aussehen – hat ausgesehen	VERIFY_BEFORE_ADD		Goethe A1 Wortliste; Deutsche Welle Nicos Weg A1	ADD_TO_EXISTING_DECK			de-id-a1-frasa-hobi		
9	204	Freizeitverben und Perfekt	Lernwortschatz	phrase	empfehlen – hat empfohlen	empfehlen – hat empfohlen	VERIFY_BEFORE_ADD		Goethe A1 Wortliste; Deutsche Welle Nicos Weg A1	ADD_TO_EXISTING_DECK			de-id-a1-frasa-hobi		
9	204	Freizeitverben und Perfekt	Lernwortschatz	phrase	erzählen – hat erzählt	erzählen – hat erzählt	VERIFY_BEFORE_ADD		Goethe A1 Wortliste; Deutsche Welle Nicos Weg A1	ADD_TO_EXISTING_DECK			de-id-a1-frasa-hobi		
9	204	Freizeitverben und Perfekt	Lernwortschatz	phrase	entdecken – hat entdeckt	entdecken – hat entdeckt	VERIFY_BEFORE_ADD		Goethe A1 Wortliste; Deutsche Welle Nicos Weg A1	ADD_TO_EXISTING_DECK			de-id-a1-frasa-hobi		
9	204	Freizeitverben und Perfekt	Lernwortschatz	phrase	verstehen – hat verstanden	verstehen – hat verstanden	VERIFY_BEFORE_ADD		Goethe A1 Wortliste; Deutsche Welle Nicos Weg A1	ADD_TO_EXISTING_DECK			de-id-a1-frasa-hobi		
9	204	Freizeitverben und Perfekt	Lernwortschatz	phrase	aufstehen – ist aufgestanden	aufstehen – ist aufgestanden	VERIFY_BEFORE_ADD		Goethe A1 Wortliste; Deutsche Welle Nicos Weg A1	ADD_TO_EXISTING_DECK			de-id-a1-frasa-hobi		
9	204	Freizeitverben und Perfekt	Lernwortschatz	phrase	mitkommen – ist mitgekommen	mitkommen – ist mitgekommen	VERIFY_BEFORE_ADD		Goethe A1 Wortliste; Deutsche Welle Nicos Weg A1	ADD_TO_EXISTING_DECK			de-id-a1-frasa-hobi		
9	204	Freizeitverben und Perfekt	Lernwortschatz	phrase	ankommen – ist angekommen	ankommen – ist angekommen	VERIFY_BEFORE_ADD		Goethe A1 Wortliste; Deutsche Welle Nicos Weg A1	ADD_TO_EXISTING_DECK			de-id-a1-frasa-hobi		
9	204	Freizeitverben und Perfekt	Lernwortschatz	phrase	lachen – hat gelacht	lachen – hat gelacht	VERIFY_BEFORE_ADD		Goethe A1 Wortliste; Deutsche Welle Nicos Weg A1	ADD_TO_EXISTING_DECK			de-id-a1-frasa-hobi		
9	204	Freizeitverben und Perfekt	Lernwortschatz	phrase	genießen – hat genossen	genießen – hat genossen	VERIFY_BEFORE_ADD		Goethe A1 Wortliste; Deutsche Welle Nicos Weg A1	ADD_TO_EXISTING_DECK			de-id-a1-frasa-hobi		
9	204	Freizeitverben und Perfekt	Lernwortschatz	phrase	umtauschen – hat umgetauscht	umtauschen – hat umgetauscht	VERIFY_BEFORE_ADD		Goethe A1 Wortliste; Deutsche Welle Nicos Weg A1	ADD_TO_EXISTING_DECK			de-id-a1-frasa-hobi		
9	204	Nomen	Lernwortschatz	phrase	die Freizeit	die Freizeit	RECLASSIFY_AS_WORD	Nomina berartikel salah terklasifikasi sebagai frasa akibat heuristik inventaris; perlakukan sebagai kata dan tambahkan jamak jika relevan.	Goethe A1 Wortliste; Deutsche Welle Nicos Weg A1	ADD_TO_EXISTING_DECK			de-id-a1-frasa-hobi		
9	204	Nomen	Lernwortschatz	phrase	das Hobby	das Hobby	RECLASSIFY_AS_WORD	Nomina berartikel salah terklasifikasi sebagai frasa akibat heuristik inventaris; perlakukan sebagai kata dan tambahkan jamak jika relevan.	Goethe A1 Wortliste; Deutsche Welle Nicos Weg A1	ADD_TO_EXISTING_DECK			de-id-a1-frasa-hobi		
9	204	Nomen	Lernwortschatz	phrase	der Freund	der Freund	MERGE_BOOK_DUPLICATE	Gabungkan dengan rekaman sumber pertama baris data 256.	Goethe A1 Wortliste; Deutsche Welle Nicos Weg A1	ADD_TO_EXISTING_DECK			de-id-a1-frasa-hobi	REPEATED_IN_BOOK	
9	204	Nomen	Lernwortschatz	phrase	die Freundin	die Freundin	MERGE_BOOK_DUPLICATE	Gabungkan dengan rekaman sumber pertama baris data 257.	Goethe A1 Wortliste; Deutsche Welle Nicos Weg A1	ADD_TO_EXISTING_DECK			de-id-a1-frasa-hobi	REPEATED_IN_BOOK	
9	204	Nomen	Lernwortschatz	phrase	die Familie	die Familie	MERGE_BOOK_DUPLICATE	Gabungkan dengan rekaman sumber pertama baris data 212.	Goethe A1 Wortliste; Deutsche Welle Nicos Weg A1	ADD_TO_EXISTING_DECK			de-id-a1-frasa-hobi	REPEATED_IN_BOOK	
9	204	Nomen	Lernwortschatz	phrase	die Stadt	die Stadt	RECLASSIFY_AS_WORD	Nomina berartikel salah terklasifikasi sebagai frasa akibat heuristik inventaris; perlakukan sebagai kata dan tambahkan jamak jika relevan.	Goethe A1 Wortliste; Deutsche Welle Nicos Weg A1	ADD_TO_EXISTING_DECK			de-id-a1-frasa-hobi		
9	204	Nomen	Lernwortschatz	phrase	die Schule	die Schule	MERGE_BOOK_DUPLICATE	Gabungkan dengan rekaman sumber pertama baris data 115.	Goethe A1 Wortliste; Deutsche Welle Nicos Weg A1	ADD_TO_EXISTING_DECK			de-id-a1-frasa-hobi	REPEATED_IN_BOOK	
9	204	Nomen	Lernwortschatz	phrase	das Wochenende	das Wochenende	RECLASSIFY_AS_WORD	Nomina berartikel salah terklasifikasi sebagai frasa akibat heuristik inventaris; perlakukan sebagai kata dan tambahkan jamak jika relevan.	Goethe A1 Wortliste; Deutsche Welle Nicos Weg A1	ADD_TO_EXISTING_DECK			de-id-a1-frasa-hobi		
9	204	Nomen	Lernwortschatz	phrase	das Stadion	das Stadion	RECLASSIFY_AS_WORD	Nomina berartikel salah terklasifikasi sebagai frasa akibat heuristik inventaris; perlakukan sebagai kata dan tambahkan jamak jika relevan.	Goethe A1 Wortliste; Deutsche Welle Nicos Weg A1	ADD_TO_EXISTING_DECK			de-id-a1-frasa-hobi		
9	204	Nomen	Lernwortschatz	phrase	der Vater	der Vater	MERGE_BOOK_DUPLICATE	Gabungkan dengan rekaman sumber pertama baris data 214.	Goethe A1 Wortliste; Deutsche Welle Nicos Weg A1	ADD_TO_EXISTING_DECK			de-id-a1-frasa-hobi	REPEATED_IN_BOOK	
9	204	Nomen	Lernwortschatz	phrase	die Mutter	die Mutter	MERGE_BOOK_DUPLICATE	Gabungkan dengan rekaman sumber pertama baris data 215.	Goethe A1 Wortliste; Deutsche Welle Nicos Weg A1	ADD_TO_EXISTING_DECK			de-id-a1-frasa-hobi	REPEATED_IN_BOOK	
9	204	Nomen	Lernwortschatz	phrase	der Freitag	der Freitag	RECLASSIFY_AS_WORD	Nomina berartikel salah terklasifikasi sebagai frasa akibat heuristik inventaris; perlakukan sebagai kata dan tambahkan jamak jika relevan.	Goethe A1 Wortliste; Deutsche Welle Nicos Weg A1	ADD_TO_EXISTING_DECK			de-id-a1-frasa-hobi		
9	204	Nomen	Lernwortschatz	phrase	die Kirche	die Kirche	RECLASSIFY_AS_WORD	Nomina berartikel salah terklasifikasi sebagai frasa akibat heuristik inventaris; perlakukan sebagai kata dan tambahkan jamak jika relevan.	Goethe A1 Wortliste; Deutsche Welle Nicos Weg A1	ADD_TO_EXISTING_DECK			de-id-a1-frasa-hobi		
9	204	Nomen	Lernwortschatz	phrase	der Bahnhof	der Bahnhof	RECLASSIFY_AS_WORD	Nomina berartikel salah terklasifikasi sebagai frasa akibat heuristik inventaris; perlakukan sebagai kata dan tambahkan jamak jika relevan.	Goethe A1 Wortliste; Deutsche Welle Nicos Weg A1	ADD_TO_EXISTING_DECK			de-id-a1-frasa-hobi	REPEATED_IN_BOOK	
9	204	Nomen	Lernwortschatz	phrase	die Schwester	die Schwester	MERGE_BOOK_DUPLICATE	Gabungkan dengan rekaman sumber pertama baris data 219.	Goethe A1 Wortliste; Deutsche Welle Nicos Weg A1	ADD_TO_EXISTING_DECK			de-id-a1-frasa-hobi	REPEATED_IN_BOOK	
9	204	Nomen	Lernwortschatz	phrase	die Großeltern	die Großeltern	RECLASSIFY_AS_WORD	Nomina berartikel salah terklasifikasi sebagai frasa akibat heuristik inventaris; perlakukan sebagai kata dan tambahkan jamak jika relevan.	Goethe A1 Wortliste; Deutsche Welle Nicos Weg A1	ADD_TO_EXISTING_DECK			de-id-a1-frasa-hobi		
9	204	Nomen	Lernwortschatz	phrase	die Katze	die Katze	RECLASSIFY_AS_WORD	Nomina berartikel salah terklasifikasi sebagai frasa akibat heuristik inventaris; perlakukan sebagai kata dan tambahkan jamak jika relevan.	Goethe A1 Wortliste; Deutsche Welle Nicos Weg A1	ADD_TO_EXISTING_DECK			de-id-a1-frasa-hobi		
9	204	Nomen	Lernwortschatz	phrase	die Nachbarn	die Nachbarn	RECLASSIFY_AS_WORD	Nomina berartikel salah terklasifikasi sebagai frasa akibat heuristik inventaris; perlakukan sebagai kata dan tambahkan jamak jika relevan.	Goethe A1 Wortliste; Deutsche Welle Nicos Weg A1	ADD_TO_EXISTING_DECK			de-id-a1-frasa-hobi		
9	204	Nomen	Lernwortschatz	phrase	der Chef	der Chef	RECLASSIFY_AS_WORD	Nomina berartikel salah terklasifikasi sebagai frasa akibat heuristik inventaris; perlakukan sebagai kata dan tambahkan jamak jika relevan.	Goethe A1 Wortliste; Deutsche Welle Nicos Weg A1	ADD_TO_EXISTING_DECK			de-id-a1-frasa-hobi		
9	204	Nomen	Lernwortschatz	phrase	der Hund	der Hund	RECLASSIFY_AS_WORD	Nomina berartikel salah terklasifikasi sebagai frasa akibat heuristik inventaris; perlakukan sebagai kata dan tambahkan jamak jika relevan.	Goethe A1 Wortliste; Deutsche Welle Nicos Weg A1	ADD_TO_EXISTING_DECK			de-id-a1-frasa-hobi		
9	204	Nomen	Lernwortschatz	phrase	das Restaurant	das Restaurant	MERGE_BOOK_DUPLICATE	Gabungkan dengan rekaman sumber pertama baris data 485.	Goethe A1 Wortliste; Deutsche Welle Nicos Weg A1	ADD_TO_EXISTING_DECK			de-id-a1-frasa-hobi	REPEATED_IN_BOOK	
9	204	Nomen	Lernwortschatz	phrase	der Samstag	der Samstag	RECLASSIFY_AS_WORD	Nomina berartikel salah terklasifikasi sebagai frasa akibat heuristik inventaris; perlakukan sebagai kata dan tambahkan jamak jika relevan.	Goethe A1 Wortliste; Deutsche Welle Nicos Weg A1	ADD_TO_EXISTING_DECK			de-id-a1-frasa-hobi		
9	205	Orte und Erlebnisse	Lernwortschatz	phrase	das Museum	das Museum	RECLASSIFY_AS_WORD	Nomina berartikel salah terklasifikasi sebagai frasa akibat heuristik inventaris; perlakukan sebagai kata dan tambahkan jamak jika relevan.	Goethe A1 Wortliste; Deutsche Welle Nicos Weg A1	ADD_TO_EXISTING_DECK			de-id-a1-frasa-hobi		
9	205	Orte und Erlebnisse	Lernwortschatz	phrase	das Bild	das Bild	RECLASSIFY_AS_WORD	Nomina berartikel salah terklasifikasi sebagai frasa akibat heuristik inventaris; perlakukan sebagai kata dan tambahkan jamak jika relevan.	Goethe A1 Wortliste; Deutsche Welle Nicos Weg A1	ADD_TO_EXISTING_DECK			de-id-a1-frasa-hobi		
9	205	Orte und Erlebnisse	Lernwortschatz	phrase	das Foto	das Foto	RECLASSIFY_AS_WORD	Nomina berartikel salah terklasifikasi sebagai frasa akibat heuristik inventaris; perlakukan sebagai kata dan tambahkan jamak jika relevan.	Goethe A1 Wortliste; Deutsche Welle Nicos Weg A1	ADD_TO_EXISTING_DECK			de-id-a1-frasa-hobi		
9	205	Orte und Erlebnisse	Lernwortschatz	phrase	die Altstadt	die Altstadt	RECLASSIFY_AS_WORD	Nomina berartikel salah terklasifikasi sebagai frasa akibat heuristik inventaris; perlakukan sebagai kata dan tambahkan jamak jika relevan.	Goethe A1 Wortliste; Deutsche Welle Nicos Weg A1	ADD_TO_EXISTING_DECK			de-id-a1-frasa-hobi		
9	205	Orte und Erlebnisse	Lernwortschatz	phrase	der Ausflug	der Ausflug	RECLASSIFY_AS_WORD	Nomina berartikel salah terklasifikasi sebagai frasa akibat heuristik inventaris; perlakukan sebagai kata dan tambahkan jamak jika relevan.	Goethe A1 Wortliste; Deutsche Welle Nicos Weg A1	ADD_TO_EXISTING_DECK			de-id-a1-frasa-hobi		
9	205	Orte und Erlebnisse	Lernwortschatz	phrase	das Schloss	das Schloss	RECLASSIFY_AS_WORD	Nomina berartikel salah terklasifikasi sebagai frasa akibat heuristik inventaris; perlakukan sebagai kata dan tambahkan jamak jika relevan.	Goethe A1 Wortliste; Deutsche Welle Nicos Weg A1	ADD_TO_EXISTING_DECK			de-id-a1-frasa-hobi		
9	205	Orte und Erlebnisse	Lernwortschatz	phrase	die Brücke	die Brücke	RECLASSIFY_AS_WORD	Nomina berartikel salah terklasifikasi sebagai frasa akibat heuristik inventaris; perlakukan sebagai kata dan tambahkan jamak jika relevan.	Goethe A1 Wortliste; Deutsche Welle Nicos Weg A1	ADD_TO_EXISTING_DECK			de-id-a1-frasa-hobi		
9	205	Orte und Erlebnisse	Lernwortschatz	phrase	die Sehenswürdigkeiten	die Sehenswürdigkeiten	RECLASSIFY_AS_WORD	Nomina berartikel salah terklasifikasi sebagai frasa akibat heuristik inventaris; perlakukan sebagai kata dan tambahkan jamak jika relevan.	Goethe A1 Wortliste; Deutsche Welle Nicos Weg A1	ADD_TO_EXISTING_DECK			de-id-a1-frasa-hobi		
9	205	Orte und Erlebnisse	Lernwortschatz	phrase	ins Stadion gehen	ins Stadion gehen	VERIFY_BEFORE_ADD		Goethe A1 Wortliste; Deutsche Welle Nicos Weg A1	ADD_TO_EXISTING_DECK			de-id-a1-frasa-hobi		
9	205	Orte und Erlebnisse	Lernwortschatz	phrase	im Stadion	im Stadion	VERIFY_BEFORE_ADD		Goethe A1 Wortliste; Deutsche Welle Nicos Weg A1	ADD_TO_EXISTING_DECK			de-id-a1-frasa-hobi		
9	205	Orte und Erlebnisse	Lernwortschatz	phrase	zum Yoga gehen	zum Yoga gehen	VERIFY_BEFORE_ADD		Goethe A1 Wortliste; Deutsche Welle Nicos Weg A1	ADD_TO_EXISTING_DECK			de-id-a1-frasa-hobi		
9	205	Orte und Erlebnisse	Lernwortschatz	phrase	ins Café gehen	ins Café gehen	VERIFY_BEFORE_ADD		Goethe A1 Wortliste; Deutsche Welle Nicos Weg A1	ADD_TO_EXISTING_DECK			de-id-a1-frasa-hobi		
9	205	Orte und Erlebnisse	Lernwortschatz	phrase	nach Hause	nach Hause	VERIFY_BEFORE_ADD		Goethe A1 Wortliste; Deutsche Welle Nicos Weg A1	ADD_TO_EXISTING_DECK			de-id-a1-frasa-hobi		
9	205	Orte und Erlebnisse	Lernwortschatz	phrase	im Stadtmuseum	im Stadtmuseum	VERIFY_BEFORE_ADD		Goethe A1 Wortliste; Deutsche Welle Nicos Weg A1	ADD_TO_EXISTING_DECK			de-id-a1-frasa-hobi		
9	205	Orte und Erlebnisse	Lernwortschatz	phrase	ins Bett gehen	ins Bett gehen	VERIFY_BEFORE_ADD		Goethe A1 Wortliste; Deutsche Welle Nicos Weg A1	ADD_TO_EXISTING_DECK			de-id-a1-frasa-hobi		
9	205	Orte und Erlebnisse	Lernwortschatz	phrase	zu Hause	zu Hause	VERIFY_BEFORE_ADD		Goethe A1 Wortliste; Deutsche Welle Nicos Weg A1	ADD_TO_EXISTING_DECK			de-id-a1-frasa-hobi		
9	205	Orte und Erlebnisse	Lernwortschatz	word	unterwegs	unterwegs	VERIFY_BEFORE_ADD		Goethe A1 Wortliste; Duden/DWDS	ADD_TO_EXISTING_DECK			de-id-a1-kata-hobi		
9	205	Adjektive und Angaben	Lernwortschatz	word	super	super	VERIFY_BEFORE_ADD		Goethe A1 Wortliste; Duden/DWDS	ADD_TO_EXISTING_DECK			de-id-a1-kata-hobi		
9	205	Adjektive und Angaben	Lernwortschatz	word	neu	neu	MERGE_BOOK_DUPLICATE	Gabungkan dengan rekaman sumber pertama baris data 301.	Goethe A1 Wortliste; Duden/DWDS	EXACT_SOURCE_MATCH	de-id-a1-kata-inti	neu	de-id-a1-kata-hobi	REPEATED_IN_BOOK	
9	205	Adjektive und Angaben	Lernwortschatz	phrase	sehr gut	sehr gut	REVIEW_EXISTING_VARIANT	Bandingkan bentuk dan fungsi dengan materi katalog yang ditemukan; gabungkan jika maknanya sama.	Goethe A1 Wortliste; Deutsche Welle Nicos Weg A1	HEADWORD_OR_VARIANT_MATCH	de-id-a1-frasa-sehari-hari	Sehr gut, danke.	de-id-a1-frasa-hobi		
9	205	Adjektive und Angaben	Lernwortschatz	word	spät	spät	MERGE_BOOK_DUPLICATE	Gabungkan dengan rekaman sumber pertama baris data 269.	Goethe A1 Wortliste; Duden/DWDS	ADD_TO_EXISTING_DECK			de-id-a1-kata-hobi	REPEATED_IN_BOOK	
9	205	Adjektive und Angaben	Lernwortschatz	word	müde	müde	MERGE_BOOK_DUPLICATE	Gabungkan dengan rekaman sumber pertama baris data 292.	Goethe A1 Wortliste; Duden/DWDS	EXACT_SOURCE_MATCH	de-id-a1-kata-inti	müde	de-id-a1-kata-hobi	REPEATED_IN_BOOK	
9	205	Adjektive und Angaben	Lernwortschatz	word	toll	toll	VERIFY_BEFORE_ADD		Goethe A1 Wortliste; Duden/DWDS	ADD_TO_EXISTING_DECK			de-id-a1-kata-hobi		
9	205	Adjektive und Angaben	Lernwortschatz	word	aktiv	aktiv	VERIFY_BEFORE_ADD		Goethe A1 Wortliste; Duden/DWDS	ADD_TO_EXISTING_DECK			de-id-a1-kata-hobi		
9	205	Adjektive und Angaben	Lernwortschatz	word	außerhalb	außerhalb	VERIFY_BEFORE_ADD		Goethe A1 Wortliste; Duden/DWDS	ADD_TO_EXISTING_DECK			de-id-a1-kata-hobi		
9	205	Adjektive und Angaben	Lernwortschatz	word	sauber	sauber	VERIFY_BEFORE_ADD		Goethe A1 Wortliste; Duden/DWDS	ADD_TO_EXISTING_DECK			de-id-a1-kata-hobi		
9	205	Adjektive und Angaben	Lernwortschatz	word	günstig	günstig	VERIFY_BEFORE_ADD		Goethe A1 Wortliste; Duden/DWDS	ADD_TO_EXISTING_DECK			de-id-a1-kata-hobi		
9	205	Adjektive und Angaben	Lernwortschatz	word	lustig	lustig	MERGE_BOOK_DUPLICATE	Gabungkan dengan rekaman sumber pertama baris data 285.	Goethe A1 Wortliste; Duden/DWDS	ADD_TO_EXISTING_DECK			de-id-a1-kata-hobi	REPEATED_IN_BOOK	
9	205	Adjektive und Angaben	Lernwortschatz	word	oft	oft	MERGE_BOOK_DUPLICATE	Gabungkan dengan rekaman sumber pertama baris data 271.	Goethe A1 Wortliste; Duden/DWDS	ADD_TO_EXISTING_DECK			de-id-a1-kata-hobi	REPEATED_IN_BOOK	
9	205	Adjektive und Angaben	Lernwortschatz	word	manchmal	manchmal	MERGE_BOOK_DUPLICATE	Gabungkan dengan rekaman sumber pertama baris data 270.	Goethe A1 Wortliste; Duden/DWDS	ADD_TO_EXISTING_DECK			de-id-a1-kata-hobi	REPEATED_IN_BOOK	
9	205	Adjektive und Angaben	Lernwortschatz	word	gemeinsam	gemeinsam	VERIFY_BEFORE_ADD		Goethe A1 Wortliste; Duden/DWDS	ADD_TO_EXISTING_DECK			de-id-a1-kata-hobi		
9	205	Zeitangaben	Lernwortschatz	phrase	jeden Tag	jeden Tag	MERGE_BOOK_DUPLICATE	Gabungkan dengan rekaman sumber pertama baris data 114.	Goethe A1 Wortliste; Deutsche Welle Nicos Weg A1	ADD_TO_EXISTING_DECK			de-id-a1-frasa-hobi	REPEATED_IN_BOOK	
9	205	Zeitangaben	Lernwortschatz	word	gestern	gestern	VERIFY_BEFORE_ADD		Goethe A1 Wortliste; Duden/DWDS	ADD_TO_EXISTING_DECK			de-id-a1-kata-hobi		
9	205	Zeitangaben	Lernwortschatz	phrase	letztes Wochenende	letztes Wochenende	VERIFY_BEFORE_ADD		Goethe A1 Wortliste; Deutsche Welle Nicos Weg A1	ADD_TO_EXISTING_DECK			de-id-a1-frasa-hobi		
9	205	Zeitangaben	Lernwortschatz	phrase	vor zwei Tagen	vor zwei Tagen	VERIFY_BEFORE_ADD		Goethe A1 Wortliste; Deutsche Welle Nicos Weg A1	ADD_TO_EXISTING_DECK			de-id-a1-frasa-hobi		
9	205	Zeitangaben	Lernwortschatz	word	vorgestern	vorgestern	VERIFY_BEFORE_ADD		Goethe A1 Wortliste; Duden/DWDS	ADD_TO_EXISTING_DECK			de-id-a1-kata-hobi		
9	205	Zeitangaben	Lernwortschatz	phrase	letzten Monat	letzten Monat	VERIFY_BEFORE_ADD		Goethe A1 Wortliste; Deutsche Welle Nicos Weg A1	ADD_TO_EXISTING_DECK			de-id-a1-frasa-hobi		
9	206	Freizeit und Erlebnisse	Redemittel	sentence	Was machen Sie gern?	Was machen Sie gern?	VERIFY_BEFORE_ADD		Goethe A1 Wortliste; Deutsche Welle Nicos Weg A1	ADD_TO_NEW_DECK			de-id-a1-kalimat-pengalaman-perjalanan	PATTERN_OR_PLACEHOLDER	
9	206	Freizeit und Erlebnisse	Redemittel	sentence	Was machst du gern?	Was machst du gern?	VERIFY_BEFORE_ADD		Goethe A1 Wortliste; Deutsche Welle Nicos Weg A1	ADD_TO_NEW_DECK			de-id-a1-kalimat-pengalaman-perjalanan	PATTERN_OR_PLACEHOLDER	
9	206	Freizeit und Erlebnisse	Redemittel	sentence	Was machen Sie in Ihrer Freizeit?	Was machen Sie in Ihrer Freizeit?	VERIFY_BEFORE_ADD		Goethe A1 Wortliste; Deutsche Welle Nicos Weg A1	ADD_TO_NEW_DECK			de-id-a1-kalimat-pengalaman-perjalanan	PATTERN_OR_PLACEHOLDER	
9	206	Freizeit und Erlebnisse	Redemittel	sentence	Was machst du in deiner Freizeit?	Was machst du in deiner Freizeit?	VERIFY_BEFORE_ADD		Goethe A1 Wortliste; Deutsche Welle Nicos Weg A1	ADD_TO_NEW_DECK			de-id-a1-kalimat-pengalaman-perjalanan	PATTERN_OR_PLACEHOLDER	
9	206	Freizeit und Erlebnisse	Redemittel	sentence	Hast du ein Hobby?	Hast du ein Hobby?	VERIFY_BEFORE_ADD		Goethe A1 Wortliste; Deutsche Welle Nicos Weg A1	ADD_TO_NEW_DECK			de-id-a1-kalimat-pengalaman-perjalanan	PATTERN_OR_PLACEHOLDER	
9	206	Freizeit und Erlebnisse	Redemittel	phrase	Mein Hobby ist …	Mein Hobby ist …	KEEP_AS_PATTERN_ONLY	Berguna sebagai pola Redemittel, tetapi jangan dimasukkan sebagai kartu final sebelum placeholder diisi dengan contoh natural.	Goethe A1 Wortliste; Deutsche Welle Nicos Weg A1	ADD_TO_EXISTING_DECK			de-id-a1-frasa-hobi	PATTERN_OR_PLACEHOLDER	
9	206	Freizeit und Erlebnisse	Redemittel	phrase	Meine Hobbys sind …	Meine Hobbys sind …	KEEP_AS_PATTERN_ONLY	Berguna sebagai pola Redemittel, tetapi jangan dimasukkan sebagai kartu final sebelum placeholder diisi dengan contoh natural.	Goethe A1 Wortliste; Deutsche Welle Nicos Weg A1	ADD_TO_EXISTING_DECK			de-id-a1-frasa-hobi	PATTERN_OR_PLACEHOLDER	
9	206	Freizeit und Erlebnisse	Redemittel	sentence	Ich lese gern Bücher.	Ich lese gern Bücher.	VERIFY_BEFORE_ADD		Goethe A1 Wortliste; Deutsche Welle Nicos Weg A1	ADD_TO_NEW_DECK			de-id-a1-kalimat-pengalaman-perjalanan		
9	206	Freizeit und Erlebnisse	Redemittel	sentence	Ich gehe gern spazieren.	Ich gehe gern spazieren.	VERIFY_BEFORE_ADD		Goethe A1 Wortliste; Deutsche Welle Nicos Weg A1	ADD_TO_NEW_DECK			de-id-a1-kalimat-pengalaman-perjalanan		
9	206	Freizeit und Erlebnisse	Redemittel	sentence	Gehst du gern ins Kino?	Gehst du gern ins Kino?	VERIFY_BEFORE_ADD		Goethe A1 Wortliste; Deutsche Welle Nicos Weg A1	ADD_TO_NEW_DECK			de-id-a1-kalimat-pengalaman-perjalanan	PATTERN_OR_PLACEHOLDER	
9	206	Freizeit und Erlebnisse	Redemittel	sentence	Ja, gern.	Ja, gern.	MERGE_BOOK_DUPLICATE	Gabungkan dengan rekaman sumber pertama baris data 137.	Goethe A1 Wortliste; Deutsche Welle Nicos Weg A1	ADD_TO_NEW_DECK			de-id-a1-kalimat-pengalaman-perjalanan	REPEATED_IN_BOOK	
9	206	Freizeit und Erlebnisse	Redemittel	sentence	Nein, nicht so gern.	Nein, nicht so gern.	MERGE_BOOK_DUPLICATE	Gabungkan dengan rekaman sumber pertama baris data 505.	Goethe A1 Wortliste; Deutsche Welle Nicos Weg A1	ADD_TO_NEW_DECK			de-id-a1-kalimat-pengalaman-perjalanan	REPEATED_IN_BOOK	
9	206	Freizeit und Erlebnisse	Redemittel	sentence	Es geht so.	Es geht so.	VERIFY_BEFORE_ADD		Goethe A1 Wortliste; Deutsche Welle Nicos Weg A1	ADD_TO_NEW_DECK			de-id-a1-kalimat-pengalaman-perjalanan		
9	206	Freizeit und Erlebnisse	Redemittel	sentence	Was hast du letztes Wochenende gemacht?	Was hast du letztes Wochenende gemacht?	VERIFY_BEFORE_ADD		Goethe A1 Wortliste; Deutsche Welle Nicos Weg A1	ADD_TO_NEW_DECK			de-id-a1-kalimat-pengalaman-perjalanan	PATTERN_OR_PLACEHOLDER	
9	206	Freizeit und Erlebnisse	Redemittel	sentence	Ich habe Freunde besucht.	Ich habe Freunde besucht.	VERIFY_BEFORE_ADD		Goethe A1 Wortliste; Deutsche Welle Nicos Weg A1	ADD_TO_NEW_DECK			de-id-a1-kalimat-pengalaman-perjalanan		
9	206	Freizeit und Erlebnisse	Redemittel	sentence	Erzähl mir von deinem letzten Urlaub!	Erzähl mir von deinem letzten Urlaub!	VERIFY_BEFORE_ADD		Goethe A1 Wortliste; Deutsche Welle Nicos Weg A1	ADD_TO_NEW_DECK			de-id-a1-kalimat-pengalaman-perjalanan		
9	206	Freizeit und Erlebnisse	Redemittel	sentence	Was machst du heute mit deinen Freunden?	Was machst du heute mit deinen Freunden?	VERIFY_BEFORE_ADD		Goethe A1 Wortliste; Deutsche Welle Nicos Weg A1	ADD_TO_NEW_DECK			de-id-a1-kalimat-pengalaman-perjalanan	PATTERN_OR_PLACEHOLDER	
9	206	Freizeit und Erlebnisse	Redemittel	sentence	Wir treffen uns um … Uhr.	Wir treffen uns um … Uhr.	KEEP_AS_PATTERN_ONLY	Berguna sebagai pola Redemittel, tetapi jangan dimasukkan sebagai kartu final sebelum placeholder diisi dengan contoh natural.	Goethe A1 Wortliste; Deutsche Welle Nicos Weg A1	ADD_TO_NEW_DECK			de-id-a1-kalimat-pengalaman-perjalanan	PATTERN_OR_PLACEHOLDER	
10	225	Reisevorbereitungen	Lernwortschatz	phrase	der Koffer	der Koffer	RECLASSIFY_AS_WORD	Nomina berartikel salah terklasifikasi sebagai frasa akibat heuristik inventaris; perlakukan sebagai kata dan tambahkan jamak jika relevan.	Goethe A1 Wortliste; Deutsche Welle Nicos Weg A1	ADD_TO_EXISTING_DECK			de-id-a1-frasa-perjalanan-bantuan		
10	225	Reisevorbereitungen	Lernwortschatz	word	packen	packen	VERIFY_BEFORE_ADD		Goethe A1 Wortliste; Duden/DWDS	ADD_TO_EXISTING_DECK			de-id-a1-kata-transportasi-layanan		
10	225	Reisevorbereitungen	Lernwortschatz	phrase	der Schlafanzug	der Schlafanzug	RECLASSIFY_AS_WORD	Nomina berartikel salah terklasifikasi sebagai frasa akibat heuristik inventaris; perlakukan sebagai kata dan tambahkan jamak jika relevan.	Goethe A1 Wortliste; Deutsche Welle Nicos Weg A1	ADD_TO_EXISTING_DECK			de-id-a1-frasa-perjalanan-bantuan		
10	225	Reisevorbereitungen	Lernwortschatz	phrase	der Badeanzug	der Badeanzug	RECLASSIFY_AS_WORD	Nomina berartikel salah terklasifikasi sebagai frasa akibat heuristik inventaris; perlakukan sebagai kata dan tambahkan jamak jika relevan.	Goethe A1 Wortliste; Deutsche Welle Nicos Weg A1	ADD_TO_EXISTING_DECK			de-id-a1-frasa-perjalanan-bantuan		
10	225	Reisevorbereitungen	Lernwortschatz	phrase	die Regenhose	die Regenhose	RECLASSIFY_AS_WORD	Nomina berartikel salah terklasifikasi sebagai frasa akibat heuristik inventaris; perlakukan sebagai kata dan tambahkan jamak jika relevan.	Goethe A1 Wortliste; Deutsche Welle Nicos Weg A1	ADD_TO_EXISTING_DECK			de-id-a1-frasa-perjalanan-bantuan		
10	225	Reisevorbereitungen	Lernwortschatz	phrase	die Turnschuhe	die Turnschuhe	MERGE_BOOK_DUPLICATE	Gabungkan dengan rekaman sumber pertama baris data 582.	Goethe A1 Wortliste; Deutsche Welle Nicos Weg A1	ADD_TO_EXISTING_DECK			de-id-a1-frasa-perjalanan-bantuan	REPEATED_IN_BOOK	
10	225	Reisevorbereitungen	Lernwortschatz	phrase	die Handtasche	die Handtasche	RECLASSIFY_AS_WORD	Nomina berartikel salah terklasifikasi sebagai frasa akibat heuristik inventaris; perlakukan sebagai kata dan tambahkan jamak jika relevan.	Goethe A1 Wortliste; Deutsche Welle Nicos Weg A1	ADD_TO_EXISTING_DECK			de-id-a1-frasa-perjalanan-bantuan		
10	225	Reisevorbereitungen	Lernwortschatz	phrase	die Sonnenbrille	die Sonnenbrille	MERGE_BOOK_DUPLICATE	Gabungkan dengan rekaman sumber pertama baris data 570.	Goethe A1 Wortliste; Deutsche Welle Nicos Weg A1	ADD_TO_EXISTING_DECK			de-id-a1-frasa-perjalanan-bantuan	REPEATED_IN_BOOK	
10	225	Reisevorbereitungen	Lernwortschatz	phrase	der Regenschirm	der Regenschirm	RECLASSIFY_AS_WORD	Nomina berartikel salah terklasifikasi sebagai frasa akibat heuristik inventaris; perlakukan sebagai kata dan tambahkan jamak jika relevan.	Goethe A1 Wortliste; Deutsche Welle Nicos Weg A1	ADD_TO_EXISTING_DECK			de-id-a1-frasa-perjalanan-bantuan		
10	225	Reisevorbereitungen	Lernwortschatz	phrase	die Snacks	die Snacks	RECLASSIFY_AS_WORD	Nomina berartikel salah terklasifikasi sebagai frasa akibat heuristik inventaris; perlakukan sebagai kata dan tambahkan jamak jika relevan.	Goethe A1 Wortliste; Deutsche Welle Nicos Weg A1	ADD_TO_EXISTING_DECK			de-id-a1-frasa-perjalanan-bantuan		
10	225	Reisevorbereitungen	Lernwortschatz	word	buchen	buchen	VERIFY_BEFORE_ADD		Goethe A1 Wortliste; Duden/DWDS	ADD_TO_EXISTING_DECK			de-id-a1-kata-transportasi-layanan		
10	225	Reisevorbereitungen	Lernwortschatz	phrase	eine Reise machen	eine Reise machen	VERIFY_BEFORE_ADD		Goethe A1 Wortliste; Deutsche Welle Nicos Weg A1	ADD_TO_EXISTING_DECK			de-id-a1-frasa-perjalanan-bantuan		
10	225	Reisevorbereitungen	Lernwortschatz	phrase	den Koffer packen	den Koffer packen	VERIFY_BEFORE_ADD		Goethe A1 Wortliste; Deutsche Welle Nicos Weg A1	ADD_TO_EXISTING_DECK			de-id-a1-frasa-perjalanan-bantuan		
10	225	Reisevorbereitungen	Lernwortschatz	phrase	sich vorbereiten	sich vorbereiten	VERIFY_BEFORE_ADD		Goethe A1 Wortliste; Deutsche Welle Nicos Weg A1	ADD_TO_EXISTING_DECK			de-id-a1-frasa-perjalanan-bantuan		
10	225	Reiseziele und Verkehrsmittel	Lernwortschatz	phrase	nach Wien fahren	nach Wien fahren	VERIFY_BEFORE_ADD		Goethe A1 Wortliste; Deutsche Welle Nicos Weg A1	ADD_TO_EXISTING_DECK			de-id-a1-frasa-perjalanan-bantuan		
10	225	Reiseziele und Verkehrsmittel	Lernwortschatz	word	campen	campen	VERIFY_BEFORE_ADD		Goethe A1 Wortliste; Duden/DWDS	ADD_TO_EXISTING_DECK			de-id-a1-kata-transportasi-layanan		
10	225	Reiseziele und Verkehrsmittel	Lernwortschatz	phrase	das Wohnmobil	das Wohnmobil	RECLASSIFY_AS_WORD	Nomina berartikel salah terklasifikasi sebagai frasa akibat heuristik inventaris; perlakukan sebagai kata dan tambahkan jamak jika relevan.	Goethe A1 Wortliste; Deutsche Welle Nicos Weg A1	ADD_TO_EXISTING_DECK			de-id-a1-frasa-perjalanan-bantuan		
10	225	Reiseziele und Verkehrsmittel	Lernwortschatz	phrase	das Zelt	das Zelt	RECLASSIFY_AS_WORD	Nomina berartikel salah terklasifikasi sebagai frasa akibat heuristik inventaris; perlakukan sebagai kata dan tambahkan jamak jika relevan.	Goethe A1 Wortliste; Deutsche Welle Nicos Weg A1	ADD_TO_EXISTING_DECK			de-id-a1-frasa-perjalanan-bantuan		
10	225	Reiseziele und Verkehrsmittel	Lernwortschatz	phrase	die Rückfahrt	die Rückfahrt	RECLASSIFY_AS_WORD	Nomina berartikel salah terklasifikasi sebagai frasa akibat heuristik inventaris; perlakukan sebagai kata dan tambahkan jamak jika relevan.	Goethe A1 Wortliste; Deutsche Welle Nicos Weg A1	ADD_TO_EXISTING_DECK			de-id-a1-frasa-perjalanan-bantuan		
10	225	Reiseziele und Verkehrsmittel	Lernwortschatz	phrase	die U-Bahn	die U-Bahn	RECLASSIFY_AS_WORD	Nomina berartikel salah terklasifikasi sebagai frasa akibat heuristik inventaris; perlakukan sebagai kata dan tambahkan jamak jika relevan.	Goethe A1 Wortliste; Deutsche Welle Nicos Weg A1	ADD_TO_EXISTING_DECK			de-id-a1-frasa-perjalanan-bantuan		
10	225	Reiseziele und Verkehrsmittel	Lernwortschatz	phrase	die Haltestelle	die Haltestelle	RECLASSIFY_AS_WORD	Nomina berartikel salah terklasifikasi sebagai frasa akibat heuristik inventaris; perlakukan sebagai kata dan tambahkan jamak jika relevan.	Goethe A1 Wortliste; Deutsche Welle Nicos Weg A1	ADD_TO_EXISTING_DECK			de-id-a1-frasa-perjalanan-bantuan		
10	225	Reiseziele und Verkehrsmittel	Lernwortschatz	phrase	der Hauptbahnhof	der Hauptbahnhof	RECLASSIFY_AS_WORD	Nomina berartikel salah terklasifikasi sebagai frasa akibat heuristik inventaris; perlakukan sebagai kata dan tambahkan jamak jika relevan.	Goethe A1 Wortliste; Deutsche Welle Nicos Weg A1	ADD_TO_EXISTING_DECK			de-id-a1-frasa-perjalanan-bantuan		
10	225	Reiseziele und Verkehrsmittel	Lernwortschatz	phrase	das Lagerfeuer	das Lagerfeuer	RECLASSIFY_AS_WORD	Nomina berartikel salah terklasifikasi sebagai frasa akibat heuristik inventaris; perlakukan sebagai kata dan tambahkan jamak jika relevan.	Goethe A1 Wortliste; Deutsche Welle Nicos Weg A1	ADD_TO_EXISTING_DECK			de-id-a1-frasa-perjalanan-bantuan	REPEATED_IN_BOOK	
10	225	Reiseziele und Verkehrsmittel	Lernwortschatz	phrase	die Fahrradtour	die Fahrradtour	RECLASSIFY_AS_WORD	Nomina berartikel salah terklasifikasi sebagai frasa akibat heuristik inventaris; perlakukan sebagai kata dan tambahkan jamak jika relevan.	Goethe A1 Wortliste; Deutsche Welle Nicos Weg A1	ADD_TO_EXISTING_DECK			de-id-a1-frasa-perjalanan-bantuan		
10	225	Reiseziele und Verkehrsmittel	Lernwortschatz	phrase	der See	der See	RECLASSIFY_AS_WORD	Nomina berartikel salah terklasifikasi sebagai frasa akibat heuristik inventaris; perlakukan sebagai kata dan tambahkan jamak jika relevan.	Goethe A1 Wortliste; Deutsche Welle Nicos Weg A1	ADD_TO_EXISTING_DECK			de-id-a1-frasa-perjalanan-bantuan		
10	225	Reiseziele und Verkehrsmittel	Lernwortschatz	phrase	die Berge	die Berge	RECLASSIFY_AS_WORD	Nomina berartikel salah terklasifikasi sebagai frasa akibat heuristik inventaris; perlakukan sebagai kata dan tambahkan jamak jika relevan.	Goethe A1 Wortliste; Deutsche Welle Nicos Weg A1	ADD_TO_EXISTING_DECK			de-id-a1-frasa-perjalanan-bantuan		
10	225	Reiseziele und Verkehrsmittel	Lernwortschatz	phrase	mit dem Zug fahren	mit dem Zug fahren	VERIFY_BEFORE_ADD		Goethe A1 Wortliste; Deutsche Welle Nicos Weg A1	ADD_TO_EXISTING_DECK			de-id-a1-frasa-perjalanan-bantuan		
10	225	Reiseziele und Verkehrsmittel	Lernwortschatz	phrase	mit dem Auto fahren	mit dem Auto fahren	VERIFY_BEFORE_ADD		Goethe A1 Wortliste; Deutsche Welle Nicos Weg A1	ADD_TO_EXISTING_DECK			de-id-a1-frasa-perjalanan-bantuan		
10	225	Reiseziele und Verkehrsmittel	Lernwortschatz	phrase	mit dem Bus fahren	mit dem Bus fahren	VERIFY_BEFORE_ADD		Goethe A1 Wortliste; Deutsche Welle Nicos Weg A1	ADD_TO_EXISTING_DECK			de-id-a1-frasa-perjalanan-bantuan		
10	225	Reiseziele und Verkehrsmittel	Lernwortschatz	phrase	zu Fuß gehen	zu Fuß gehen	VERIFY_BEFORE_ADD		Goethe A1 Wortliste; Deutsche Welle Nicos Weg A1	ADD_TO_EXISTING_DECK			de-id-a1-frasa-perjalanan-bantuan		
10	225	Reiseziele und Verkehrsmittel	Lernwortschatz	word	aussteigen	aussteigen	VERIFY_BEFORE_ADD		Goethe A1 Wortliste; Duden/DWDS	ADD_TO_EXISTING_DECK			de-id-a1-kata-transportasi-layanan		
10	225	Reiseziele und Verkehrsmittel	Lernwortschatz	phrase	der Gasthof	der Gasthof	RECLASSIFY_AS_WORD	Nomina berartikel salah terklasifikasi sebagai frasa akibat heuristik inventaris; perlakukan sebagai kata dan tambahkan jamak jika relevan.	Goethe A1 Wortliste; Deutsche Welle Nicos Weg A1	ADD_TO_EXISTING_DECK			de-id-a1-frasa-perjalanan-bantuan		
10	225	Reiseziele und Verkehrsmittel	Lernwortschatz	phrase	die Spezialität	die Spezialität	MERGE_BOOK_DUPLICATE	Gabungkan dengan rekaman sumber pertama baris data 495.	Goethe A1 Wortliste; Deutsche Welle Nicos Weg A1	ADD_TO_EXISTING_DECK			de-id-a1-frasa-perjalanan-bantuan	REPEATED_IN_BOOK	
10	225	Reiseziele und Verkehrsmittel	Lernwortschatz	phrase	die Berliner Mauer	die Berliner Mauer	RECLASSIFY_AS_WORD	Nomina berartikel salah terklasifikasi sebagai frasa akibat heuristik inventaris; perlakukan sebagai kata dan tambahkan jamak jika relevan.	Goethe A1 Wortliste; Deutsche Welle Nicos Weg A1	ADD_TO_EXISTING_DECK			de-id-a1-frasa-perjalanan-bantuan		
10	225	Reiseziele und Verkehrsmittel	Lernwortschatz	phrase	der Kölner Dom	der Kölner Dom	RECLASSIFY_AS_WORD	Nomina berartikel salah terklasifikasi sebagai frasa akibat heuristik inventaris; perlakukan sebagai kata dan tambahkan jamak jika relevan.	Goethe A1 Wortliste; Deutsche Welle Nicos Weg A1	ADD_TO_EXISTING_DECK			de-id-a1-frasa-perjalanan-bantuan		
10	225	Reiseziele und Verkehrsmittel	Lernwortschatz	phrase	der Tourist	der Tourist	RECLASSIFY_AS_WORD	Nomina berartikel salah terklasifikasi sebagai frasa akibat heuristik inventaris; perlakukan sebagai kata dan tambahkan jamak jika relevan.	Goethe A1 Wortliste; Deutsche Welle Nicos Weg A1	ADD_TO_EXISTING_DECK			de-id-a1-frasa-perjalanan-bantuan		
10	225	Reiseziele und Verkehrsmittel	Lernwortschatz	phrase	der Rhein	der Rhein	RECLASSIFY_AS_WORD	Nomina berartikel salah terklasifikasi sebagai frasa akibat heuristik inventaris; perlakukan sebagai kata dan tambahkan jamak jika relevan.	Goethe A1 Wortliste; Deutsche Welle Nicos Weg A1	ADD_TO_EXISTING_DECK			de-id-a1-frasa-perjalanan-bantuan		
10	225	Reiseziele und Verkehrsmittel	Lernwortschatz	phrase	der Fluss	der Fluss	MERGE_BOOK_DUPLICATE	Gabungkan dengan rekaman sumber pertama baris data 198.	Goethe A1 Wortliste; Deutsche Welle Nicos Weg A1	ADD_TO_EXISTING_DECK			de-id-a1-frasa-perjalanan-bantuan	REPEATED_IN_BOOK	
10	225	Reiseziele und Verkehrsmittel	Lernwortschatz	phrase	das Eis	das Eis	RECLASSIFY_AS_WORD	Nomina berartikel salah terklasifikasi sebagai frasa akibat heuristik inventaris; perlakukan sebagai kata dan tambahkan jamak jika relevan.	Goethe A1 Wortliste; Deutsche Welle Nicos Weg A1	ADD_TO_EXISTING_DECK			de-id-a1-frasa-perjalanan-bantuan		
10	225	Reiseziele und Verkehrsmittel	Lernwortschatz	phrase	das Bier	das Bier	MERGE_BOOK_DUPLICATE	Gabungkan dengan rekaman sumber pertama baris data 430.	Goethe A1 Wortliste; Deutsche Welle Nicos Weg A1	ADD_TO_EXISTING_DECK			de-id-a1-frasa-perjalanan-bantuan	REPEATED_IN_BOOK	
10	225	Reiseziele und Verkehrsmittel	Lernwortschatz	phrase	die Currywurst	die Currywurst	MERGE_BOOK_DUPLICATE	Gabungkan dengan rekaman sumber pertama baris data 473.	Goethe A1 Wortliste; Deutsche Welle Nicos Weg A1	ADD_TO_EXISTING_DECK			de-id-a1-frasa-perjalanan-bantuan	REPEATED_IN_BOOK	
10	225	Reiseziele und Verkehrsmittel	Lernwortschatz	phrase	die Kunst	die Kunst	RECLASSIFY_AS_WORD	Nomina berartikel salah terklasifikasi sebagai frasa akibat heuristik inventaris; perlakukan sebagai kata dan tambahkan jamak jika relevan.	Goethe A1 Wortliste; Deutsche Welle Nicos Weg A1	ADD_TO_EXISTING_DECK			de-id-a1-frasa-perjalanan-bantuan		
10	225	Wetter	Lernwortschatz	phrase	das Wetter	das Wetter	RECLASSIFY_AS_WORD	Nomina berartikel salah terklasifikasi sebagai frasa akibat heuristik inventaris; perlakukan sebagai kata dan tambahkan jamak jika relevan.	Goethe A1 Wortliste; Deutsche Welle Nicos Weg A1	ADD_TO_EXISTING_DECK			de-id-a1-frasa-perjalanan-bantuan		
10	225	Wetter	Lernwortschatz	word	sonnig	sonnig	KEEP_EXISTING	Bentuk Jerman dan kategori telah tersedia; bandingkan arti Indonesia saat implementasi, jangan menambah kartu baru.	Goethe A1 Wortliste; Duden/DWDS	EXACT_SOURCE_MATCH	de-id-a1-waktu-cuaca-angka-word	sonnig	de-id-a1-kata-transportasi-layanan		
10	225	Wetter	Lernwortschatz	word	regnen	regnen	VERIFY_BEFORE_ADD		Goethe A1 Wortliste; Duden/DWDS	ADD_TO_EXISTING_DECK			de-id-a1-kata-transportasi-layanan		
10	225	Wetter	Lernwortschatz	word	heiß	heiß	VERIFY_BEFORE_ADD		Goethe A1 Wortliste; Duden/DWDS	ADD_TO_EXISTING_DECK			de-id-a1-kata-transportasi-layanan		
10	225	Wetter	Lernwortschatz	sentence	Es hat plötzlich geregnet.	Es hat plötzlich geregnet.	VERIFY_BEFORE_ADD		Goethe A1 Wortliste; Deutsche Welle Nicos Weg A1	ADD_TO_NEW_DECK			de-id-a1-kalimat-pengalaman-perjalanan		
10	225	Städtereise und Aktivitäten	Lernwortschatz	phrase	das Schloss besuchen	das Schloss besuchen	RECLASSIFY_AS_WORD	Nomina berartikel salah terklasifikasi sebagai frasa akibat heuristik inventaris; perlakukan sebagai kata dan tambahkan jamak jika relevan.	Goethe A1 Wortliste; Deutsche Welle Nicos Weg A1	ADD_TO_EXISTING_DECK			de-id-a1-frasa-perjalanan-bantuan		
10	225	Städtereise und Aktivitäten	Lernwortschatz	phrase	die Altstadt besichtigen	die Altstadt besichtigen	RECLASSIFY_AS_WORD	Nomina berartikel salah terklasifikasi sebagai frasa akibat heuristik inventaris; perlakukan sebagai kata dan tambahkan jamak jika relevan.	Goethe A1 Wortliste; Deutsche Welle Nicos Weg A1	ADD_TO_EXISTING_DECK			de-id-a1-frasa-perjalanan-bantuan		
10	225	Städtereise und Aktivitäten	Lernwortschatz	phrase	ein Museum besuchen	ein Museum besuchen	VERIFY_BEFORE_ADD		Goethe A1 Wortliste; Deutsche Welle Nicos Weg A1	ADD_TO_EXISTING_DECK			de-id-a1-frasa-perjalanan-bantuan		
10	225	Städtereise und Aktivitäten	Lernwortschatz	phrase	eine Stadtführung machen	eine Stadtführung machen	VERIFY_BEFORE_ADD		Goethe A1 Wortliste; Deutsche Welle Nicos Weg A1	ADD_TO_EXISTING_DECK			de-id-a1-frasa-perjalanan-bantuan		
10	225	Städtereise und Aktivitäten	Lernwortschatz	phrase	ins Theater gehen	ins Theater gehen	VERIFY_BEFORE_ADD		Goethe A1 Wortliste; Deutsche Welle Nicos Weg A1	ADD_TO_EXISTING_DECK			de-id-a1-frasa-perjalanan-bantuan		
10	225	Städtereise und Aktivitäten	Lernwortschatz	phrase	Souvenirs kaufen	Souvenirs kaufen	VERIFY_BEFORE_ADD		Goethe A1 Wortliste; Deutsche Welle Nicos Weg A1	ADD_TO_EXISTING_DECK			de-id-a1-frasa-perjalanan-bantuan		
10	225	Städtereise und Aktivitäten	Lernwortschatz	phrase	Spezialitäten probieren	Spezialitäten probieren	VERIFY_BEFORE_ADD		Goethe A1 Wortliste; Deutsche Welle Nicos Weg A1	ADD_TO_EXISTING_DECK			de-id-a1-frasa-perjalanan-bantuan		
10	225	Städtereise und Aktivitäten	Lernwortschatz	phrase	einen Apfelstrudel essen	einen Apfelstrudel essen	VERIFY_BEFORE_ADD		Goethe A1 Wortliste; Deutsche Welle Nicos Weg A1	ADD_TO_EXISTING_DECK			de-id-a1-frasa-perjalanan-bantuan		
10	225	Städtereise und Aktivitäten	Lernwortschatz	phrase	Riesenrad fahren	Riesenrad fahren	VERIFY_BEFORE_ADD		Goethe A1 Wortliste; Deutsche Welle Nicos Weg A1	ADD_TO_EXISTING_DECK			de-id-a1-frasa-perjalanan-bantuan		
10	225	Städtereise und Aktivitäten	Lernwortschatz	phrase	einen Spaziergang machen	einen Spaziergang machen	VERIFY_BEFORE_ADD		Goethe A1 Wortliste; Deutsche Welle Nicos Weg A1	ADD_TO_EXISTING_DECK			de-id-a1-frasa-perjalanan-bantuan		
10	225	Städtereise und Aktivitäten	Lernwortschatz	phrase	Sehenswürdigkeiten sehen	Sehenswürdigkeiten sehen	VERIFY_BEFORE_ADD		Goethe A1 Wortliste; Deutsche Welle Nicos Weg A1	ADD_TO_EXISTING_DECK			de-id-a1-frasa-perjalanan-bantuan		
10	225	Städtereise und Aktivitäten	Lernwortschatz	phrase	Musik hören	Musik hören	MERGE_BOOK_DUPLICATE	Gabungkan dengan rekaman sumber pertama baris data 231.	Goethe A1 Wortliste; Deutsche Welle Nicos Weg A1	ADD_TO_EXISTING_DECK			de-id-a1-frasa-perjalanan-bantuan	REPEATED_IN_BOOK	
10	225	Städtereise und Aktivitäten	Lernwortschatz	word	grillen	grillen	MERGE_BOOK_DUPLICATE	Gabungkan dengan rekaman sumber pertama baris data 243.	Goethe A1 Wortliste; Duden/DWDS	ADD_TO_EXISTING_DECK			de-id-a1-kata-transportasi-layanan	REPEATED_IN_BOOK	
10	225	Städtereise und Aktivitäten	Lernwortschatz	word	kochen	kochen	MERGE_BOOK_DUPLICATE	Gabungkan dengan rekaman sumber pertama baris data 242.	Goethe A1 Wortliste; Duden/DWDS	EXACT_SOURCE_MATCH	de-id-a1-kata-profesi	kochen	de-id-a1-kata-transportasi-layanan	REPEATED_IN_BOOK	
10	225	Städtereise und Aktivitäten	Lernwortschatz	phrase	sich verfahren	sich verfahren	VERIFY_BEFORE_ADD		Goethe A1 Wortliste; Deutsche Welle Nicos Weg A1	ADD_TO_EXISTING_DECK			de-id-a1-frasa-perjalanan-bantuan		
10	225-226	Orientierung in der Stadt	Lernwortschatz	phrase	der Stadtplan	der Stadtplan	RECLASSIFY_AS_WORD	Nomina berartikel salah terklasifikasi sebagai frasa akibat heuristik inventaris; perlakukan sebagai kata dan tambahkan jamak jika relevan.	Goethe A1 Wortliste; Deutsche Welle Nicos Weg A1	ADD_TO_EXISTING_DECK			de-id-a1-frasa-perjalanan-bantuan		
10	225-226	Orientierung in der Stadt	Lernwortschatz	phrase	die Straße	die Straße	MERGE_BOOK_DUPLICATE	Gabungkan dengan rekaman sumber pertama baris data 192.	Goethe A1 Wortliste; Deutsche Welle Nicos Weg A1	ADD_TO_EXISTING_DECK			de-id-a1-frasa-perjalanan-bantuan	REPEATED_IN_BOOK	
10	225-226	Orientierung in der Stadt	Lernwortschatz	phrase	die Kreuzung	die Kreuzung	RECLASSIFY_AS_WORD	Nomina berartikel salah terklasifikasi sebagai frasa akibat heuristik inventaris; perlakukan sebagai kata dan tambahkan jamak jika relevan.	Goethe A1 Wortliste; Deutsche Welle Nicos Weg A1	ADD_TO_EXISTING_DECK			de-id-a1-frasa-perjalanan-bantuan		
10	225-226	Orientierung in der Stadt	Lernwortschatz	phrase	die Ampel	die Ampel	RECLASSIFY_AS_WORD	Nomina berartikel salah terklasifikasi sebagai frasa akibat heuristik inventaris; perlakukan sebagai kata dan tambahkan jamak jika relevan.	Goethe A1 Wortliste; Deutsche Welle Nicos Weg A1	ADD_TO_EXISTING_DECK			de-id-a1-frasa-perjalanan-bantuan		
10	225-226	Orientierung in der Stadt	Lernwortschatz	phrase	die Ecke	die Ecke	MERGE_BOOK_DUPLICATE	Gabungkan dengan rekaman sumber pertama baris data 193.	Goethe A1 Wortliste; Deutsche Welle Nicos Weg A1	ADD_TO_EXISTING_DECK			de-id-a1-frasa-perjalanan-bantuan	REPEATED_IN_BOOK	
10	225-226	Orientierung in der Stadt	Lernwortschatz	phrase	der Platz	der Platz	RECLASSIFY_AS_WORD	Nomina berartikel salah terklasifikasi sebagai frasa akibat heuristik inventaris; perlakukan sebagai kata dan tambahkan jamak jika relevan.	Goethe A1 Wortliste; Deutsche Welle Nicos Weg A1	ADD_TO_EXISTING_DECK			de-id-a1-frasa-perjalanan-bantuan		
10	225-226	Orientierung in der Stadt	Lernwortschatz	phrase	das Hotel	das Hotel	RECLASSIFY_AS_WORD	Nomina berartikel salah terklasifikasi sebagai frasa akibat heuristik inventaris; perlakukan sebagai kata dan tambahkan jamak jika relevan.	Goethe A1 Wortliste; Deutsche Welle Nicos Weg A1	ADD_TO_EXISTING_DECK			de-id-a1-frasa-perjalanan-bantuan		
10	225-226	Orientierung in der Stadt	Lernwortschatz	phrase	die Bank	die Bank	RECLASSIFY_AS_WORD	Nomina berartikel salah terklasifikasi sebagai frasa akibat heuristik inventaris; perlakukan sebagai kata dan tambahkan jamak jika relevan.	Goethe A1 Wortliste; Deutsche Welle Nicos Weg A1	ADD_TO_EXISTING_DECK			de-id-a1-frasa-perjalanan-bantuan		
10	225-226	Orientierung in der Stadt	Lernwortschatz	phrase	die Bäckerei	die Bäckerei	MERGE_BOOK_DUPLICATE	Gabungkan dengan rekaman sumber pertama baris data 196.	Goethe A1 Wortliste; Deutsche Welle Nicos Weg A1	ADD_TO_EXISTING_DECK			de-id-a1-frasa-perjalanan-bantuan	REPEATED_IN_BOOK	
10	225-226	Orientierung in der Stadt	Lernwortschatz	phrase	das Café	das Café	MERGE_BOOK_DUPLICATE	Gabungkan dengan rekaman sumber pertama baris data 194.	Goethe A1 Wortliste; Deutsche Welle Nicos Weg A1	ADD_TO_EXISTING_DECK			de-id-a1-frasa-perjalanan-bantuan	REPEATED_IN_BOOK	
10	225-226	Orientierung in der Stadt	Lernwortschatz	phrase	die Post	die Post	MERGE_BOOK_DUPLICATE	Gabungkan dengan rekaman sumber pertama baris data 197.	Goethe A1 Wortliste; Deutsche Welle Nicos Weg A1	ADD_TO_EXISTING_DECK			de-id-a1-frasa-perjalanan-bantuan	REPEATED_IN_BOOK	
10	225-226	Orientierung in der Stadt	Lernwortschatz	phrase	der Bahnhof	der Bahnhof	MERGE_BOOK_DUPLICATE	Gabungkan dengan rekaman sumber pertama baris data 780.	Goethe A1 Wortliste; Deutsche Welle Nicos Weg A1	ADD_TO_EXISTING_DECK			de-id-a1-frasa-perjalanan-bantuan	REPEATED_IN_BOOK	
10	225-226	Orientierung in der Stadt	Lernwortschatz	phrase	der Kiosk	der Kiosk	RECLASSIFY_AS_WORD	Nomina berartikel salah terklasifikasi sebagai frasa akibat heuristik inventaris; perlakukan sebagai kata dan tambahkan jamak jika relevan.	Goethe A1 Wortliste; Deutsche Welle Nicos Weg A1	ADD_TO_EXISTING_DECK			de-id-a1-frasa-perjalanan-bantuan		
10	225-226	Orientierung in der Stadt	Lernwortschatz	word	fragen	fragen	KEEP_EXISTING	Bentuk Jerman dan kategori telah tersedia; bandingkan arti Indonesia saat implementasi, jangan menambah kartu baru.	Goethe A1 Wortliste; Duden/DWDS	EXACT_SOURCE_MATCH	de-id-a1-kata-inti	fragen	de-id-a1-kata-transportasi-layanan		
10	225-226	Orientierung in der Stadt	Lernwortschatz	word	zeigen	zeigen	VERIFY_BEFORE_ADD		Goethe A1 Wortliste; Duden/DWDS	ADD_TO_EXISTING_DECK			de-id-a1-kata-transportasi-layanan		
10	225-226	Orientierung in der Stadt	Lernwortschatz	word	suchen	suchen	KEEP_EXISTING	Bentuk Jerman dan kategori telah tersedia; bandingkan arti Indonesia saat implementasi, jangan menambah kartu baru.	Goethe A1 Wortliste; Duden/DWDS	EXACT_SOURCE_MATCH	de-id-a1-kata-inti	suchen	de-id-a1-kata-transportasi-layanan		
10	226	Reiseberichte und Postkarte	Lernwortschatz	sentence	Ich war letzten Sommer in …	Ich war letzten Sommer in …	KEEP_AS_PATTERN_ONLY	Berguna sebagai pola Redemittel, tetapi jangan dimasukkan sebagai kartu final sebelum placeholder diisi dengan contoh natural.	Goethe A1 Wortliste; Deutsche Welle Nicos Weg A1	ADD_TO_NEW_DECK			de-id-a1-kalimat-pengalaman-perjalanan	PATTERN_OR_PLACEHOLDER	
10	226	Reiseberichte und Postkarte	Lernwortschatz	sentence	Die Stadt hat mir sehr gut gefallen.	Die Stadt hat mir sehr gut gefallen.	VERIFY_BEFORE_ADD		Goethe A1 Wortliste; Deutsche Welle Nicos Weg A1	ADD_TO_NEW_DECK			de-id-a1-kalimat-pengalaman-perjalanan		
10	226	Reiseberichte und Postkarte	Lernwortschatz	sentence	Ich bin viel zu Fuß gegangen.	Ich bin viel zu Fuß gegangen.	VERIFY_BEFORE_ADD		Goethe A1 Wortliste; Deutsche Welle Nicos Weg A1	ADD_TO_NEW_DECK			de-id-a1-kalimat-pengalaman-perjalanan		
10	226	Reiseberichte und Postkarte	Lernwortschatz	sentence	Ich habe mich verfahren.	Ich habe mich verfahren.	VERIFY_BEFORE_ADD		Goethe A1 Wortliste; Deutsche Welle Nicos Weg A1	ADD_TO_NEW_DECK			de-id-a1-kalimat-pengalaman-perjalanan		
10	226	Reiseberichte und Postkarte	Lernwortschatz	sentence	Eine nette Frau hat mir geholfen.	Eine nette Frau hat mir geholfen.	VERIFY_BEFORE_ADD		Goethe A1 Wortliste; Deutsche Welle Nicos Weg A1	ADD_TO_NEW_DECK			de-id-a1-kalimat-pengalaman-perjalanan		
10	226	Reiseberichte und Postkarte	Lernwortschatz	sentence	Das Wetter war meistens sonnig.	Das Wetter war meistens sonnig.	VERIFY_BEFORE_ADD		Goethe A1 Wortliste; Deutsche Welle Nicos Weg A1	ADD_TO_NEW_DECK			de-id-a1-kalimat-pengalaman-perjalanan		
10	226	Reiseberichte und Postkarte	Lernwortschatz	sentence	Ich habe Brezen gegessen.	Ich habe Brezen gegessen.	VERIFY_BEFORE_ADD		Goethe A1 Wortliste; Deutsche Welle Nicos Weg A1	ADD_TO_NEW_DECK			de-id-a1-kalimat-pengalaman-perjalanan		
10	226	Reiseberichte und Postkarte	Lernwortschatz	phrase	das Lagerfeuer	das Lagerfeuer	MERGE_BOOK_DUPLICATE	Gabungkan dengan rekaman sumber pertama baris data 866.	Goethe A1 Wortliste; Deutsche Welle Nicos Weg A1	ADD_TO_EXISTING_DECK			de-id-a1-frasa-perjalanan-bantuan	REPEATED_IN_BOOK	
10	226	Reiseberichte und Postkarte	Lernwortschatz	phrase	die Aussicht	die Aussicht	RECLASSIFY_AS_WORD	Nomina berartikel salah terklasifikasi sebagai frasa akibat heuristik inventaris; perlakukan sebagai kata dan tambahkan jamak jika relevan.	Goethe A1 Wortliste; Deutsche Welle Nicos Weg A1	ADD_TO_EXISTING_DECK			de-id-a1-frasa-perjalanan-bantuan		
10	226	Reiseberichte und Postkarte	Lernwortschatz	sentence	Herzliche Grüße aus …	Herzliche Grüße aus …	KEEP_AS_PATTERN_ONLY	Berguna sebagai pola Redemittel, tetapi jangan dimasukkan sebagai kartu final sebelum placeholder diisi dengan contoh natural.	Goethe A1 Wortliste; Deutsche Welle Nicos Weg A1	ADD_TO_NEW_DECK			de-id-a1-kalimat-pengalaman-perjalanan	REPEATED_IN_BOOK|PATTERN_OR_PLACEHOLDER	
10	226	Reiseberichte und Postkarte	Lernwortschatz	sentence	Es ist sehr schön hier.	Es ist sehr schön hier.	VERIFY_BEFORE_ADD		Goethe A1 Wortliste; Deutsche Welle Nicos Weg A1	ADD_TO_NEW_DECK			de-id-a1-kalimat-pengalaman-perjalanan		
10	226	Reiseberichte und Postkarte	Lernwortschatz	sentence	Ich habe … besucht.	Ich habe … besucht.	KEEP_AS_PATTERN_ONLY	Berguna sebagai pola Redemittel, tetapi jangan dimasukkan sebagai kartu final sebelum placeholder diisi dengan contoh natural.	Goethe A1 Wortliste; Deutsche Welle Nicos Weg A1	ADD_TO_NEW_DECK			de-id-a1-kalimat-pengalaman-perjalanan	PATTERN_OR_PLACEHOLDER	
10	226	Reiseberichte und Postkarte	Lernwortschatz	sentence	Ich habe viel erlebt.	Ich habe viel erlebt.	VERIFY_BEFORE_ADD		Goethe A1 Wortliste; Deutsche Welle Nicos Weg A1	ADD_TO_NEW_DECK			de-id-a1-kalimat-pengalaman-perjalanan		
10	226	Reiseberichte und Postkarte	Lernwortschatz	sentence	Ich möchte … wieder besuchen.	Ich möchte … wieder besuchen.	KEEP_AS_PATTERN_ONLY	Berguna sebagai pola Redemittel, tetapi jangan dimasukkan sebagai kartu final sebelum placeholder diisi dengan contoh natural.	Goethe A1 Wortliste; Deutsche Welle Nicos Weg A1	ADD_TO_NEW_DECK			de-id-a1-kalimat-pengalaman-perjalanan	PATTERN_OR_PLACEHOLDER	
10	227	Urlaub planen und Orientierung	Redemittel	sentence	Entschuldigung, könnten Sie mir helfen?	Entschuldigung, könnten Sie mir helfen?	REVIEW_EXISTING_VARIANT	Bandingkan bentuk dan fungsi dengan materi katalog yang ditemukan; gabungkan jika maknanya sama.	Goethe A1 Wortliste; Deutsche Welle Nicos Weg A1	HEADWORD_OR_VARIANT_MATCH	de-id-a1-kalimat-nyata	Entschuldigung, ich habe Ihren Namen vergessen.	de-id-a1-kalimat-pengalaman-perjalanan	PATTERN_OR_PLACEHOLDER	
10	227	Urlaub planen und Orientierung	Redemittel	sentence	Ich suche den Bahnhof.	Ich suche den Bahnhof.	VERIFY_BEFORE_ADD		Goethe A1 Wortliste; Deutsche Welle Nicos Weg A1	ADD_TO_NEW_DECK			de-id-a1-kalimat-pengalaman-perjalanan		
10	227	Urlaub planen und Orientierung	Redemittel	sentence	Wo ist bitte …?	Wo ist bitte …?	KEEP_AS_PATTERN_ONLY	Berguna sebagai pola Redemittel, tetapi jangan dimasukkan sebagai kartu final sebelum placeholder diisi dengan contoh natural.	Goethe A1 Wortliste; Deutsche Welle Nicos Weg A1	ADD_TO_NEW_DECK			de-id-a1-kalimat-pengalaman-perjalanan	PATTERN_OR_PLACEHOLDER	
10	227	Urlaub planen und Orientierung	Redemittel	sentence	Wie komme ich zu …?	Wie komme ich zu …?	KEEP_AS_PATTERN_ONLY	Berguna sebagai pola Redemittel, tetapi jangan dimasukkan sebagai kartu final sebelum placeholder diisi dengan contoh natural.	Goethe A1 Wortliste; Deutsche Welle Nicos Weg A1	ADD_TO_NEW_DECK			de-id-a1-kalimat-pengalaman-perjalanan	PATTERN_OR_PLACEHOLDER	
10	227	Urlaub planen und Orientierung	Redemittel	sentence	Gehen Sie rechts.	Gehen Sie rechts.	VERIFY_BEFORE_ADD		Goethe A1 Wortliste; Deutsche Welle Nicos Weg A1	ADD_TO_NEW_DECK			de-id-a1-kalimat-pengalaman-perjalanan		
10	227	Urlaub planen und Orientierung	Redemittel	sentence	Gehen Sie links.	Gehen Sie links.	VERIFY_BEFORE_ADD		Goethe A1 Wortliste; Deutsche Welle Nicos Weg A1	ADD_TO_NEW_DECK			de-id-a1-kalimat-pengalaman-perjalanan		
10	227	Urlaub planen und Orientierung	Redemittel	sentence	Gehen Sie geradeaus.	Gehen Sie geradeaus.	VERIFY_BEFORE_ADD		Goethe A1 Wortliste; Deutsche Welle Nicos Weg A1	ADD_TO_NEW_DECK			de-id-a1-kalimat-pengalaman-perjalanan		
10	227	Urlaub planen und Orientierung	Redemittel	sentence	An der Haltestelle steigt man ein.	An der Haltestelle steigt man ein.	VERIFY_BEFORE_ADD		Goethe A1 Wortliste; Deutsche Welle Nicos Weg A1	ADD_TO_NEW_DECK			de-id-a1-kalimat-pengalaman-perjalanan		
10	227	Urlaub planen und Orientierung	Redemittel	sentence	Man steigt an der Haltestelle um.	Man steigt an der Haltestelle um.	VERIFY_BEFORE_ADD		Goethe A1 Wortliste; Deutsche Welle Nicos Weg A1	ADD_TO_NEW_DECK			de-id-a1-kalimat-pengalaman-perjalanan		
10	227	Urlaub planen und Orientierung	Redemittel	sentence	Man steigt am … Platz aus.	Man steigt am … Platz aus.	KEEP_AS_PATTERN_ONLY	Berguna sebagai pola Redemittel, tetapi jangan dimasukkan sebagai kartu final sebelum placeholder diisi dengan contoh natural.	Goethe A1 Wortliste; Deutsche Welle Nicos Weg A1	ADD_TO_NEW_DECK			de-id-a1-kalimat-pengalaman-perjalanan	PATTERN_OR_PLACEHOLDER	
10	227	Urlaub planen und Orientierung	Redemittel	sentence	Nehmen Sie die erste Straße rechts.	Nehmen Sie die erste Straße rechts.	VERIFY_BEFORE_ADD		Goethe A1 Wortliste; Deutsche Welle Nicos Weg A1	ADD_TO_NEW_DECK			de-id-a1-kalimat-pengalaman-perjalanan		
10	227	Urlaub planen und Orientierung	Redemittel	sentence	Nehmen Sie die zweite Straße links.	Nehmen Sie die zweite Straße links.	VERIFY_BEFORE_ADD		Goethe A1 Wortliste; Deutsche Welle Nicos Weg A1	ADD_TO_NEW_DECK			de-id-a1-kalimat-pengalaman-perjalanan		
10	227	Urlaub planen und Orientierung	Redemittel	sentence	Ja, genau.	Ja, genau.	VERIFY_BEFORE_ADD		Goethe A1 Wortliste; Deutsche Welle Nicos Weg A1	ADD_TO_NEW_DECK			de-id-a1-kalimat-pengalaman-perjalanan		
10	227	Urlaub planen und Orientierung	Redemittel	sentence	Vielen Dank.	Vielen Dank.	VERIFY_BEFORE_ADD		Goethe A1 Wortliste; Deutsche Welle Nicos Weg A1	ADD_TO_NEW_DECK			de-id-a1-kalimat-pengalaman-perjalanan		
10	227	Urlaub planen und Orientierung	Redemittel	sentence	Bitte, gern.	Bitte, gern.	VERIFY_BEFORE_ADD		Goethe A1 Wortliste; Deutsche Welle Nicos Weg A1	ADD_TO_NEW_DECK			de-id-a1-kalimat-pengalaman-perjalanan		
10	227	Postkarte schreiben	Redemittel	phrase	Hallo …	Hallo …	KEEP_AS_PATTERN_ONLY	Berguna sebagai pola Redemittel, tetapi jangan dimasukkan sebagai kartu final sebelum placeholder diisi dengan contoh natural.	Goethe A1 Wortliste; Deutsche Welle Nicos Weg A1	EXACT_SOURCE_MATCH	de-id-a1-frasa-sehari-hari	Hallo!	de-id-a1-frasa-perjalanan-bantuan	PATTERN_OR_PLACEHOLDER	
10	227	Postkarte schreiben	Redemittel	phrase	Liebe …	Liebe …	KEEP_AS_PATTERN_ONLY	Berguna sebagai pola Redemittel, tetapi jangan dimasukkan sebagai kartu final sebelum placeholder diisi dengan contoh natural.	Goethe A1 Wortliste; Deutsche Welle Nicos Weg A1	ADD_TO_EXISTING_DECK			de-id-a1-frasa-perjalanan-bantuan	PATTERN_OR_PLACEHOLDER	
10	227	Postkarte schreiben	Redemittel	phrase	Lieber …	Lieber …	KEEP_AS_PATTERN_ONLY	Berguna sebagai pola Redemittel, tetapi jangan dimasukkan sebagai kartu final sebelum placeholder diisi dengan contoh natural.	Goethe A1 Wortliste; Deutsche Welle Nicos Weg A1	ADD_TO_EXISTING_DECK			de-id-a1-frasa-perjalanan-bantuan	PATTERN_OR_PLACEHOLDER	
10	227	Postkarte schreiben	Redemittel	sentence	Herzliche Grüße aus …	Herzliche Grüße aus …	KEEP_AS_PATTERN_ONLY	Berguna sebagai pola Redemittel, tetapi jangan dimasukkan sebagai kartu final sebelum placeholder diisi dengan contoh natural.	Goethe A1 Wortliste; Deutsche Welle Nicos Weg A1	ADD_TO_NEW_DECK			de-id-a1-kalimat-pengalaman-perjalanan	REPEATED_IN_BOOK|PATTERN_OR_PLACEHOLDER	
10	227	Postkarte schreiben	Redemittel	sentence	Hier gibt es viele Sehenswürdigkeiten.	Hier gibt es viele Sehenswürdigkeiten.	VERIFY_BEFORE_ADD		Goethe A1 Wortliste; Deutsche Welle Nicos Weg A1	ADD_TO_NEW_DECK			de-id-a1-kalimat-pengalaman-perjalanan		
10	227	Postkarte schreiben	Redemittel	sentence	Gestern habe ich … besucht.	Gestern habe ich … besucht.	KEEP_AS_PATTERN_ONLY	Berguna sebagai pola Redemittel, tetapi jangan dimasukkan sebagai kartu final sebelum placeholder diisi dengan contoh natural.	Goethe A1 Wortliste; Deutsche Welle Nicos Weg A1	ADD_TO_NEW_DECK			de-id-a1-kalimat-pengalaman-perjalanan	PATTERN_OR_PLACEHOLDER	
10	227	Postkarte schreiben	Redemittel	sentence	Man kann hier viel machen.	Man kann hier viel machen.	VERIFY_BEFORE_ADD		Goethe A1 Wortliste; Deutsche Welle Nicos Weg A1	ADD_TO_NEW_DECK			de-id-a1-kalimat-pengalaman-perjalanan		
10	227	Postkarte schreiben	Redemittel	phrase	Morgen besuche ich …	Morgen besuche ich …	KEEP_AS_PATTERN_ONLY	Berguna sebagai pola Redemittel, tetapi jangan dimasukkan sebagai kartu final sebelum placeholder diisi dengan contoh natural.	Goethe A1 Wortliste; Deutsche Welle Nicos Weg A1	ADD_TO_EXISTING_DECK			de-id-a1-frasa-perjalanan-bantuan	PATTERN_OR_PLACEHOLDER	
10	227	Postkarte schreiben	Redemittel	sentence	Bis bald!	Bis bald!	VERIFY_BEFORE_ADD		Goethe A1 Wortliste; Deutsche Welle Nicos Weg A1	ADD_TO_NEW_DECK			de-id-a1-kalimat-pengalaman-perjalanan		
10	227	Postkarte schreiben	Redemittel	sentence	Viele Grüße!	Viele Grüße!	VERIFY_BEFORE_ADD		Goethe A1 Wortliste; Deutsche Welle Nicos Weg A1	ADD_TO_NEW_DECK			de-id-a1-kalimat-pengalaman-perjalanan		
