chapter	pdf_pages	section	source_kind	material_type	german	normalized_source	decision	existing_deck_ids	existing_source_texts	proposed_target_deck_id	review_flags	source_note
1	17	Begrüßung und Verabschiedung	Lernwortschatz	word	Hallo	hallo	ADD_TO_NEW_DECK			de-id-a1-kata-identitaet-familie		
1	17	Begrüßung und Verabschiedung	Lernwortschatz	word	Moin	moin	ADD_TO_NEW_DECK			de-id-a1-kata-identitaet-familie		
1	17	Begrüßung und Verabschiedung	Lernwortschatz	phrase	Guten Morgen	gutenmorgen	EXACT_SOURCE_MATCH	de-id-a1-frasa-sehari-hari	Guten Morgen!	de-id-a1-frasa-perkenalan-identitaet		
1	17	Begrüßung und Verabschiedung	Lernwortschatz	phrase	Guten Tag	gutentag	EXACT_SOURCE_MATCH	de-id-a1-frasa-sehari-hari	Guten Tag!	de-id-a1-frasa-perkenalan-identitaet		
1	17	Begrüßung und Verabschiedung	Lernwortschatz	phrase	Guten Abend	gutenabend	EXACT_SOURCE_MATCH	de-id-a1-frasa-sehari-hari	Guten Abend!	de-id-a1-frasa-perkenalan-identitaet		
1	17	Begrüßung und Verabschiedung	Lernwortschatz	phrase	Gute Nacht	gutenacht	EXACT_SOURCE_MATCH	de-id-a1-frasa-sehari-hari	Gute Nacht!	de-id-a1-frasa-perkenalan-identitaet		
1	17	Begrüßung und Verabschiedung	Lernwortschatz	word	Tschüss	tschüss	ADD_TO_NEW_DECK			de-id-a1-kata-identitaet-familie		
1	17	Begrüßung und Verabschiedung	Lernwortschatz	word	Ciao	ciao	ADD_TO_NEW_DECK			de-id-a1-kata-identitaet-familie		
1	17	Begrüßung und Verabschiedung	Lernwortschatz	phrase	Auf Wiedersehen	aufwiedersehen	EXACT_SOURCE_MATCH	de-id-a1-frasa-sehari-hari	Auf Wiedersehen!	de-id-a1-frasa-perkenalan-identitaet		
1	17	Begrüßung und Verabschiedung	Lernwortschatz	phrase	Auf Wiederhören	aufwiederhören	ADD_TO_NEW_DECK			de-id-a1-frasa-perkenalan-identitaet		
1	17	Persönliche Angaben	Lernwortschatz	phrase	der Name	dername	ADD_TO_NEW_DECK			de-id-a1-frasa-perkenalan-identitaet		
1	17	Persönliche Angaben	Lernwortschatz	phrase	der Vorname	dervorname	ADD_TO_NEW_DECK			de-id-a1-frasa-perkenalan-identitaet		
1	17	Persönliche Angaben	Lernwortschatz	phrase	der Nachname / der Familienname	dernachnamederfamilienname	ADD_TO_NEW_DECK			de-id-a1-frasa-perkenalan-identitaet		
1	17	Persönliche Angaben	Lernwortschatz	phrase	die Adresse	dieadresse	ADD_TO_NEW_DECK			de-id-a1-frasa-perkenalan-identitaet		
1	17	Persönliche Angaben	Lernwortschatz	phrase	die Telefonnummer / die Handynummer	dietelefonnummerdiehandynummer	ADD_TO_NEW_DECK			de-id-a1-frasa-perkenalan-identitaet		
1	17	Persönliche Angaben	Lernwortschatz	phrase	die E-Mail-Adresse	dieemailadresse	ADD_TO_NEW_DECK			de-id-a1-frasa-perkenalan-identitaet		
1	17	Persönliche Angaben	Lernwortschatz	phrase	das Geburtsdatum	dasgeburtsdatum	ADD_TO_NEW_DECK			de-id-a1-frasa-perkenalan-identitaet		
1	17	Persönliche Angaben	Lernwortschatz	phrase	der Wohnort	derwohnort	ADD_TO_NEW_DECK			de-id-a1-frasa-perkenalan-identitaet		
1	17	Persönliche Angaben	Lernwortschatz	phrase	die Herkunft / das Herkunftsland	dieherkunftdasherkunftsland	ADD_TO_NEW_DECK			de-id-a1-frasa-perkenalan-identitaet		
1	17	Persönliche Angaben	Lernwortschatz	phrase	die Sprache	diesprache	ADD_TO_NEW_DECK			de-id-a1-frasa-perkenalan-identitaet		
1	17	Persönliche Angaben	Lernwortschatz	phrase	die Nationalität	dienationalität	ADD_TO_NEW_DECK			de-id-a1-frasa-perkenalan-identitaet		
1	17	Fragewörter und Fragen	Lernwortschatz	sentence	Wie?	wie	ADD_TO_EXISTING_DECK			de-id-a1-kalimat-nyata	PATTERN_OR_PLACEHOLDER	
1	17	Fragewörter und Fragen	Lernwortschatz	sentence	Wer?	wer	ADD_TO_EXISTING_DECK			de-id-a1-kalimat-nyata	PATTERN_OR_PLACEHOLDER	
1	17	Fragewörter und Fragen	Lernwortschatz	sentence	Wo?	wo	ADD_TO_EXISTING_DECK			de-id-a1-kalimat-nyata	PATTERN_OR_PLACEHOLDER	
1	17	Fragewörter und Fragen	Lernwortschatz	sentence	Woher?	woher	ADD_TO_EXISTING_DECK			de-id-a1-kalimat-nyata	PATTERN_OR_PLACEHOLDER	
1	17	Fragewörter und Fragen	Lernwortschatz	sentence	Was?	was	ADD_TO_EXISTING_DECK			de-id-a1-kalimat-nyata	PATTERN_OR_PLACEHOLDER	
1	17	Fragewörter und Fragen	Lernwortschatz	sentence	Wohnst du in …?	wohnstduin	ADD_TO_EXISTING_DECK			de-id-a1-kalimat-nyata	PATTERN_OR_PLACEHOLDER	
1	17	Fragewörter und Fragen	Lernwortschatz	sentence	Kommst du aus …?	kommstduaus	ADD_TO_EXISTING_DECK			de-id-a1-kalimat-nyata	PATTERN_OR_PLACEHOLDER	
1	17	Zahlen 0–20	Lernwortschatz	word	null	null	ADD_TO_NEW_DECK			de-id-a1-kata-identitaet-familie	NEEDS_EDITORIAL_REVIEW	acht tidak tercetak pada daftar hasil ekstraksi; dicatat karena urutan 0–20 dan materi bab memuatnya
1	17	Zahlen 0–20	Lernwortschatz	word	eins	eins	ADD_TO_NEW_DECK			de-id-a1-kata-identitaet-familie	NEEDS_EDITORIAL_REVIEW	acht tidak tercetak pada daftar hasil ekstraksi; dicatat karena urutan 0–20 dan materi bab memuatnya
1	17	Zahlen 0–20	Lernwortschatz	word	zwei	zwei	ADD_TO_NEW_DECK			de-id-a1-kata-identitaet-familie	NEEDS_EDITORIAL_REVIEW	acht tidak tercetak pada daftar hasil ekstraksi; dicatat karena urutan 0–20 dan materi bab memuatnya
1	17	Zahlen 0–20	Lernwortschatz	word	drei	drei	ADD_TO_NEW_DECK			de-id-a1-kata-identitaet-familie	NEEDS_EDITORIAL_REVIEW	acht tidak tercetak pada daftar hasil ekstraksi; dicatat karena urutan 0–20 dan materi bab memuatnya
1	17	Zahlen 0–20	Lernwortschatz	word	vier	vier	ADD_TO_NEW_DECK			de-id-a1-kata-identitaet-familie	NEEDS_EDITORIAL_REVIEW	acht tidak tercetak pada daftar hasil ekstraksi; dicatat karena urutan 0–20 dan materi bab memuatnya
1	17	Zahlen 0–20	Lernwortschatz	word	fünf	fünf	ADD_TO_NEW_DECK			de-id-a1-kata-identitaet-familie	NEEDS_EDITORIAL_REVIEW	acht tidak tercetak pada daftar hasil ekstraksi; dicatat karena urutan 0–20 dan materi bab memuatnya
1	17	Zahlen 0–20	Lernwortschatz	word	sechs	sechs	ADD_TO_NEW_DECK			de-id-a1-kata-identitaet-familie	NEEDS_EDITORIAL_REVIEW	acht tidak tercetak pada daftar hasil ekstraksi; dicatat karena urutan 0–20 dan materi bab memuatnya
1	17	Zahlen 0–20	Lernwortschatz	word	sieben	sieben	ADD_TO_NEW_DECK			de-id-a1-kata-identitaet-familie	NEEDS_EDITORIAL_REVIEW	acht tidak tercetak pada daftar hasil ekstraksi; dicatat karena urutan 0–20 dan materi bab memuatnya
1	17	Zahlen 0–20	Lernwortschatz	word	acht	acht	ADD_TO_NEW_DECK			de-id-a1-kata-identitaet-familie	NEEDS_EDITORIAL_REVIEW	acht tidak tercetak pada daftar hasil ekstraksi; dicatat karena urutan 0–20 dan materi bab memuatnya
1	17	Zahlen 0–20	Lernwortschatz	word	neun	neun	ADD_TO_NEW_DECK			de-id-a1-kata-identitaet-familie	NEEDS_EDITORIAL_REVIEW	acht tidak tercetak pada daftar hasil ekstraksi; dicatat karena urutan 0–20 dan materi bab memuatnya
1	17	Zahlen 0–20	Lernwortschatz	word	zehn	zehn	ADD_TO_NEW_DECK			de-id-a1-kata-identitaet-familie	NEEDS_EDITORIAL_REVIEW	acht tidak tercetak pada daftar hasil ekstraksi; dicatat karena urutan 0–20 dan materi bab memuatnya
1	17	Zahlen 0–20	Lernwortschatz	word	elf	elf	ADD_TO_NEW_DECK			de-id-a1-kata-identitaet-familie	NEEDS_EDITORIAL_REVIEW	acht tidak tercetak pada daftar hasil ekstraksi; dicatat karena urutan 0–20 dan materi bab memuatnya
1	17	Zahlen 0–20	Lernwortschatz	word	zwölf	zwölf	ADD_TO_NEW_DECK			de-id-a1-kata-identitaet-familie	NEEDS_EDITORIAL_REVIEW	acht tidak tercetak pada daftar hasil ekstraksi; dicatat karena urutan 0–20 dan materi bab memuatnya
1	17	Zahlen 0–20	Lernwortschatz	word	dreizehn	dreizehn	ADD_TO_NEW_DECK			de-id-a1-kata-identitaet-familie	NEEDS_EDITORIAL_REVIEW	acht tidak tercetak pada daftar hasil ekstraksi; dicatat karena urutan 0–20 dan materi bab memuatnya
1	17	Zahlen 0–20	Lernwortschatz	word	vierzehn	vierzehn	ADD_TO_NEW_DECK			de-id-a1-kata-identitaet-familie	NEEDS_EDITORIAL_REVIEW	acht tidak tercetak pada daftar hasil ekstraksi; dicatat karena urutan 0–20 dan materi bab memuatnya
1	17	Zahlen 0–20	Lernwortschatz	word	fünfzehn	fünfzehn	ADD_TO_NEW_DECK			de-id-a1-kata-identitaet-familie	NEEDS_EDITORIAL_REVIEW	acht tidak tercetak pada daftar hasil ekstraksi; dicatat karena urutan 0–20 dan materi bab memuatnya
1	17	Zahlen 0–20	Lernwortschatz	word	sechzehn	sechzehn	ADD_TO_NEW_DECK			de-id-a1-kata-identitaet-familie	NEEDS_EDITORIAL_REVIEW	acht tidak tercetak pada daftar hasil ekstraksi; dicatat karena urutan 0–20 dan materi bab memuatnya
1	17	Zahlen 0–20	Lernwortschatz	word	siebzehn	siebzehn	ADD_TO_NEW_DECK			de-id-a1-kata-identitaet-familie	NEEDS_EDITORIAL_REVIEW	acht tidak tercetak pada daftar hasil ekstraksi; dicatat karena urutan 0–20 dan materi bab memuatnya
1	17	Zahlen 0–20	Lernwortschatz	word	achtzehn	achtzehn	ADD_TO_NEW_DECK			de-id-a1-kata-identitaet-familie	NEEDS_EDITORIAL_REVIEW	acht tidak tercetak pada daftar hasil ekstraksi; dicatat karena urutan 0–20 dan materi bab memuatnya
1	17	Zahlen 0–20	Lernwortschatz	word	neunzehn	neunzehn	ADD_TO_NEW_DECK			de-id-a1-kata-identitaet-familie	NEEDS_EDITORIAL_REVIEW	acht tidak tercetak pada daftar hasil ekstraksi; dicatat karena urutan 0–20 dan materi bab memuatnya
1	17	Zahlen 0–20	Lernwortschatz	word	zwanzig	zwanzig	ADD_TO_NEW_DECK			de-id-a1-kata-identitaet-familie	NEEDS_EDITORIAL_REVIEW	acht tidak tercetak pada daftar hasil ekstraksi; dicatat karena urutan 0–20 dan materi bab memuatnya
1	17	Sprachen	Lernwortschatz	word	Deutsch	deutsch	ADD_TO_NEW_DECK			de-id-a1-kata-identitaet-familie		
1	17	Sprachen	Lernwortschatz	word	Englisch	englisch	ADD_TO_NEW_DECK			de-id-a1-kata-identitaet-familie		
1	17	Sprachen	Lernwortschatz	word	Indonesisch	indonesisch	ADD_TO_NEW_DECK			de-id-a1-kata-identitaet-familie		
1	17	Sprachen	Lernwortschatz	word	Arabisch	arabisch	ADD_TO_NEW_DECK			de-id-a1-kata-identitaet-familie		
1	17	Sprachen	Lernwortschatz	word	Italienisch	italienisch	ADD_TO_NEW_DECK			de-id-a1-kata-identitaet-familie		
1	17	Sprachen	Lernwortschatz	word	Chinesisch	chinesisch	ADD_TO_NEW_DECK			de-id-a1-kata-identitaet-familie		
1	17	Sprachen	Lernwortschatz	word	Türkisch	türkisch	ADD_TO_NEW_DECK			de-id-a1-kata-identitaet-familie		
1	18	Grüßen und sich vorstellen	Redemittel	sentence	Hallo!	hallo	ADD_TO_EXISTING_DECK			de-id-a1-kalimat-nyata		
1	18	Grüßen und sich vorstellen	Redemittel	sentence	Guten Tag!	gutentag	ADD_TO_EXISTING_DECK			de-id-a1-kalimat-nyata		
1	18	Grüßen und sich vorstellen	Redemittel	sentence	Guten Morgen!	gutenmorgen	ADD_TO_EXISTING_DECK			de-id-a1-kalimat-nyata		
1	18	Grüßen und sich vorstellen	Redemittel	sentence	Guten Abend!	gutenabend	ADD_TO_EXISTING_DECK			de-id-a1-kalimat-nyata		
1	18	Grüßen und sich vorstellen	Redemittel	sentence	Tschüss!	tschüss	ADD_TO_EXISTING_DECK			de-id-a1-kalimat-nyata		
1	18	Grüßen und sich vorstellen	Redemittel	sentence	Auf Wiedersehen!	aufwiedersehen	ADD_TO_EXISTING_DECK			de-id-a1-kalimat-nyata		
1	18	Grüßen und sich vorstellen	Redemittel	sentence	Gute Nacht!	gutenacht	ADD_TO_EXISTING_DECK			de-id-a1-kalimat-nyata		
1	18	Grüßen und sich vorstellen	Redemittel	sentence	Wer bist du?	werbistdu	ADD_TO_EXISTING_DECK			de-id-a1-kalimat-nyata	PATTERN_OR_PLACEHOLDER	
1	18	Grüßen und sich vorstellen	Redemittel	sentence	Ich bin …	ichbin	ADD_TO_EXISTING_DECK			de-id-a1-kalimat-nyata	REPEATED_IN_BOOK|PATTERN_OR_PLACEHOLDER	
1	18	Grüßen und sich vorstellen	Redemittel	sentence	Wie heißt du?	wieheißtdu	ADD_TO_EXISTING_DECK			de-id-a1-kalimat-nyata	PATTERN_OR_PLACEHOLDER	
1	18	Grüßen und sich vorstellen	Redemittel	sentence	Ich heiße …	ichheiße	ADD_TO_EXISTING_DECK			de-id-a1-kalimat-nyata	PATTERN_OR_PLACEHOLDER	
1	18	Herkunft und Angaben	Redemittel	sentence	Wo wohnen Sie?	wowohnensie	ADD_TO_EXISTING_DECK			de-id-a1-kalimat-nyata	PATTERN_OR_PLACEHOLDER	
1	18	Herkunft und Angaben	Redemittel	sentence	Wo wohnst du?	wowohnstdu	ADD_TO_EXISTING_DECK			de-id-a1-kalimat-nyata	PATTERN_OR_PLACEHOLDER	
1	18	Herkunft und Angaben	Redemittel	sentence	Ich wohne in …	ichwohnein	ADD_TO_EXISTING_DECK			de-id-a1-kalimat-nyata	PATTERN_OR_PLACEHOLDER	
1	18	Herkunft und Angaben	Redemittel	sentence	Woher kommen Sie?	woherkommensie	ADD_TO_EXISTING_DECK			de-id-a1-kalimat-nyata	PATTERN_OR_PLACEHOLDER	
1	18	Herkunft und Angaben	Redemittel	sentence	Woher kommst du?	woherkommstdu	ADD_TO_EXISTING_DECK			de-id-a1-kalimat-nyata	PATTERN_OR_PLACEHOLDER	
1	18	Herkunft und Angaben	Redemittel	sentence	Ich komme aus …	ichkommeaus	ADD_TO_EXISTING_DECK			de-id-a1-kalimat-nyata	PATTERN_OR_PLACEHOLDER	
1	18	Herkunft und Angaben	Redemittel	sentence	Welche Sprachen sprechen Sie?	welchesprachensprechensie	ADD_TO_EXISTING_DECK			de-id-a1-kalimat-nyata	PATTERN_OR_PLACEHOLDER	
1	18	Herkunft und Angaben	Redemittel	sentence	Welche Sprachen sprichst du?	welchesprachensprichstdu	EXACT_SOURCE_MATCH	de-id-a1-kalimat-nyata	Welche Sprachen sprichst du?	de-id-a1-kalimat-nyata	PATTERN_OR_PLACEHOLDER	
1	18	Herkunft und Angaben	Redemittel	sentence	Ich spreche …	ichspreche	ADD_TO_EXISTING_DECK			de-id-a1-kalimat-nyata	PATTERN_OR_PLACEHOLDER	
1	18	Herkunft und Angaben	Redemittel	sentence	Wie ist Ihre Telefonnummer?	wieistihretelefonnummer	ADD_TO_EXISTING_DECK			de-id-a1-kalimat-nyata	PATTERN_OR_PLACEHOLDER	
1	18	Herkunft und Angaben	Redemittel	sentence	Wie ist deine Telefonnummer?	wieistdeinetelefonnummer	ADD_TO_EXISTING_DECK			de-id-a1-kalimat-nyata	PATTERN_OR_PLACEHOLDER	
1	18	Herkunft und Angaben	Redemittel	sentence	Wie ist Ihre E-Mail-Adresse?	wieistihreemailadresse	ADD_TO_EXISTING_DECK			de-id-a1-kalimat-nyata	PATTERN_OR_PLACEHOLDER	
1	18	Herkunft und Angaben	Redemittel	sentence	Wie ist deine E-Mail-Adresse?	wieistdeineemailadresse	ADD_TO_EXISTING_DECK			de-id-a1-kalimat-nyata	PATTERN_OR_PLACEHOLDER	
1	18	Herkunft und Angaben	Redemittel	sentence	Wer ist das?	weristdas	ADD_TO_EXISTING_DECK			de-id-a1-kalimat-nyata	PATTERN_OR_PLACEHOLDER	
1	18	Herkunft und Angaben	Redemittel	sentence	Das ist …	dasist	ADD_TO_EXISTING_DECK			de-id-a1-kalimat-nyata	PATTERN_OR_PLACEHOLDER	
1	18	Befinden	Redemittel	sentence	Wie geht es Ihnen?	wiegehtesihnen	ADD_TO_EXISTING_DECK			de-id-a1-kalimat-nyata	PATTERN_OR_PLACEHOLDER	
1	18	Befinden	Redemittel	sentence	Wie geht's dir?	wiegehtsdir	ADD_TO_EXISTING_DECK			de-id-a1-kalimat-nyata	PATTERN_OR_PLACEHOLDER	
1	18	Befinden	Redemittel	sentence	Wie geht's?	wiegehts	ADD_TO_EXISTING_DECK			de-id-a1-kalimat-nyata	PATTERN_OR_PLACEHOLDER	
1	18	Befinden	Redemittel	sentence	Danke, sehr gut.	dankesehrgut	ADD_TO_EXISTING_DECK			de-id-a1-kalimat-nyata		
1	18	Befinden	Redemittel	sentence	Danke, gut.	dankegut	ADD_TO_EXISTING_DECK			de-id-a1-kalimat-nyata		
1	18	Befinden	Redemittel	sentence	Ganz gut.	ganzgut	ADD_TO_EXISTING_DECK			de-id-a1-kalimat-nyata		
1	18	Befinden	Redemittel	sentence	Und Ihnen?	undihnen	ADD_TO_EXISTING_DECK			de-id-a1-kalimat-nyata	PATTERN_OR_PLACEHOLDER	
1	18	Befinden	Redemittel	sentence	Und dir?	unddir	ADD_TO_EXISTING_DECK			de-id-a1-kalimat-nyata	PATTERN_OR_PLACEHOLDER	
2	38	Aktivitäten	Lernwortschatz	word	aufstehen	aufstehen	ADD_TO_NEW_DECK			de-id-a1-kata-rutinitas-waktu-belajar		
2	38	Aktivitäten	Lernwortschatz	word	duschen	duschen	ADD_TO_NEW_DECK			de-id-a1-kata-rutinitas-waktu-belajar		
2	38	Aktivitäten	Lernwortschatz	word	frühstücken	frühstücken	ADD_TO_NEW_DECK			de-id-a1-kata-rutinitas-waktu-belajar	REPEATED_IN_BOOK	
2	38	Aktivitäten	Lernwortschatz	word	essen	essen	EXACT_SOURCE_MATCH	de-id-a1-kata-inti	essen	de-id-a1-kata-rutinitas-waktu-belajar	REPEATED_IN_BOOK	
2	38	Aktivitäten	Lernwortschatz	word	trinken	trinken	EXACT_SOURCE_MATCH	de-id-a1-kata-inti	trinken	de-id-a1-kata-rutinitas-waktu-belajar	REPEATED_IN_BOOK	
2	38	Aktivitäten	Lernwortschatz	word	lernen	lernen	EXACT_SOURCE_MATCH	de-id-a1-kata-inti	lernen	de-id-a1-kata-rutinitas-waktu-belajar	REPEATED_IN_BOOK	
2	38	Aktivitäten	Lernwortschatz	word	lesen	lesen	EXACT_SOURCE_MATCH	de-id-a1-kata-hobi	lesen	de-id-a1-kata-rutinitas-waktu-belajar	REPEATED_IN_BOOK	
2	38	Aktivitäten	Lernwortschatz	word	schlafen	schlafen	ADD_TO_NEW_DECK			de-id-a1-kata-rutinitas-waktu-belajar		
2	38	Aktivitäten	Lernwortschatz	word	spielen	spielen	EXACT_SOURCE_MATCH	de-id-a1-kata-hobi	spielen	de-id-a1-kata-rutinitas-waktu-belajar	REPEATED_IN_BOOK	
2	38	Aktivitäten	Lernwortschatz	word	joggen	joggen	ADD_TO_NEW_DECK			de-id-a1-kata-rutinitas-waktu-belajar		
2	38	Aktivitäten	Lernwortschatz	word	telefonieren	telefonieren	ADD_TO_NEW_DECK			de-id-a1-kata-rutinitas-waktu-belajar	REPEATED_IN_BOOK	
2	38	Aktivitäten	Lernwortschatz	word	besuchen	besuchen	EXACT_SOURCE_MATCH	de-id-a1-kata-hobi	besuchen	de-id-a1-kata-rutinitas-waktu-belajar	REPEATED_IN_BOOK	
2	38	Aktivitäten	Lernwortschatz	word	einkaufen	einkaufen	ADD_TO_NEW_DECK			de-id-a1-kata-rutinitas-waktu-belajar	REPEATED_IN_BOOK	
2	38	Aktivitäten	Lernwortschatz	word	feiern	feiern	ADD_TO_NEW_DECK			de-id-a1-kata-rutinitas-waktu-belajar	REPEATED_IN_BOOK	
2	38	Aktivitäten	Lernwortschatz	word	arbeiten	arbeiten	EXACT_SOURCE_MATCH	de-id-a1-kata-inti	arbeiten	de-id-a1-kata-rutinitas-waktu-belajar	REPEATED_IN_BOOK	
2	38	Zeitangaben	Lernwortschatz	word	morgens	morgens	ADD_TO_NEW_DECK			de-id-a1-kata-rutinitas-waktu-belajar	REPEATED_IN_BOOK	
2	38	Zeitangaben	Lernwortschatz	word	abends	abends	ADD_TO_NEW_DECK			de-id-a1-kata-rutinitas-waktu-belajar	REPEATED_IN_BOOK	
2	38	Zeitangaben	Lernwortschatz	phrase	am Montag	ammontag	ADD_TO_NEW_DECK			de-id-a1-frasa-rutinitas-janji		
2	38	Zeitangaben	Lernwortschatz	phrase	am Dienstag	amdienstag	ADD_TO_NEW_DECK			de-id-a1-frasa-rutinitas-janji		
2	38	Zeitangaben	Lernwortschatz	phrase	am Wochenende	amwochenende	EXACT_SOURCE_MATCH	de-id-a1-frasa-sehari-hari	Am Wochenende.	de-id-a1-frasa-rutinitas-janji	REPEATED_IN_BOOK	
2	38	Zeitangaben	Lernwortschatz	phrase	von … bis …	vonbis	ADD_TO_NEW_DECK			de-id-a1-frasa-rutinitas-janji	REPEATED_IN_BOOK|PATTERN_OR_PLACEHOLDER	
2	38	Zeitangaben	Lernwortschatz	word	heute	heute	EXACT_SOURCE_MATCH	de-id-a1-kata-inti	heute	de-id-a1-kata-rutinitas-waktu-belajar		
2	38	Zeitangaben	Lernwortschatz	word	morgen	morgen	EXACT_SOURCE_MATCH	de-id-a1-kata-inti	morgen	de-id-a1-kata-rutinitas-waktu-belajar		
2	38	Zeitangaben	Lernwortschatz	phrase	jeden Tag	jedentag	ADD_TO_NEW_DECK			de-id-a1-frasa-rutinitas-janji	REPEATED_IN_BOOK	
2	38	Andere wichtige Wörter	Lernwortschatz	phrase	die Schule	dieschule	ADD_TO_NEW_DECK			de-id-a1-frasa-rutinitas-janji	REPEATED_IN_BOOK	
2	38	Andere wichtige Wörter	Lernwortschatz	phrase	das Buch	dasbuch	ADD_TO_NEW_DECK			de-id-a1-frasa-rutinitas-janji		
2	38	Andere wichtige Wörter	Lernwortschatz	phrase	der Freund / die Freundin	derfreunddiefreundin	ADD_TO_NEW_DECK			de-id-a1-frasa-rutinitas-janji		
2	38	Andere wichtige Wörter	Lernwortschatz	phrase	das Bett	dasbett	ADD_TO_NEW_DECK			de-id-a1-frasa-rutinitas-janji		
2	38	Andere wichtige Wörter	Lernwortschatz	phrase	das Mittagessen / das Abendessen	dasmittagessendasabendessen	ADD_TO_NEW_DECK			de-id-a1-frasa-rutinitas-janji		
2	38	Andere wichtige Wörter	Lernwortschatz	phrase	die Arbeit	diearbeit	ADD_TO_NEW_DECK			de-id-a1-frasa-rutinitas-janji		
2	38	Andere wichtige Wörter	Lernwortschatz	phrase	der Supermarkt	dersupermarkt	ADD_TO_NEW_DECK			de-id-a1-frasa-rutinitas-janji	REPEATED_IN_BOOK	
2	38	Andere wichtige Wörter	Lernwortschatz	phrase	der Kaffee	derkaffee	ADD_TO_NEW_DECK			de-id-a1-frasa-rutinitas-janji	REPEATED_IN_BOOK	
2	38	Andere wichtige Wörter	Lernwortschatz	phrase	die Zeit	diezeit	ADD_TO_NEW_DECK			de-id-a1-frasa-rutinitas-janji		
2	38	Andere wichtige Wörter	Lernwortschatz	phrase	die Musik	diemusik	ADD_TO_NEW_DECK			de-id-a1-frasa-rutinitas-janji		
2	39	Aktivitäten und Zeit	Redemittel	sentence	Ich lerne Deutsch.	ichlernedeutsch	ADD_TO_EXISTING_DECK			de-id-a1-kalimat-nyata		
2	39	Aktivitäten und Zeit	Redemittel	sentence	Ich lese ein Buch.	ichleseeinbuch	ADD_TO_EXISTING_DECK			de-id-a1-kalimat-nyata		
2	39	Aktivitäten und Zeit	Redemittel	sentence	Ich spiele Fußball.	ichspielefußball	ADD_TO_EXISTING_DECK			de-id-a1-kalimat-nyata		
2	39	Aktivitäten und Zeit	Redemittel	sentence	Ich schlafe gut.	ichschlafegut	ADD_TO_EXISTING_DECK			de-id-a1-kalimat-nyata		
2	39	Aktivitäten und Zeit	Redemittel	sentence	Am Montag lerne ich.	ammontaglerneich	ADD_TO_EXISTING_DECK			de-id-a1-kalimat-nyata		
2	39	Aktivitäten und Zeit	Redemittel	sentence	Heute lese ich.	heuteleseich	ADD_TO_EXISTING_DECK			de-id-a1-kalimat-nyata		
2	39	Aktivitäten und Zeit	Redemittel	sentence	Morgen treffe ich Freunde.	morgentreffeichfreunde	ADD_TO_EXISTING_DECK			de-id-a1-kalimat-nyata		
2	39	Aktivitäten und Zeit	Redemittel	sentence	Ich spiele am Nachmittag.	ichspieleamnachmittag	ADD_TO_EXISTING_DECK			de-id-a1-kalimat-nyata		
2	39	Aktivitäten und Zeit	Redemittel	sentence	Ich schlafe am Abend.	ichschlafeamabend	ADD_TO_EXISTING_DECK			de-id-a1-kalimat-nyata		
2	39	Termin vereinbaren	Redemittel	sentence	Gehen wir am …?	gehenwiram	ADD_TO_EXISTING_DECK			de-id-a1-kalimat-nyata	PATTERN_OR_PLACEHOLDER	
2	39	Termin vereinbaren	Redemittel	sentence	Passt das?	passtdas	ADD_TO_EXISTING_DECK			de-id-a1-kalimat-nyata	PATTERN_OR_PLACEHOLDER	
2	39	Termin vereinbaren	Redemittel	sentence	Geht das?	gehtdas	ADD_TO_EXISTING_DECK			de-id-a1-kalimat-nyata	PATTERN_OR_PLACEHOLDER	
2	39	Termin vereinbaren	Redemittel	sentence	Ja, gern!	jagern	ADD_TO_EXISTING_DECK			de-id-a1-kalimat-nyata	REPEATED_IN_BOOK	
2	39	Termin vereinbaren	Redemittel	sentence	Super!	super	ADD_TO_EXISTING_DECK			de-id-a1-kalimat-nyata		
2	39	Termin vereinbaren	Redemittel	sentence	Nein, das geht leider nicht.	neindasgehtleidernicht	ADD_TO_EXISTING_DECK			de-id-a1-kalimat-nyata		
2	39	Meinung und Reaktion	Redemittel	sentence	Das ist interessant.	dasistinteressant	ADD_TO_EXISTING_DECK			de-id-a1-kalimat-nyata		
2	39	Meinung und Reaktion	Redemittel	sentence	Das ist langweilig.	dasistlangweilig	ADD_TO_EXISTING_DECK			de-id-a1-kalimat-nyata		
2	39	Meinung und Reaktion	Redemittel	sentence	Das macht Spaß!	dasmachtspaß	ADD_TO_EXISTING_DECK			de-id-a1-kalimat-nyata		
2	39	Meinung und Reaktion	Redemittel	sentence	Ich weiß nicht.	ichweißnicht	ADD_TO_EXISTING_DECK			de-id-a1-kalimat-nyata		
2	39	Meinung und Reaktion	Redemittel	sentence	Ja.	ja	ADD_TO_EXISTING_DECK			de-id-a1-kalimat-nyata		
2	39	Meinung und Reaktion	Redemittel	sentence	Nein.	nein	ADD_TO_EXISTING_DECK			de-id-a1-kalimat-nyata		
2	39	Meinung und Reaktion	Redemittel	sentence	Doch!	doch	ADD_TO_EXISTING_DECK			de-id-a1-kalimat-nyata		
2	39	Datum	Redemittel	phrase	der erste	dererste	ADD_TO_NEW_DECK			de-id-a1-frasa-rutinitas-janji		
2	39	Datum	Redemittel	phrase	der fünfte	derfünfte	ADD_TO_NEW_DECK			de-id-a1-frasa-rutinitas-janji		
2	39	Datum	Redemittel	phrase	der zwanzigste	derzwanzigste	ADD_TO_NEW_DECK			de-id-a1-frasa-rutinitas-janji		
2	39	Datum	Redemittel	sentence	Heute ist der dritte Mai.	heuteistderdrittemai	ADD_TO_EXISTING_DECK			de-id-a1-kalimat-nyata		
2	39	Datum	Redemittel	sentence	Am dritten Mai lese ich.	amdrittenmaileseich	ADD_TO_EXISTING_DECK			de-id-a1-kalimat-nyata		
3	61	Zu Hause	Lernwortschatz	phrase	das Haus	dashaus	ADD_TO_NEW_DECK			de-id-a1-frasa-rumah-lingkungan		
3	61	Zu Hause	Lernwortschatz	phrase	die Wohnung	diewohnung	ADD_TO_NEW_DECK			de-id-a1-frasa-rumah-lingkungan		
3	61	Zu Hause	Lernwortschatz	phrase	das Zimmer	daszimmer	ADD_TO_NEW_DECK			de-id-a1-frasa-rumah-lingkungan		
3	61	Zu Hause	Lernwortschatz	phrase	das Wohnzimmer	daswohnzimmer	ADD_TO_NEW_DECK			de-id-a1-frasa-rumah-lingkungan		
3	61	Zu Hause	Lernwortschatz	phrase	das Schlafzimmer	dasschlafzimmer	ADD_TO_NEW_DECK			de-id-a1-frasa-rumah-lingkungan		
3	61	Zu Hause	Lernwortschatz	phrase	das Arbeitszimmer	dasarbeitszimmer	ADD_TO_NEW_DECK			de-id-a1-frasa-rumah-lingkungan		
3	61	Zu Hause	Lernwortschatz	phrase	die Küche	dieküche	ADD_TO_NEW_DECK			de-id-a1-frasa-rumah-lingkungan		
3	61	Zu Hause	Lernwortschatz	phrase	das Bad	dasbad	ADD_TO_NEW_DECK			de-id-a1-frasa-rumah-lingkungan		
3	61	Zu Hause	Lernwortschatz	phrase	der Flur	derflur	ADD_TO_NEW_DECK			de-id-a1-frasa-rumah-lingkungan		
3	61	Zu Hause	Lernwortschatz	phrase	der Balkon	derbalkon	ADD_TO_NEW_DECK			de-id-a1-frasa-rumah-lingkungan		
3	61	Zu Hause	Lernwortschatz	phrase	der Garten	dergarten	ADD_TO_NEW_DECK			de-id-a1-frasa-rumah-lingkungan		
3	61	Zu Hause	Lernwortschatz	phrase	das Dach	dasdach	ADD_TO_NEW_DECK			de-id-a1-frasa-rumah-lingkungan		
3	61	Zu Hause	Lernwortschatz	phrase	der Keller	derkeller	ADD_TO_NEW_DECK			de-id-a1-frasa-rumah-lingkungan		
3	61	Möbel und Geräte	Lernwortschatz	phrase	das Sofa	dassofa	ADD_TO_NEW_DECK			de-id-a1-frasa-rumah-lingkungan		
3	61	Möbel und Geräte	Lernwortschatz	phrase	der Tisch	dertisch	ADD_TO_NEW_DECK			de-id-a1-frasa-rumah-lingkungan		
3	61	Möbel und Geräte	Lernwortschatz	phrase	der Schreibtisch	derschreibtisch	ADD_TO_NEW_DECK			de-id-a1-frasa-rumah-lingkungan		
3	61	Möbel und Geräte	Lernwortschatz	phrase	der Stuhl	derstuhl	ADD_TO_NEW_DECK			de-id-a1-frasa-rumah-lingkungan		
3	61	Möbel und Geräte	Lernwortschatz	phrase	der Schrank	derschrank	ADD_TO_NEW_DECK			de-id-a1-frasa-rumah-lingkungan		
3	61	Möbel und Geräte	Lernwortschatz	phrase	das Regal	dasregal	ADD_TO_NEW_DECK			de-id-a1-frasa-rumah-lingkungan		
3	61	Möbel und Geräte	Lernwortschatz	phrase	der Nachttisch	dernachttisch	ADD_TO_NEW_DECK			de-id-a1-frasa-rumah-lingkungan		
3	61	Möbel und Geräte	Lernwortschatz	phrase	der Spiegel	derspiegel	ADD_TO_NEW_DECK			de-id-a1-frasa-rumah-lingkungan		
3	61	Möbel und Geräte	Lernwortschatz	phrase	der Herd	derherd	ADD_TO_NEW_DECK			de-id-a1-frasa-rumah-lingkungan		
3	61	Möbel und Geräte	Lernwortschatz	phrase	der Kühlschrank	derkühlschrank	ADD_TO_NEW_DECK			de-id-a1-frasa-rumah-lingkungan		
3	61	Möbel und Geräte	Lernwortschatz	phrase	die Mikrowelle	diemikrowelle	ADD_TO_NEW_DECK			de-id-a1-frasa-rumah-lingkungan		
3	61	Möbel und Geräte	Lernwortschatz	phrase	der Fernseher	derfernseher	ADD_TO_NEW_DECK			de-id-a1-frasa-rumah-lingkungan		
3	61	Möbel und Geräte	Lernwortschatz	phrase	die Lampe	dielampe	ADD_TO_NEW_DECK			de-id-a1-frasa-rumah-lingkungan		
3	61	Möbel und Geräte	Lernwortschatz	phrase	der Kamin	derkamin	ADD_TO_NEW_DECK			de-id-a1-frasa-rumah-lingkungan		
3	61	Wohnformen	Lernwortschatz	phrase	das Reihenhaus	dasreihenhaus	ADD_TO_NEW_DECK			de-id-a1-frasa-rumah-lingkungan		
3	61	Wohnformen	Lernwortschatz	phrase	das Bauernhaus	dasbauernhaus	ADD_TO_NEW_DECK			de-id-a1-frasa-rumah-lingkungan		
3	61	Wohnformen	Lernwortschatz	phrase	das Loft	dasloft	ADD_TO_NEW_DECK			de-id-a1-frasa-rumah-lingkungan		
3	61	Wohnformen	Lernwortschatz	phrase	das Hochhaus	dashochhaus	ADD_TO_NEW_DECK			de-id-a1-frasa-rumah-lingkungan		
3	61	Wohnformen	Lernwortschatz	phrase	das Mehrfamilienhaus	dasmehrfamilienhaus	ADD_TO_NEW_DECK			de-id-a1-frasa-rumah-lingkungan		
3	61	Wohnformen	Lernwortschatz	phrase	das Studentenwohnheim	dasstudentenwohnheim	ADD_TO_NEW_DECK			de-id-a1-frasa-rumah-lingkungan		
3	61	Präpositionen	Lernwortschatz	word	in	in	ADD_TO_EXISTING_DECK			de-id-a1-kata-rumah-diri		
3	61	Präpositionen	Lernwortschatz	word	auf	auf	ADD_TO_EXISTING_DECK			de-id-a1-kata-rumah-diri		
3	61	Präpositionen	Lernwortschatz	word	hinter	hinter	ADD_TO_EXISTING_DECK			de-id-a1-kata-rumah-diri		
3	61	Präpositionen	Lernwortschatz	word	durch	durch	ADD_TO_EXISTING_DECK			de-id-a1-kata-rumah-diri		
3	61	Präpositionen	Lernwortschatz	word	über	über	ADD_TO_EXISTING_DECK			de-id-a1-kata-rumah-diri		
3	61	Umgebung	Lernwortschatz	phrase	der Park	derpark	ADD_TO_NEW_DECK			de-id-a1-frasa-rumah-lingkungan		
3	61	Umgebung	Lernwortschatz	phrase	der Spielplatz	derspielplatz	ADD_TO_NEW_DECK			de-id-a1-frasa-rumah-lingkungan		
3	61	Umgebung	Lernwortschatz	phrase	die Straße	diestraße	ADD_TO_NEW_DECK			de-id-a1-frasa-rumah-lingkungan	REPEATED_IN_BOOK	
3	61	Umgebung	Lernwortschatz	phrase	die Ecke	dieecke	ADD_TO_NEW_DECK			de-id-a1-frasa-rumah-lingkungan	REPEATED_IN_BOOK	
3	61	Umgebung	Lernwortschatz	phrase	das Café	dascafé	ADD_TO_NEW_DECK			de-id-a1-frasa-rumah-lingkungan	REPEATED_IN_BOOK	
3	61	Umgebung	Lernwortschatz	phrase	der Supermarkt	dersupermarkt	ADD_TO_NEW_DECK			de-id-a1-frasa-rumah-lingkungan	REPEATED_IN_BOOK	
3	61	Umgebung	Lernwortschatz	phrase	die Bäckerei	diebäckerei	ADD_TO_NEW_DECK			de-id-a1-frasa-rumah-lingkungan	REPEATED_IN_BOOK	
3	61	Umgebung	Lernwortschatz	phrase	die Post	diepost	ADD_TO_NEW_DECK			de-id-a1-frasa-rumah-lingkungan	REPEATED_IN_BOOK	
3	61	Umgebung	Lernwortschatz	phrase	der Fluss	derfluss	ADD_TO_NEW_DECK			de-id-a1-frasa-rumah-lingkungan	REPEATED_IN_BOOK	
3	61	Umgebung	Lernwortschatz	phrase	der Markt	dermarkt	ADD_TO_NEW_DECK			de-id-a1-frasa-rumah-lingkungan		
3	61	Umgebung	Lernwortschatz	phrase	das Gebäude	dasgebäude	ADD_TO_NEW_DECK			de-id-a1-frasa-rumah-lingkungan		
3	61	Umgebung	Lernwortschatz	phrase	die Nachbarschaft	dienachbarschaft	ADD_TO_NEW_DECK			de-id-a1-frasa-rumah-lingkungan		
3	61	Umgebung	Lernwortschatz	phrase	das Viertel	dasviertel	ADD_TO_NEW_DECK			de-id-a1-frasa-rumah-lingkungan		
3	61	Sonstige Verben	Lernwortschatz	word	sehen	sehen	ADD_TO_EXISTING_DECK			de-id-a1-kata-rumah-diri	NEEDS_EDITORIAL_REVIEW	Sumber menulis hängen (Bewegung); bentuk transitif/posisi perlu diverifikasi pada tahap editorial
3	61	Sonstige Verben	Lernwortschatz	word	lesen	lesen	EXACT_SOURCE_MATCH	de-id-a1-kata-hobi	lesen	de-id-a1-kata-rumah-diri	REPEATED_IN_BOOK|NEEDS_EDITORIAL_REVIEW	Sumber menulis hängen (Bewegung); bentuk transitif/posisi perlu diverifikasi pada tahap editorial
3	61	Sonstige Verben	Lernwortschatz	word	treffen	treffen	ADD_TO_EXISTING_DECK			de-id-a1-kata-rumah-diri	REPEATED_IN_BOOK|NEEDS_EDITORIAL_REVIEW	Sumber menulis hängen (Bewegung); bentuk transitif/posisi perlu diverifikasi pada tahap editorial
3	61	Sonstige Verben	Lernwortschatz	word	finden	finden	EXACT_SOURCE_MATCH	de-id-a1-kata-inti	finden	de-id-a1-kata-rumah-diri	NEEDS_EDITORIAL_REVIEW	Sumber menulis hängen (Bewegung); bentuk transitif/posisi perlu diverifikasi pada tahap editorial
3	61	Sonstige Verben	Lernwortschatz	word	kennen	kennen	ADD_TO_EXISTING_DECK			de-id-a1-kata-rumah-diri	NEEDS_EDITORIAL_REVIEW	Sumber menulis hängen (Bewegung); bentuk transitif/posisi perlu diverifikasi pada tahap editorial
3	61	Sonstige Verben	Lernwortschatz	word	bringen	bringen	ADD_TO_EXISTING_DECK			de-id-a1-kata-rumah-diri	NEEDS_EDITORIAL_REVIEW	Sumber menulis hängen (Bewegung); bentuk transitif/posisi perlu diverifikasi pada tahap editorial
3	61	Sonstige Verben	Lernwortschatz	word	sein	sein	ADD_TO_EXISTING_DECK			de-id-a1-kata-rumah-diri	NEEDS_EDITORIAL_REVIEW	Sumber menulis hängen (Bewegung); bentuk transitif/posisi perlu diverifikasi pada tahap editorial
3	61	Sonstige Verben	Lernwortschatz	word	haben	haben	ADD_TO_EXISTING_DECK			de-id-a1-kata-rumah-diri	NEEDS_EDITORIAL_REVIEW	Sumber menulis hängen (Bewegung); bentuk transitif/posisi perlu diverifikasi pada tahap editorial
3	61	Sonstige Verben	Lernwortschatz	phrase	hängen (Bewegung)	hängenbewegung	ADD_TO_NEW_DECK			de-id-a1-frasa-rumah-lingkungan	NEEDS_EDITORIAL_REVIEW	Sumber menulis hängen (Bewegung); bentuk transitif/posisi perlu diverifikasi pada tahap editorial
4	95	Familie	Lernwortschatz	phrase	die Familie	diefamilie	ADD_TO_NEW_DECK			de-id-a1-frasa-keluarga-orang	REPEATED_IN_BOOK	
4	95	Familie	Lernwortschatz	phrase	die Eltern	dieeltern	ADD_TO_NEW_DECK			de-id-a1-frasa-keluarga-orang		
4	95	Familie	Lernwortschatz	phrase	der Vater	dervater	ADD_TO_NEW_DECK			de-id-a1-frasa-keluarga-orang	REPEATED_IN_BOOK	
4	95	Familie	Lernwortschatz	phrase	die Mutter	diemutter	ADD_TO_NEW_DECK			de-id-a1-frasa-keluarga-orang	REPEATED_IN_BOOK	
4	95	Familie	Lernwortschatz	phrase	der Sohn	dersohn	ADD_TO_NEW_DECK			de-id-a1-frasa-keluarga-orang		
4	95	Familie	Lernwortschatz	phrase	die Tochter	dietochter	ADD_TO_NEW_DECK			de-id-a1-frasa-keluarga-orang		
4	95	Familie	Lernwortschatz	phrase	der Bruder	derbruder	ADD_TO_NEW_DECK			de-id-a1-frasa-keluarga-orang		
4	95	Familie	Lernwortschatz	phrase	die Schwester	dieschwester	ADD_TO_NEW_DECK			de-id-a1-frasa-keluarga-orang	REPEATED_IN_BOOK	
4	95	Familie	Lernwortschatz	phrase	der Onkel	deronkel	ADD_TO_NEW_DECK			de-id-a1-frasa-keluarga-orang		
4	95	Familie	Lernwortschatz	phrase	die Tante	dietante	ADD_TO_NEW_DECK			de-id-a1-frasa-keluarga-orang		
4	95	Familie	Lernwortschatz	phrase	der Cousin	dercousin	ADD_TO_NEW_DECK			de-id-a1-frasa-keluarga-orang		
4	95	Familie	Lernwortschatz	phrase	die Cousine	diecousine	ADD_TO_NEW_DECK			de-id-a1-frasa-keluarga-orang		
4	95	Familie	Lernwortschatz	phrase	der Opa	deropa	ADD_TO_NEW_DECK			de-id-a1-frasa-keluarga-orang		
4	95	Familie	Lernwortschatz	phrase	die Oma	dieoma	ADD_TO_NEW_DECK			de-id-a1-frasa-keluarga-orang		
4	95	Familie	Lernwortschatz	phrase	das Baby	dasbaby	ADD_TO_NEW_DECK			de-id-a1-frasa-keluarga-orang		
4	95	Familie	Lernwortschatz	phrase	die Zwillinge	diezwillinge	ADD_TO_NEW_DECK			de-id-a1-frasa-keluarga-orang		
4	95	Familie	Lernwortschatz	phrase	das Kind	daskind	ADD_TO_NEW_DECK			de-id-a1-frasa-keluarga-orang		
4	95	Familie	Lernwortschatz	phrase	die Geschwister	diegeschwister	ADD_TO_NEW_DECK			de-id-a1-frasa-keluarga-orang		
4	95	Aktivitäten	Lernwortschatz	word	spielen	spielen	EXACT_SOURCE_MATCH	de-id-a1-kata-hobi	spielen	de-id-a1-kata-identitaet-familie	REPEATED_IN_BOOK	
4	95	Aktivitäten	Lernwortschatz	phrase	Musik hören	musikhören	ADD_TO_NEW_DECK			de-id-a1-frasa-keluarga-orang	REPEATED_IN_BOOK	
4	95	Aktivitäten	Lernwortschatz	word	tanzen	tanzen	EXACT_SOURCE_MATCH	de-id-a1-kata-hobi	tanzen	de-id-a1-kata-identitaet-familie		
4	95	Aktivitäten	Lernwortschatz	word	singen	singen	EXACT_SOURCE_MATCH	de-id-a1-kata-hobi	singen	de-id-a1-kata-identitaet-familie		
4	95	Aktivitäten	Lernwortschatz	phrase	Filme sehen	filmesehen	ADD_TO_NEW_DECK			de-id-a1-frasa-keluarga-orang		
4	95	Aktivitäten	Lernwortschatz	phrase	Fotos machen	fotosmachen	ADD_TO_NEW_DECK			de-id-a1-frasa-keluarga-orang		
4	95	Aktivitäten	Lernwortschatz	word	telefonieren	telefonieren	ADD_TO_NEW_DECK			de-id-a1-kata-identitaet-familie	REPEATED_IN_BOOK	
4	95	Aktivitäten	Lernwortschatz	phrase	spazieren gehen	spazierengehen	ADD_TO_NEW_DECK			de-id-a1-frasa-keluarga-orang		
4	95	Aktivitäten	Lernwortschatz	phrase	Picknick machen	picknickmachen	ADD_TO_NEW_DECK			de-id-a1-frasa-keluarga-orang		
4	95	Aktivitäten	Lernwortschatz	word	wandern	wandern	EXACT_SOURCE_MATCH	de-id-a1-kata-hobi	wandern	de-id-a1-kata-identitaet-familie		
4	95	Aktivitäten	Lernwortschatz	word	klettern	klettern	ADD_TO_NEW_DECK			de-id-a1-kata-identitaet-familie		
4	95	Aktivitäten	Lernwortschatz	word	feiern	feiern	ADD_TO_NEW_DECK			de-id-a1-kata-identitaet-familie	REPEATED_IN_BOOK	
4	95	Aktivitäten	Lernwortschatz	word	kochen	kochen	EXACT_SOURCE_MATCH	de-id-a1-kata-profesi	kochen	de-id-a1-kata-identitaet-familie	REPEATED_IN_BOOK	
4	95	Aktivitäten	Lernwortschatz	word	grillen	grillen	ADD_TO_NEW_DECK			de-id-a1-kata-identitaet-familie	REPEATED_IN_BOOK	
4	95	Aktivitäten	Lernwortschatz	phrase	Ski fahren	skifahren	ADD_TO_NEW_DECK			de-id-a1-frasa-keluarga-orang		
4	95	Aktivitäten	Lernwortschatz	phrase	Schlittschuh laufen	schlittschuhlaufen	ADD_TO_NEW_DECK			de-id-a1-frasa-keluarga-orang		
4	95	Aktivitäten	Lernwortschatz	phrase	Fahrrad fahren	fahrradfahren	ADD_TO_NEW_DECK			de-id-a1-frasa-keluarga-orang		
4	95	Aktivitäten	Lernwortschatz	word	helfen	helfen	EXACT_SOURCE_MATCH	de-id-a1-kata-inti	helfen	de-id-a1-kata-identitaet-familie	REPEATED_IN_BOOK	
4	95	Aktivitäten	Lernwortschatz	word	lernen	lernen	EXACT_SOURCE_MATCH	de-id-a1-kata-inti	lernen	de-id-a1-kata-identitaet-familie	REPEATED_IN_BOOK	
4	95	Aktivitäten	Lernwortschatz	word	reisen	reisen	HEADWORD_OR_VARIANT_MATCH	de-id-a1-kata-transportasi-layanan	die Reise, die Reisen	de-id-a1-kata-identitaet-familie		
4	95	Aktivitäten	Lernwortschatz	word	essen	essen	EXACT_SOURCE_MATCH	de-id-a1-kata-inti	essen	de-id-a1-kata-identitaet-familie	REPEATED_IN_BOOK	
4	95	Aktivitäten	Lernwortschatz	word	treffen	treffen	ADD_TO_NEW_DECK			de-id-a1-kata-identitaet-familie	REPEATED_IN_BOOK	
4	95	Aktivitäten	Lernwortschatz	word	reden	reden	ADD_TO_NEW_DECK			de-id-a1-kata-identitaet-familie		
4	95	Aktivitäten	Lernwortschatz	word	lächeln	lächeln	ADD_TO_NEW_DECK			de-id-a1-kata-identitaet-familie		
4	95	Aktivitäten	Lernwortschatz	word	posten	posten	ADD_TO_NEW_DECK			de-id-a1-kata-identitaet-familie		
4	95	Aktivitäten	Lernwortschatz	word	besuchen	besuchen	EXACT_SOURCE_MATCH	de-id-a1-kata-hobi	besuchen	de-id-a1-kata-identitaet-familie	REPEATED_IN_BOOK	
4	95	Freunde	Lernwortschatz	phrase	der Freund	derfreund	ADD_TO_NEW_DECK			de-id-a1-frasa-keluarga-orang	REPEATED_IN_BOOK	
4	95	Freunde	Lernwortschatz	phrase	die Freundin	diefreundin	ADD_TO_NEW_DECK			de-id-a1-frasa-keluarga-orang	REPEATED_IN_BOOK	
4	95	Freunde	Lernwortschatz	phrase	die beste Freundin	diebestefreundin	ADD_TO_NEW_DECK			de-id-a1-frasa-keluarga-orang		
4	95	Freunde	Lernwortschatz	phrase	der beste Freund	derbestefreund	ADD_TO_NEW_DECK			de-id-a1-frasa-keluarga-orang		
4	95	Freunde	Lernwortschatz	phrase	die Gruppe	diegruppe	ADD_TO_NEW_DECK			de-id-a1-frasa-keluarga-orang		
4	95	Freunde	Lernwortschatz	phrase	der Klassenkamerad	derklassenkamerad	ADD_TO_NEW_DECK			de-id-a1-frasa-keluarga-orang		
4	95	Freunde	Lernwortschatz	phrase	der Besuch	derbesuch	ADD_TO_NEW_DECK			de-id-a1-frasa-keluarga-orang		
4	95	Zeitangaben	Lernwortschatz	phrase	am Wochenende	amwochenende	EXACT_SOURCE_MATCH	de-id-a1-frasa-sehari-hari	Am Wochenende.	de-id-a1-frasa-keluarga-orang	REPEATED_IN_BOOK	
4	95	Zeitangaben	Lernwortschatz	phrase	jeden Tag	jedentag	ADD_TO_NEW_DECK			de-id-a1-frasa-keluarga-orang	REPEATED_IN_BOOK	
4	95	Zeitangaben	Lernwortschatz	word	morgens	morgens	ADD_TO_NEW_DECK			de-id-a1-kata-identitaet-familie	REPEATED_IN_BOOK	
4	95	Zeitangaben	Lernwortschatz	word	mittags	mittags	ADD_TO_NEW_DECK			de-id-a1-kata-identitaet-familie	REPEATED_IN_BOOK	
4	95	Zeitangaben	Lernwortschatz	word	abends	abends	ADD_TO_NEW_DECK			de-id-a1-kata-identitaet-familie	REPEATED_IN_BOOK	
4	95	Zeitangaben	Lernwortschatz	word	früh	früh	ADD_TO_NEW_DECK			de-id-a1-kata-identitaet-familie		
4	95	Zeitangaben	Lernwortschatz	word	spät	spät	ADD_TO_NEW_DECK			de-id-a1-kata-identitaet-familie	REPEATED_IN_BOOK	
4	95	Zeitangaben	Lernwortschatz	word	manchmal	manchmal	ADD_TO_NEW_DECK			de-id-a1-kata-identitaet-familie	REPEATED_IN_BOOK	
4	95	Zeitangaben	Lernwortschatz	word	oft	oft	ADD_TO_NEW_DECK			de-id-a1-kata-identitaet-familie	REPEATED_IN_BOOK	
4	95	Zeitangaben	Lernwortschatz	word	immer	immer	ADD_TO_NEW_DECK			de-id-a1-kata-identitaet-familie		
4	95	Trennbare Verben	Lernwortschatz	word	anfangen	anfangen	ADD_TO_NEW_DECK			de-id-a1-kata-identitaet-familie		
4	95	Trennbare Verben	Lernwortschatz	word	anrufen	anrufen	ADD_TO_NEW_DECK			de-id-a1-kata-identitaet-familie		
4	95	Trennbare Verben	Lernwortschatz	word	mitmachen	mitmachen	ADD_TO_NEW_DECK			de-id-a1-kata-identitaet-familie		
4	95	Trennbare Verben	Lernwortschatz	word	abholen	abholen	ADD_TO_NEW_DECK			de-id-a1-kata-identitaet-familie		
4	95	Trennbare Verben	Lernwortschatz	word	einladen	einladen	ADD_TO_NEW_DECK			de-id-a1-kata-identitaet-familie		
4	95	Trennbare Verben	Lernwortschatz	word	mitbringen	mitbringen	ADD_TO_NEW_DECK			de-id-a1-kata-identitaet-familie		
4	95	Trennbare Verben	Lernwortschatz	word	mitkommen	mitkommen	ADD_TO_NEW_DECK			de-id-a1-kata-identitaet-familie		
4	95	Trennbare Verben	Lernwortschatz	word	vorstellen	vorstellen	ADD_TO_NEW_DECK			de-id-a1-kata-identitaet-familie		
4	95	Trennbare Verben	Lernwortschatz	word	einsammeln	einsammeln	ADD_TO_NEW_DECK			de-id-a1-kata-identitaet-familie		
4	95	Trennbare Verben	Lernwortschatz	word	einkaufen	einkaufen	ADD_TO_NEW_DECK			de-id-a1-kata-identitaet-familie	REPEATED_IN_BOOK	
4	96	Adjektive	Lernwortschatz	word	freundlich	freundlich	ADD_TO_NEW_DECK			de-id-a1-kata-identitaet-familie	REPEATED_IN_BOOK	
4	96	Adjektive	Lernwortschatz	word	sportlich	sportlich	ADD_TO_NEW_DECK			de-id-a1-kata-identitaet-familie		
4	96	Adjektive	Lernwortschatz	word	lustig	lustig	ADD_TO_NEW_DECK			de-id-a1-kata-identitaet-familie	REPEATED_IN_BOOK	
4	96	Adjektive	Lernwortschatz	word	laut	laut	ADD_TO_NEW_DECK			de-id-a1-kata-identitaet-familie		
4	96	Adjektive	Lernwortschatz	word	leise	leise	ADD_TO_NEW_DECK			de-id-a1-kata-identitaet-familie		
4	96	Adjektive	Lernwortschatz	word	cool	cool	ADD_TO_NEW_DECK			de-id-a1-kata-identitaet-familie		
4	96	Adjektive	Lernwortschatz	word	gemütlich	gemütlich	ADD_TO_NEW_DECK			de-id-a1-kata-identitaet-familie		
4	96	Adjektive	Lernwortschatz	word	warm	warm	EXACT_SOURCE_MATCH	de-id-a1-waktu-cuaca-angka-word	warm	de-id-a1-kata-identitaet-familie	REPEATED_IN_BOOK	
4	96	Adjektive	Lernwortschatz	word	kalt	kalt	ADD_TO_NEW_DECK			de-id-a1-kata-identitaet-familie	REPEATED_IN_BOOK	
4	96	Adjektive	Lernwortschatz	word	müde	müde	EXACT_SOURCE_MATCH	de-id-a1-kata-inti	müde	de-id-a1-kata-identitaet-familie	REPEATED_IN_BOOK	
4	96	Adjektive	Lernwortschatz	word	glücklich	glücklich	ADD_TO_NEW_DECK			de-id-a1-kata-identitaet-familie		
4	96	Adjektive	Lernwortschatz	word	schlank	schlank	ADD_TO_NEW_DECK			de-id-a1-kata-identitaet-familie		
4	96	Adjektive	Lernwortschatz	word	stark	stark	ADD_TO_NEW_DECK			de-id-a1-kata-identitaet-familie		
4	96	Adjektive	Lernwortschatz	word	süß	süß	ADD_TO_NEW_DECK			de-id-a1-kata-identitaet-familie	REPEATED_IN_BOOK	
4	96	Adjektive	Lernwortschatz	word	fleißig	fleißig	ADD_TO_NEW_DECK			de-id-a1-kata-identitaet-familie		
4	96	Adjektive	Lernwortschatz	word	faul	faul	ADD_TO_NEW_DECK			de-id-a1-kata-identitaet-familie		
4	96	Adjektive	Lernwortschatz	word	entspannt	entspannt	ADD_TO_NEW_DECK			de-id-a1-kata-identitaet-familie		
4	96	Adjektive	Lernwortschatz	word	jung	jung	ADD_TO_NEW_DECK			de-id-a1-kata-identitaet-familie		
4	96	Adjektive	Lernwortschatz	word	neu	neu	EXACT_SOURCE_MATCH	de-id-a1-kata-inti	neu	de-id-a1-kata-identitaet-familie	REPEATED_IN_BOOK	
4	97	Familie beschreiben	Redemittel	sentence	In meiner Familie gibt es … Personen.	inmeinerfamiliegibtespersonen	ADD_TO_EXISTING_DECK			de-id-a1-kalimat-nyata	PATTERN_OR_PLACEHOLDER	
4	97	Familie beschreiben	Redemittel	sentence	Ich habe … Geschwister.	ichhabegeschwister	ADD_TO_EXISTING_DECK			de-id-a1-kalimat-nyata	PATTERN_OR_PLACEHOLDER	
4	97	Familie beschreiben	Redemittel	sentence	Ich habe einen Bruder.	ichhabeeinenbruder	ADD_TO_EXISTING_DECK			de-id-a1-kalimat-nyata		
4	97	Familie beschreiben	Redemittel	sentence	Ich habe eine Schwester.	ichhabeeineschwester	ADD_TO_EXISTING_DECK			de-id-a1-kalimat-nyata		
4	97	Familie beschreiben	Redemittel	phrase	Mein Vater heißt …	meinvaterheißt	ADD_TO_NEW_DECK			de-id-a1-frasa-keluarga-orang	PATTERN_OR_PLACEHOLDER	
4	97	Familie beschreiben	Redemittel	phrase	Meine Mutter heißt …	meinemutterheißt	ADD_TO_NEW_DECK			de-id-a1-frasa-keluarga-orang	PATTERN_OR_PLACEHOLDER	
4	97	Familie beschreiben	Redemittel	phrase	Mein Bruder heißt …	meinbruderheißt	ADD_TO_NEW_DECK			de-id-a1-frasa-keluarga-orang	PATTERN_OR_PLACEHOLDER	
4	97	Familie beschreiben	Redemittel	phrase	Meine Schwester heißt …	meineschwesterheißt	ADD_TO_NEW_DECK			de-id-a1-frasa-keluarga-orang	PATTERN_OR_PLACEHOLDER	
4	97	Familie beschreiben	Redemittel	sentence	Er ist freundlich.	eristfreundlich	ADD_TO_EXISTING_DECK			de-id-a1-kalimat-nyata		
4	97	Familie beschreiben	Redemittel	sentence	Sie ist nicht müde.	sieistnichtmüde	ADD_TO_EXISTING_DECK			de-id-a1-kalimat-nyata		
4	97	Familie beschreiben	Redemittel	sentence	Er spielt gern …	erspieltgern	ADD_TO_EXISTING_DECK			de-id-a1-kalimat-nyata	PATTERN_OR_PLACEHOLDER	
4	97	Familie beschreiben	Redemittel	sentence	Sie macht gern …	siemachtgern	ADD_TO_EXISTING_DECK			de-id-a1-kalimat-nyata	PATTERN_OR_PLACEHOLDER	
4	97	Familie beschreiben	Redemittel	sentence	Wir machen zusammen …	wirmachenzusammen	ADD_TO_EXISTING_DECK			de-id-a1-kalimat-nyata	PATTERN_OR_PLACEHOLDER	
5	116	Berufe und Arbeitsplatz	Lernwortschatz	phrase	der Beruf, die Berufe	derberufdieberufe	ADD_TO_EXISTING_DECK			de-id-a1-frasa-pekerjaan		
5	116	Berufe und Arbeitsplatz	Lernwortschatz	phrase	der Chef, die Chefs	derchefdiechefs	ADD_TO_EXISTING_DECK			de-id-a1-frasa-pekerjaan		
5	116	Berufe und Arbeitsplatz	Lernwortschatz	phrase	der Kunde, die Kunden	derkundediekunden	ADD_TO_EXISTING_DECK			de-id-a1-frasa-pekerjaan		
5	116	Berufe und Arbeitsplatz	Lernwortschatz	phrase	der Kollege, die Kollegen	derkollegediekollegen	ADD_TO_EXISTING_DECK			de-id-a1-frasa-pekerjaan		
5	116	Berufe und Arbeitsplatz	Lernwortschatz	phrase	die Kollegin, die Kolleginnen	diekollegindiekolleginnen	ADD_TO_EXISTING_DECK			de-id-a1-frasa-pekerjaan		
5	116	Berufe und Arbeitsplatz	Lernwortschatz	phrase	die Autowerkstatt, die Autowerkstätten	dieautowerkstattdieautowerkstätten	ADD_TO_EXISTING_DECK			de-id-a1-frasa-pekerjaan		
5	116	Berufe und Arbeitsplatz	Lernwortschatz	phrase	die Arbeit, die Arbeiten	diearbeitdiearbeiten	ADD_TO_EXISTING_DECK			de-id-a1-frasa-pekerjaan		
5	116	Berufe und Arbeitsplatz	Lernwortschatz	phrase	die Arbeitszeit, die Arbeitszeiten	diearbeitszeitdiearbeitszeiten	ADD_TO_EXISTING_DECK			de-id-a1-frasa-pekerjaan		
5	116	Berufe und Arbeitsplatz	Lernwortschatz	phrase	die Aufgabe, die Aufgaben	dieaufgabedieaufgaben	ADD_TO_EXISTING_DECK			de-id-a1-frasa-pekerjaan		
5	116	Berufe und Arbeitsplatz	Lernwortschatz	phrase	der Bericht, die Berichte	derberichtdieberichte	ADD_TO_EXISTING_DECK			de-id-a1-frasa-pekerjaan		
5	116	Berufe und Arbeitsplatz	Lernwortschatz	phrase	die Besprechung, die Besprechungen	diebesprechungdiebesprechungen	ADD_TO_EXISTING_DECK			de-id-a1-frasa-pekerjaan		
5	116	Berufe und Arbeitsplatz	Lernwortschatz	phrase	das Büro, die Büros	dasbürodiebüros	ADD_TO_EXISTING_DECK			de-id-a1-frasa-pekerjaan		
5	116	Berufe und Arbeitsplatz	Lernwortschatz	phrase	der Computer, die Computer	dercomputerdiecomputer	ADD_TO_EXISTING_DECK			de-id-a1-frasa-pekerjaan		
5	116	Berufe und Arbeitsplatz	Lernwortschatz	phrase	der Drucker, die Drucker	derdruckerdiedrucker	ADD_TO_EXISTING_DECK			de-id-a1-frasa-pekerjaan		
5	116	Berufe und Arbeitsplatz	Lernwortschatz	phrase	die E-Mail, die E-Mails	dieemaildieemails	ADD_TO_EXISTING_DECK			de-id-a1-frasa-pekerjaan		
5	116	Berufe und Arbeitsplatz	Lernwortschatz	phrase	der Termin, die Termine	dertermindietermine	ADD_TO_EXISTING_DECK			de-id-a1-frasa-pekerjaan		
5	116	Berufe und Arbeitsplatz	Lernwortschatz	phrase	die Geschäftsreise	diegeschäftsreise	ADD_TO_EXISTING_DECK			de-id-a1-frasa-pekerjaan		
5	116	Arbeitstätigkeiten	Lernwortschatz	word	arbeiten	arbeiten	EXACT_SOURCE_MATCH	de-id-a1-kata-inti	arbeiten	de-id-a1-kata-profesi	REPEATED_IN_BOOK	
5	116	Arbeitstätigkeiten	Lernwortschatz	word	drucken	drucken	ADD_TO_EXISTING_DECK			de-id-a1-kata-profesi		
5	116	Arbeitstätigkeiten	Lernwortschatz	word	erledigen	erledigen	ADD_TO_EXISTING_DECK			de-id-a1-kata-profesi		
5	116	Arbeitstätigkeiten	Lernwortschatz	word	erklären	erklären	ADD_TO_EXISTING_DECK			de-id-a1-kata-profesi		
5	116	Arbeitstätigkeiten	Lernwortschatz	word	sagen	sagen	ADD_TO_EXISTING_DECK			de-id-a1-kata-profesi		
5	116	Arbeitstätigkeiten	Lernwortschatz	word	schreiben	schreiben	ADD_TO_EXISTING_DECK			de-id-a1-kata-profesi		
5	116	Arbeitstätigkeiten	Lernwortschatz	word	starten	starten	ADD_TO_EXISTING_DECK			de-id-a1-kata-profesi		
5	116	Arbeitstätigkeiten	Lernwortschatz	word	treffen	treffen	ADD_TO_EXISTING_DECK			de-id-a1-kata-profesi	REPEATED_IN_BOOK	
5	116	Arbeitstätigkeiten	Lernwortschatz	word	vorbereiten	vorbereiten	ADD_TO_EXISTING_DECK			de-id-a1-kata-profesi		
5	116	Arbeitstätigkeiten	Lernwortschatz	word	ausschalten	ausschalten	EXACT_SOURCE_MATCH	de-id-a1-kata-rumah-diri	ausschalten	de-id-a1-kata-profesi		
5	116	Arbeitstätigkeiten	Lernwortschatz	word	gefallen	gefallen	ADD_TO_EXISTING_DECK			de-id-a1-kata-profesi		
5	116	Arbeitstätigkeiten	Lernwortschatz	word	geben	geben	ADD_TO_EXISTING_DECK			de-id-a1-kata-profesi		
5	116	Arbeitstätigkeiten	Lernwortschatz	word	können	können	ADD_TO_EXISTING_DECK			de-id-a1-kata-profesi		
5	116	Arbeitstätigkeiten	Lernwortschatz	word	müssen	müssen	ADD_TO_EXISTING_DECK			de-id-a1-kata-profesi		
5	116	Arbeitstätigkeiten	Lernwortschatz	word	sollen	sollen	ADD_TO_EXISTING_DECK			de-id-a1-kata-profesi		
5	116	Arbeitstätigkeiten	Lernwortschatz	word	anbieten	anbieten	ADD_TO_EXISTING_DECK			de-id-a1-kata-profesi		
5	116	Arbeitstätigkeiten	Lernwortschatz	word	annehmen	annehmen	ADD_TO_EXISTING_DECK			de-id-a1-kata-profesi		
5	116	Arbeitstätigkeiten	Lernwortschatz	word	ablehnen	ablehnen	ADD_TO_EXISTING_DECK			de-id-a1-kata-profesi		
5	116	Arbeitstätigkeiten	Lernwortschatz	word	danken	danken	ADD_TO_EXISTING_DECK			de-id-a1-kata-profesi		
5	116	Arbeitstätigkeiten	Lernwortschatz	word	helfen	helfen	EXACT_SOURCE_MATCH	de-id-a1-kata-inti	helfen	de-id-a1-kata-profesi	REPEATED_IN_BOOK	
5	116	Arbeitstätigkeiten	Lernwortschatz	word	zuhören	zuhören	ADD_TO_EXISTING_DECK			de-id-a1-kata-profesi		
5	116	Arbeit beschreiben	Lernwortschatz	word	anstrengend	anstrengend	ADD_TO_EXISTING_DECK			de-id-a1-kata-profesi		
5	116	Arbeit beschreiben	Lernwortschatz	word	flexibel	flexibel	ADD_TO_EXISTING_DECK			de-id-a1-kata-profesi		
5	116	Arbeit beschreiben	Lernwortschatz	word	frei	frei	EXACT_SOURCE_MATCH	de-id-a1-kata-inti	frei	de-id-a1-kata-profesi		
5	116	Arbeit beschreiben	Lernwortschatz	word	gut	gut	EXACT_SOURCE_MATCH	de-id-a1-kata-inti	gut	de-id-a1-kata-profesi	REPEATED_IN_BOOK	
5	116	Arbeit beschreiben	Lernwortschatz	word	modern	modern	ADD_TO_EXISTING_DECK			de-id-a1-kata-profesi	REPEATED_IN_BOOK	
5	116	Arbeit beschreiben	Lernwortschatz	word	müde	müde	EXACT_SOURCE_MATCH	de-id-a1-kata-inti	müde	de-id-a1-kata-profesi	REPEATED_IN_BOOK	
5	116	Arbeit beschreiben	Lernwortschatz	word	stressig	stressig	ADD_TO_EXISTING_DECK			de-id-a1-kata-profesi		
5	116	Arbeit beschreiben	Lernwortschatz	word	zufrieden	zufrieden	ADD_TO_EXISTING_DECK			de-id-a1-kata-profesi		
5	116	Arbeit beschreiben	Lernwortschatz	word	pünktlich	pünktlich	ADD_TO_EXISTING_DECK			de-id-a1-kata-profesi		
5	116	Arbeit beschreiben	Lernwortschatz	word	draußen	draußen	ADD_TO_EXISTING_DECK			de-id-a1-kata-profesi		
5	116	Arbeit beschreiben	Lernwortschatz	word	freundlich	freundlich	ADD_TO_EXISTING_DECK			de-id-a1-kata-profesi	REPEATED_IN_BOOK	
5	116	Arbeit beschreiben	Lernwortschatz	word	streng	streng	ADD_TO_EXISTING_DECK			de-id-a1-kata-profesi		
5	116	Arbeit beschreiben	Lernwortschatz	word	unfreundlich	unfreundlich	ADD_TO_EXISTING_DECK			de-id-a1-kata-profesi		
5	117	Beruf und Arbeitszeit	Redemittel	sentence	Was sind Sie von Beruf?	wassindsievonberuf	ADD_TO_EXISTING_DECK			de-id-a1-kalimat-nyata	PATTERN_OR_PLACEHOLDER	
5	117	Beruf und Arbeitszeit	Redemittel	sentence	Was bist du von Beruf?	wasbistduvonberuf	ADD_TO_EXISTING_DECK			de-id-a1-kalimat-nyata	PATTERN_OR_PLACEHOLDER	
5	117	Beruf und Arbeitszeit	Redemittel	sentence	Ich arbeite als …	icharbeiteals	ADD_TO_EXISTING_DECK			de-id-a1-kalimat-nyata	PATTERN_OR_PLACEHOLDER	
5	117	Beruf und Arbeitszeit	Redemittel	sentence	Ich bin …	ichbin	ADD_TO_EXISTING_DECK			de-id-a1-kalimat-nyata	REPEATED_IN_BOOK|PATTERN_OR_PLACEHOLDER	
5	117	Beruf und Arbeitszeit	Redemittel	sentence	Ich studiere …	ichstudiere	ADD_TO_EXISTING_DECK			de-id-a1-kalimat-nyata	PATTERN_OR_PLACEHOLDER	
5	117	Beruf und Arbeitszeit	Redemittel	sentence	Wie viele Stunden arbeitest du?	wievielestundenarbeitestdu	ADD_TO_EXISTING_DECK			de-id-a1-kalimat-nyata	PATTERN_OR_PLACEHOLDER	
5	117	Beruf und Arbeitszeit	Redemittel	sentence	Wann fängt deine Arbeit an?	wannfängtdeinearbeitan	ADD_TO_EXISTING_DECK			de-id-a1-kalimat-nyata	PATTERN_OR_PLACEHOLDER	
5	117	Beruf und Arbeitszeit	Redemittel	sentence	Wann hast du frei?	wannhastdufrei	ADD_TO_EXISTING_DECK			de-id-a1-kalimat-nyata	PATTERN_OR_PLACEHOLDER	
5	117	Beruf und Arbeitszeit	Redemittel	sentence	Wann haben Sie frei?	wannhabensiefrei	ADD_TO_EXISTING_DECK			de-id-a1-kalimat-nyata	PATTERN_OR_PLACEHOLDER	
5	117	Beruf und Arbeitszeit	Redemittel	sentence	Gefällt dir die Arbeit?	gefälltdirdiearbeit	ADD_TO_EXISTING_DECK			de-id-a1-kalimat-nyata	PATTERN_OR_PLACEHOLDER	
5	117	Beruf und Arbeitszeit	Redemittel	sentence	Ich arbeite von … bis … Uhr.	icharbeitevonbisuhr	ADD_TO_EXISTING_DECK			de-id-a1-kalimat-nyata	PATTERN_OR_PLACEHOLDER	
5	117	Beruf und Arbeitszeit	Redemittel	sentence	Ich habe eine Stunde Mittagspause.	ichhabeeinestundemittagspause	ADD_TO_EXISTING_DECK			de-id-a1-kalimat-nyata		
5	117	Beruf und Arbeitszeit	Redemittel	sentence	Meine Arbeit beginnt um … Uhr.	meinearbeitbeginntumuhr	ADD_TO_EXISTING_DECK			de-id-a1-kalimat-nyata	PATTERN_OR_PLACEHOLDER	
5	117	Hilfe und Pflichten	Redemittel	sentence	Kann ich Ihnen helfen?	kannichihnenhelfen	ADD_TO_EXISTING_DECK			de-id-a1-kalimat-nyata	REPEATED_IN_BOOK|PATTERN_OR_PLACEHOLDER	
5	117	Hilfe und Pflichten	Redemittel	sentence	Brauchen Sie Hilfe?	brauchensiehilfe	ADD_TO_EXISTING_DECK			de-id-a1-kalimat-nyata	PATTERN_OR_PLACEHOLDER	
5	117	Hilfe und Pflichten	Redemittel	sentence	Kann ich dir helfen?	kannichdirhelfen	ADD_TO_EXISTING_DECK			de-id-a1-kalimat-nyata	PATTERN_OR_PLACEHOLDER	
5	117	Hilfe und Pflichten	Redemittel	sentence	Kann ich Ihnen mit … helfen?	kannichihnenmithelfen	ADD_TO_EXISTING_DECK			de-id-a1-kalimat-nyata	PATTERN_OR_PLACEHOLDER	
5	117	Hilfe und Pflichten	Redemittel	sentence	Ja, das ist sehr nett von Ihnen.	jadasistsehrnettvonihnen	ADD_TO_EXISTING_DECK			de-id-a1-kalimat-nyata		
5	117	Hilfe und Pflichten	Redemittel	phrase	Helfen Sie mir bitte mit …	helfensiemirbittemit	ADD_TO_EXISTING_DECK			de-id-a1-frasa-pekerjaan	PATTERN_OR_PLACEHOLDER	
5	117	Hilfe und Pflichten	Redemittel	sentence	Nein, danke.	neindanke	ADD_TO_EXISTING_DECK			de-id-a1-kalimat-nyata		
5	117	Hilfe und Pflichten	Redemittel	sentence	Das ist nicht nötig.	dasistnichtnötig	ADD_TO_EXISTING_DECK			de-id-a1-kalimat-nyata		
5	117	Hilfe und Pflichten	Redemittel	sentence	Ich brauche Ihre Hilfe.	ichbraucheihrehilfe	ADD_TO_EXISTING_DECK			de-id-a1-kalimat-nyata		
5	117	Hilfe und Pflichten	Redemittel	sentence	Können Sie bitte …?	könnensiebitte	ADD_TO_EXISTING_DECK			de-id-a1-kalimat-nyata	PATTERN_OR_PLACEHOLDER	
5	117	Hilfe und Pflichten	Redemittel	sentence	Was sind deine Aufgaben?	wassinddeineaufgaben	ADD_TO_EXISTING_DECK			de-id-a1-kalimat-nyata	PATTERN_OR_PLACEHOLDER	
5	117	Hilfe und Pflichten	Redemittel	sentence	Was sind Ihre Aufgaben?	wassindihreaufgaben	ADD_TO_EXISTING_DECK			de-id-a1-kalimat-nyata	PATTERN_OR_PLACEHOLDER	
5	117	Hilfe und Pflichten	Redemittel	phrase	Meine Aufgaben sind …	meineaufgabensind	ADD_TO_EXISTING_DECK			de-id-a1-frasa-pekerjaan	PATTERN_OR_PLACEHOLDER	
5	117	Uhrzeit	Redemittel	sentence	Wie spät ist es?	wiespätistes	ADD_TO_EXISTING_DECK			de-id-a1-kalimat-nyata	PATTERN_OR_PLACEHOLDER	
5	117	Uhrzeit	Redemittel	sentence	Wie viel Uhr ist es?	wievieluhristes	ADD_TO_EXISTING_DECK			de-id-a1-kalimat-nyata	PATTERN_OR_PLACEHOLDER	
5	117	Uhrzeit	Redemittel	sentence	Es ist halb drei.	esisthalbdrei	ADD_TO_EXISTING_DECK			de-id-a1-kalimat-nyata		
5	117	Uhrzeit	Redemittel	sentence	Es ist kurz nach vier.	esistkurznachvier	ADD_TO_EXISTING_DECK			de-id-a1-kalimat-nyata		
5	117	Uhrzeit	Redemittel	sentence	Um … Uhr.	umuhr	ADD_TO_EXISTING_DECK			de-id-a1-kalimat-nyata	PATTERN_OR_PLACEHOLDER	
5	117	Uhrzeit	Redemittel	phrase	von … bis …	vonbis	ADD_TO_EXISTING_DECK			de-id-a1-frasa-pekerjaan	REPEATED_IN_BOOK|PATTERN_OR_PLACEHOLDER	
6	137	Obst	Lernwortschatz	phrase	die Banane	diebanane	ADD_TO_EXISTING_DECK			de-id-a1-frasa-restoran-belanja		
6	137	Obst	Lernwortschatz	phrase	der Apfel	derapfel	ADD_TO_EXISTING_DECK			de-id-a1-frasa-restoran-belanja		
6	137	Obst	Lernwortschatz	phrase	die Birne	diebirne	ADD_TO_EXISTING_DECK			de-id-a1-frasa-restoran-belanja		
6	137	Obst	Lernwortschatz	phrase	die Melone	diemelone	ADD_TO_EXISTING_DECK			de-id-a1-frasa-restoran-belanja		
6	137	Obst	Lernwortschatz	phrase	die Kirsche	diekirsche	ADD_TO_EXISTING_DECK			de-id-a1-frasa-restoran-belanja		
6	137	Obst	Lernwortschatz	phrase	die Orange	dieorange	ADD_TO_EXISTING_DECK			de-id-a1-frasa-restoran-belanja		
6	137	Obst	Lernwortschatz	phrase	die Mango	diemango	ADD_TO_EXISTING_DECK			de-id-a1-frasa-restoran-belanja		
6	137	Obst	Lernwortschatz	phrase	der Pfirsich	derpfirsich	ADD_TO_EXISTING_DECK			de-id-a1-frasa-restoran-belanja		
6	137	Obst	Lernwortschatz	phrase	die Traube	dietraube	ADD_TO_EXISTING_DECK			de-id-a1-frasa-restoran-belanja		
6	137	Gemüse	Lernwortschatz	phrase	die Zucchini	diezucchini	ADD_TO_EXISTING_DECK			de-id-a1-frasa-restoran-belanja		
6	137	Gemüse	Lernwortschatz	phrase	die Gurke	diegurke	ADD_TO_EXISTING_DECK			de-id-a1-frasa-restoran-belanja		
6	137	Gemüse	Lernwortschatz	phrase	die Karotte	diekarotte	ADD_TO_EXISTING_DECK			de-id-a1-frasa-restoran-belanja		
6	137	Gemüse	Lernwortschatz	phrase	die Kartoffel	diekartoffel	ADD_TO_EXISTING_DECK			de-id-a1-frasa-restoran-belanja		
6	137	Gemüse	Lernwortschatz	phrase	die Tomate	dietomate	ADD_TO_EXISTING_DECK			de-id-a1-frasa-restoran-belanja		
6	137	Gemüse	Lernwortschatz	phrase	der Mais	dermais	ADD_TO_EXISTING_DECK			de-id-a1-frasa-restoran-belanja		
6	137	Gemüse	Lernwortschatz	phrase	der Spinat	derspinat	ADD_TO_EXISTING_DECK			de-id-a1-frasa-restoran-belanja		
6	137	Gemüse	Lernwortschatz	phrase	die Paprika	diepaprika	ADD_TO_EXISTING_DECK			de-id-a1-frasa-restoran-belanja		
6	137	Gemüse	Lernwortschatz	phrase	der Brokkoli	derbrokkoli	ADD_TO_EXISTING_DECK			de-id-a1-frasa-restoran-belanja		
6	137	Andere Lebensmittel	Lernwortschatz	phrase	das Hähnchen	dashähnchen	ADD_TO_EXISTING_DECK			de-id-a1-frasa-restoran-belanja	REPEATED_IN_BOOK	
6	137	Andere Lebensmittel	Lernwortschatz	phrase	der Schinken	derschinken	ADD_TO_EXISTING_DECK			de-id-a1-frasa-restoran-belanja		
6	137	Andere Lebensmittel	Lernwortschatz	phrase	der Reis	derreis	ADD_TO_EXISTING_DECK			de-id-a1-frasa-restoran-belanja		
6	137	Andere Lebensmittel	Lernwortschatz	phrase	der Kuchen	derkuchen	ADD_TO_EXISTING_DECK			de-id-a1-frasa-restoran-belanja		
6	137	Andere Lebensmittel	Lernwortschatz	phrase	der Zucker	derzucker	ADD_TO_EXISTING_DECK			de-id-a1-frasa-restoran-belanja		
6	137	Andere Lebensmittel	Lernwortschatz	phrase	der Käse	derkäse	ADD_TO_EXISTING_DECK			de-id-a1-frasa-restoran-belanja		
6	137	Andere Lebensmittel	Lernwortschatz	phrase	das Fleisch	dasfleisch	ADD_TO_EXISTING_DECK			de-id-a1-frasa-restoran-belanja		
6	137	Andere Lebensmittel	Lernwortschatz	phrase	die Nudeln	dienudeln	ADD_TO_EXISTING_DECK			de-id-a1-frasa-restoran-belanja		
6	137	Andere Lebensmittel	Lernwortschatz	phrase	der Fisch	derfisch	ADD_TO_EXISTING_DECK			de-id-a1-frasa-restoran-belanja		
6	137	Andere Lebensmittel	Lernwortschatz	phrase	das Brot	dasbrot	ADD_TO_EXISTING_DECK			de-id-a1-frasa-restoran-belanja		
6	137	Andere Lebensmittel	Lernwortschatz	phrase	die Wurst	diewurst	ADD_TO_EXISTING_DECK			de-id-a1-frasa-restoran-belanja		
6	137	Andere Lebensmittel	Lernwortschatz	phrase	die Marmelade	diemarmelade	ADD_TO_EXISTING_DECK			de-id-a1-frasa-restoran-belanja		
6	137	Getränke	Lernwortschatz	phrase	der Tee	dertee	ADD_TO_EXISTING_DECK			de-id-a1-frasa-restoran-belanja	NEEDS_EDITORIAL_REVIEW	die Schokolade berada di kolom Getränke pada sumber; klasifikasi perlu diperiksa
6	137	Getränke	Lernwortschatz	phrase	die Milch	diemilch	ADD_TO_EXISTING_DECK			de-id-a1-frasa-restoran-belanja	NEEDS_EDITORIAL_REVIEW	die Schokolade berada di kolom Getränke pada sumber; klasifikasi perlu diperiksa
6	137	Getränke	Lernwortschatz	phrase	das Bier	dasbier	ADD_TO_EXISTING_DECK			de-id-a1-frasa-restoran-belanja	REPEATED_IN_BOOK|NEEDS_EDITORIAL_REVIEW	die Schokolade berada di kolom Getränke pada sumber; klasifikasi perlu diperiksa
6	137	Getränke	Lernwortschatz	phrase	der Kaffee	derkaffee	ADD_TO_EXISTING_DECK			de-id-a1-frasa-restoran-belanja	REPEATED_IN_BOOK|NEEDS_EDITORIAL_REVIEW	die Schokolade berada di kolom Getränke pada sumber; klasifikasi perlu diperiksa
6	137	Getränke	Lernwortschatz	phrase	der Saft	dersaft	ADD_TO_EXISTING_DECK			de-id-a1-frasa-restoran-belanja	NEEDS_EDITORIAL_REVIEW	die Schokolade berada di kolom Getränke pada sumber; klasifikasi perlu diperiksa
6	137	Getränke	Lernwortschatz	phrase	der Wein	derwein	ADD_TO_EXISTING_DECK			de-id-a1-frasa-restoran-belanja	NEEDS_EDITORIAL_REVIEW	die Schokolade berada di kolom Getränke pada sumber; klasifikasi perlu diperiksa
6	137	Getränke	Lernwortschatz	phrase	die Cola	diecola	ADD_TO_EXISTING_DECK			de-id-a1-frasa-restoran-belanja	NEEDS_EDITORIAL_REVIEW	die Schokolade berada di kolom Getränke pada sumber; klasifikasi perlu diperiksa
6	137	Getränke	Lernwortschatz	phrase	die Limonade	dielimonade	ADD_TO_EXISTING_DECK			de-id-a1-frasa-restoran-belanja	NEEDS_EDITORIAL_REVIEW	die Schokolade berada di kolom Getränke pada sumber; klasifikasi perlu diperiksa
6	137	Getränke	Lernwortschatz	phrase	die Schokolade	dieschokolade	ADD_TO_EXISTING_DECK			de-id-a1-frasa-restoran-belanja	NEEDS_EDITORIAL_REVIEW	die Schokolade berada di kolom Getränke pada sumber; klasifikasi perlu diperiksa
6	137	Getränke	Lernwortschatz	phrase	der Kakao	derkakao	ADD_TO_EXISTING_DECK			de-id-a1-frasa-restoran-belanja	NEEDS_EDITORIAL_REVIEW	die Schokolade berada di kolom Getränke pada sumber; klasifikasi perlu diperiksa
6	137	Beim Essen	Lernwortschatz	word	frühstücken	frühstücken	ADD_TO_EXISTING_DECK			de-id-a1-kata-makanan-minuman	REPEATED_IN_BOOK	
6	137	Beim Essen	Lernwortschatz	word	trinken	trinken	EXACT_SOURCE_MATCH	de-id-a1-kata-inti	trinken	de-id-a1-kata-makanan-minuman	REPEATED_IN_BOOK	
6	137	Beim Essen	Lernwortschatz	word	essen	essen	EXACT_SOURCE_MATCH	de-id-a1-kata-inti	essen	de-id-a1-kata-makanan-minuman	REPEATED_IN_BOOK	
6	137	Beim Essen	Lernwortschatz	word	kochen	kochen	EXACT_SOURCE_MATCH	de-id-a1-kata-profesi	kochen	de-id-a1-kata-makanan-minuman	REPEATED_IN_BOOK	
6	137	Beim Essen	Lernwortschatz	phrase	das Frühstück	dasfrühstück	ADD_TO_EXISTING_DECK			de-id-a1-frasa-restoran-belanja		
6	137	Beim Essen	Lernwortschatz	phrase	das Mittagessen	dasmittagessen	ADD_TO_EXISTING_DECK			de-id-a1-frasa-restoran-belanja		
6	137	Beim Essen	Lernwortschatz	phrase	das Abendessen	dasabendessen	ADD_TO_EXISTING_DECK			de-id-a1-frasa-restoran-belanja		
6	137	Beim Essen	Lernwortschatz	word	cremig	cremig	ADD_TO_EXISTING_DECK			de-id-a1-kata-makanan-minuman		
6	137	Beim Essen	Lernwortschatz	word	süß	süß	ADD_TO_EXISTING_DECK			de-id-a1-kata-makanan-minuman	REPEATED_IN_BOOK	
6	137	Beim Essen	Lernwortschatz	word	schmecken	schmecken	ADD_TO_EXISTING_DECK			de-id-a1-kata-makanan-minuman		
6	137	Beim Essen	Lernwortschatz	word	lecker	lecker	EXACT_SOURCE_MATCH	de-id-a1-kata-makanan-minuman	lecker	de-id-a1-kata-makanan-minuman		
6	137	Beim Essen	Lernwortschatz	word	empfehlen	empfehlen	ADD_TO_EXISTING_DECK			de-id-a1-kata-makanan-minuman	REPEATED_IN_BOOK	
6	137	Beim Essen	Lernwortschatz	phrase	die Speisekarte	diespeisekarte	ADD_TO_EXISTING_DECK			de-id-a1-frasa-restoran-belanja	REPEATED_IN_BOOK	
6	137	Beim Essen	Lernwortschatz	word	mögen	mögen	ADD_TO_EXISTING_DECK			de-id-a1-kata-makanan-minuman		
6	137-138	Beim Einkaufen	Lernwortschatz	word	möchten	möchten	ADD_TO_EXISTING_DECK			de-id-a1-kata-makanan-minuman		
6	137-138	Beim Einkaufen	Lernwortschatz	word	bezahlen	bezahlen	EXACT_SOURCE_MATCH	de-id-a1-kata-inti	bezahlen	de-id-a1-kata-makanan-minuman		
6	137-138	Beim Einkaufen	Lernwortschatz	word	nehmen	nehmen	ADD_TO_EXISTING_DECK			de-id-a1-kata-makanan-minuman		
6	137-138	Beim Einkaufen	Lernwortschatz	word	brauchen	brauchen	EXACT_SOURCE_MATCH	de-id-a1-kata-inti	brauchen	de-id-a1-kata-makanan-minuman		
6	137-138	Beim Einkaufen	Lernwortschatz	word	billig	billig	EXACT_SOURCE_MATCH	de-id-a1-kata-inti	billig	de-id-a1-kata-makanan-minuman	REPEATED_IN_BOOK	
6	137-138	Beim Einkaufen	Lernwortschatz	word	teuer	teuer	EXACT_SOURCE_MATCH	de-id-a1-kata-inti	teuer	de-id-a1-kata-makanan-minuman	REPEATED_IN_BOOK	
6	137-138	Beim Einkaufen	Lernwortschatz	word	helfen	helfen	EXACT_SOURCE_MATCH	de-id-a1-kata-inti	helfen	de-id-a1-kata-makanan-minuman	REPEATED_IN_BOOK	
6	137-138	Beim Einkaufen	Lernwortschatz	word	kosten	kosten	ADD_TO_EXISTING_DECK			de-id-a1-kata-makanan-minuman		
6	137-138	Beim Einkaufen	Lernwortschatz	phrase	das Angebot	dasangebot	ADD_TO_EXISTING_DECK			de-id-a1-frasa-restoran-belanja		
6	138	Tageszeiten	Lernwortschatz	phrase	jeden Morgen	jedenmorgen	ADD_TO_EXISTING_DECK			de-id-a1-frasa-restoran-belanja		
6	138	Tageszeiten	Lernwortschatz	word	morgens	morgens	ADD_TO_EXISTING_DECK			de-id-a1-kata-makanan-minuman	REPEATED_IN_BOOK	
6	138	Tageszeiten	Lernwortschatz	phrase	am Mittag	ammittag	ADD_TO_EXISTING_DECK			de-id-a1-frasa-restoran-belanja		
6	138	Tageszeiten	Lernwortschatz	word	mittags	mittags	ADD_TO_EXISTING_DECK			de-id-a1-kata-makanan-minuman	REPEATED_IN_BOOK	
6	138	Tageszeiten	Lernwortschatz	word	abends	abends	ADD_TO_EXISTING_DECK			de-id-a1-kata-makanan-minuman	REPEATED_IN_BOOK	
6	138	Tageszeiten	Lernwortschatz	phrase	am Abend	amabend	ADD_TO_EXISTING_DECK			de-id-a1-frasa-restoran-belanja		
6	138	Gerichte	Lernwortschatz	phrase	der Döner	derdöner	ADD_TO_EXISTING_DECK			de-id-a1-frasa-restoran-belanja		
6	138	Gerichte	Lernwortschatz	phrase	die Spaghetti	diespaghetti	ADD_TO_EXISTING_DECK			de-id-a1-frasa-restoran-belanja		
6	138	Gerichte	Lernwortschatz	phrase	der Apfelkuchen	derapfelkuchen	ADD_TO_EXISTING_DECK			de-id-a1-frasa-restoran-belanja		
6	138	Gerichte	Lernwortschatz	phrase	der Käsekuchen	derkäsekuchen	ADD_TO_EXISTING_DECK			de-id-a1-frasa-restoran-belanja		
6	138	Gerichte	Lernwortschatz	phrase	der Kartoffelsalat	derkartoffelsalat	ADD_TO_EXISTING_DECK			de-id-a1-frasa-restoran-belanja		
6	138	Gerichte	Lernwortschatz	phrase	die Apfelsaftschorle	dieapfelsaftschorle	ADD_TO_EXISTING_DECK			de-id-a1-frasa-restoran-belanja		
6	138	Gerichte	Lernwortschatz	phrase	die Currywurst	diecurrywurst	ADD_TO_EXISTING_DECK			de-id-a1-frasa-restoran-belanja	REPEATED_IN_BOOK	
6	138	Gerichte	Lernwortschatz	phrase	der Salat	dersalat	ADD_TO_EXISTING_DECK			de-id-a1-frasa-restoran-belanja		
6	138	Gerichte	Lernwortschatz	phrase	das Hähnchen	dashähnchen	ADD_TO_EXISTING_DECK			de-id-a1-frasa-restoran-belanja	REPEATED_IN_BOOK	
6	138	Gerichte	Lernwortschatz	phrase	das Schnitzel	dasschnitzel	ADD_TO_EXISTING_DECK			de-id-a1-frasa-restoran-belanja		
6	138	Gerichte	Lernwortschatz	phrase	die Tomatensuppe	dietomatensuppe	ADD_TO_EXISTING_DECK			de-id-a1-frasa-restoran-belanja		
6	138	Gerichte	Lernwortschatz	phrase	das Spiegelei	dasspiegelei	ADD_TO_EXISTING_DECK			de-id-a1-frasa-restoran-belanja		
6	138	Im Restaurant	Lernwortschatz	word	bestellen	bestellen	ADD_TO_EXISTING_DECK			de-id-a1-kata-makanan-minuman		
6	138	Im Restaurant	Lernwortschatz	phrase	die Rechnung	dierechnung	HEADWORD_OR_VARIANT_MATCH	de-id-a1-frasa-sehari-hari	Die Rechnung, bitte.	de-id-a1-frasa-restoran-belanja		
6	138	Im Restaurant	Lernwortschatz	phrase	die Empfehlung	dieempfehlung	ADD_TO_EXISTING_DECK			de-id-a1-frasa-restoran-belanja		
6	138	Im Restaurant	Lernwortschatz	word	empfehlen	empfehlen	ADD_TO_EXISTING_DECK			de-id-a1-kata-makanan-minuman	REPEATED_IN_BOOK	
6	138	Im Restaurant	Lernwortschatz	phrase	der Nachtisch	dernachtisch	ADD_TO_EXISTING_DECK			de-id-a1-frasa-restoran-belanja		
6	138	Im Restaurant	Lernwortschatz	phrase	die Speisekarte	diespeisekarte	ADD_TO_EXISTING_DECK			de-id-a1-frasa-restoran-belanja	REPEATED_IN_BOOK	
6	138	Im Restaurant	Lernwortschatz	phrase	das Restaurant	dasrestaurant	ADD_TO_EXISTING_DECK			de-id-a1-frasa-restoran-belanja	REPEATED_IN_BOOK	
6	138	Im Restaurant	Lernwortschatz	sentence	Guten Appetit!	gutenappetit	ADD_TO_EXISTING_DECK			de-id-a1-kalimat-nyata		
6	138	Im Restaurant	Lernwortschatz	phrase	der Gast	dergast	ADD_TO_EXISTING_DECK			de-id-a1-frasa-restoran-belanja		
6	138	Im Restaurant	Lernwortschatz	phrase	die Gästin	diegästin	ADD_TO_EXISTING_DECK			de-id-a1-frasa-restoran-belanja		
6	138	Andere wichtige Wörter	Lernwortschatz	word	frisch	frisch	EXACT_SOURCE_MATCH	de-id-a1-kata-makanan-minuman	frisch	de-id-a1-kata-makanan-minuman		
6	138	Andere wichtige Wörter	Lernwortschatz	phrase	in der Mensa	indermensa	ADD_TO_EXISTING_DECK			de-id-a1-frasa-restoran-belanja		
6	138	Andere wichtige Wörter	Lernwortschatz	word	zusammen	zusammen	ADD_TO_EXISTING_DECK			de-id-a1-kata-makanan-minuman		
6	138	Andere wichtige Wörter	Lernwortschatz	word	oft	oft	ADD_TO_EXISTING_DECK			de-id-a1-kata-makanan-minuman	REPEATED_IN_BOOK	
6	138	Andere wichtige Wörter	Lernwortschatz	word	manchmal	manchmal	ADD_TO_EXISTING_DECK			de-id-a1-kata-makanan-minuman	REPEATED_IN_BOOK	
6	138	Andere wichtige Wörter	Lernwortschatz	phrase	im Supermarkt	imsupermarkt	ADD_TO_EXISTING_DECK			de-id-a1-frasa-restoran-belanja		
6	138	Andere wichtige Wörter	Lernwortschatz	phrase	die Spezialität	diespezialität	ADD_TO_EXISTING_DECK			de-id-a1-frasa-restoran-belanja	REPEATED_IN_BOOK	
6	139	Vorlieben und Essen	Redemittel	sentence	Essen Sie gern …?	essensiegern	ADD_TO_EXISTING_DECK			de-id-a1-kalimat-nyata	PATTERN_OR_PLACEHOLDER	
6	139	Vorlieben und Essen	Redemittel	sentence	Trinken Sie gern …?	trinkensiegern	ADD_TO_EXISTING_DECK			de-id-a1-kalimat-nyata	PATTERN_OR_PLACEHOLDER	
6	139	Vorlieben und Essen	Redemittel	sentence	Isst du gern …?	isstdugern	ADD_TO_EXISTING_DECK			de-id-a1-kalimat-nyata	PATTERN_OR_PLACEHOLDER	
6	139	Vorlieben und Essen	Redemittel	sentence	Trinkst du gern …?	trinkstdugern	ADD_TO_EXISTING_DECK			de-id-a1-kalimat-nyata	PATTERN_OR_PLACEHOLDER	
6	139	Vorlieben und Essen	Redemittel	sentence	Was essen Sie gern?	wasessensiegern	ADD_TO_EXISTING_DECK			de-id-a1-kalimat-nyata	PATTERN_OR_PLACEHOLDER	
6	139	Vorlieben und Essen	Redemittel	sentence	Was isst du nicht gern?	wasisstdunichtgern	ADD_TO_EXISTING_DECK			de-id-a1-kalimat-nyata	PATTERN_OR_PLACEHOLDER	
6	139	Vorlieben und Essen	Redemittel	sentence	Was trinken Sie gern?	wastrinkensiegern	ADD_TO_EXISTING_DECK			de-id-a1-kalimat-nyata	PATTERN_OR_PLACEHOLDER	
6	139	Vorlieben und Essen	Redemittel	sentence	Was trinkst du nicht gern?	wastrinkstdunichtgern	ADD_TO_EXISTING_DECK			de-id-a1-kalimat-nyata	PATTERN_OR_PLACEHOLDER	
6	139	Vorlieben und Essen	Redemittel	sentence	Ja, sehr gern.	jasehrgern	ADD_TO_EXISTING_DECK			de-id-a1-kalimat-nyata		
6	139	Vorlieben und Essen	Redemittel	sentence	Nein, nicht so gern.	neinnichtsogern	ADD_TO_EXISTING_DECK			de-id-a1-kalimat-nyata	REPEATED_IN_BOOK	
6	139	Vorlieben und Essen	Redemittel	sentence	Ich esse gern …	ichessegern	ADD_TO_EXISTING_DECK			de-id-a1-kalimat-nyata	PATTERN_OR_PLACEHOLDER	
6	139	Vorlieben und Essen	Redemittel	sentence	Ich trinke nicht gern …	ichtrinkenichtgern	ADD_TO_EXISTING_DECK			de-id-a1-kalimat-nyata	PATTERN_OR_PLACEHOLDER	
6	139	Vorlieben und Essen	Redemittel	sentence	Ich mag … sehr gern.	ichmagsehrgern	ADD_TO_EXISTING_DECK			de-id-a1-kalimat-nyata	PATTERN_OR_PLACEHOLDER	
6	139	Vorlieben und Essen	Redemittel	sentence	Ich mag keinen …	ichmagkeinen	ADD_TO_EXISTING_DECK			de-id-a1-kalimat-nyata	PATTERN_OR_PLACEHOLDER	
6	139	Vorlieben und Essen	Redemittel	phrase	Zum Frühstück esse ich …	zumfrühstückesseich	ADD_TO_EXISTING_DECK			de-id-a1-frasa-restoran-belanja	PATTERN_OR_PLACEHOLDER	
6	139	Vorlieben und Essen	Redemittel	phrase	Mittags mag ich …	mittagsmagich	ADD_TO_EXISTING_DECK			de-id-a1-frasa-restoran-belanja	PATTERN_OR_PLACEHOLDER	
6	139	Vorlieben und Essen	Redemittel	sentence	Ich bin satt.	ichbinsatt	ADD_TO_EXISTING_DECK			de-id-a1-kalimat-nyata		
6	139	Restaurant und Einkauf	Redemittel	sentence	Was möchten Sie bestellen?	wasmöchtensiebestellen	ADD_TO_EXISTING_DECK			de-id-a1-kalimat-nyata	PATTERN_OR_PLACEHOLDER	
6	139	Restaurant und Einkauf	Redemittel	sentence	Was möchten Sie essen?	wasmöchtensieessen	ADD_TO_EXISTING_DECK			de-id-a1-kalimat-nyata	PATTERN_OR_PLACEHOLDER	
6	139	Restaurant und Einkauf	Redemittel	sentence	Was möchten Sie trinken?	wasmöchtensietrinken	ADD_TO_EXISTING_DECK			de-id-a1-kalimat-nyata	PATTERN_OR_PLACEHOLDER	
6	139	Restaurant und Einkauf	Redemittel	sentence	Ich hätte gern …	ichhättegern	ADD_TO_EXISTING_DECK			de-id-a1-kalimat-nyata	PATTERN_OR_PLACEHOLDER	
6	139	Restaurant und Einkauf	Redemittel	sentence	Ich möchte …	ichmöchte	ADD_TO_EXISTING_DECK			de-id-a1-kalimat-nyata	PATTERN_OR_PLACEHOLDER	
6	139	Restaurant und Einkauf	Redemittel	sentence	Können Sie mir etwas empfehlen?	könnensiemiretwasempfehlen	ADD_TO_EXISTING_DECK			de-id-a1-kalimat-nyata	PATTERN_OR_PLACEHOLDER	
6	139	Restaurant und Einkauf	Redemittel	sentence	Wir möchten bezahlen.	wirmöchtenbezahlen	ADD_TO_EXISTING_DECK			de-id-a1-kalimat-nyata		
6	139	Restaurant und Einkauf	Redemittel	sentence	Zusammen oder getrennt?	zusammenodergetrennt	ADD_TO_EXISTING_DECK			de-id-a1-kalimat-nyata	PATTERN_OR_PLACEHOLDER	
6	139	Restaurant und Einkauf	Redemittel	sentence	Was darf es sein?	wasdarfessein	ADD_TO_EXISTING_DECK			de-id-a1-kalimat-nyata	PATTERN_OR_PLACEHOLDER	
6	139	Restaurant und Einkauf	Redemittel	sentence	Sonst noch etwas?	sonstnochetwas	ADD_TO_EXISTING_DECK			de-id-a1-kalimat-nyata	PATTERN_OR_PLACEHOLDER	
6	139	Restaurant und Einkauf	Redemittel	sentence	Ist das alles?	istdasalles	ADD_TO_EXISTING_DECK			de-id-a1-kalimat-nyata	PATTERN_OR_PLACEHOLDER	
6	139	Restaurant und Einkauf	Redemittel	sentence	Das macht … Euro.	dasmachteuro	ADD_TO_EXISTING_DECK			de-id-a1-kalimat-nyata	PATTERN_OR_PLACEHOLDER	
6	139	Restaurant und Einkauf	Redemittel	sentence	Ich brauche …	ichbrauche	ADD_TO_EXISTING_DECK			de-id-a1-kalimat-nyata	PATTERN_OR_PLACEHOLDER	
6	139	Restaurant und Einkauf	Redemittel	sentence	Ich nehme …	ichnehme	ADD_TO_EXISTING_DECK			de-id-a1-kalimat-nyata	PATTERN_OR_PLACEHOLDER	
6	139	Restaurant und Einkauf	Redemittel	sentence	Haben Sie …?	habensie	ADD_TO_EXISTING_DECK			de-id-a1-kalimat-nyata	PATTERN_OR_PLACEHOLDER	
6	139	Restaurant und Einkauf	Redemittel	sentence	Wie viel kostet …?	wievielkostet	ADD_TO_EXISTING_DECK			de-id-a1-kalimat-nyata	REPEATED_IN_BOOK|PATTERN_OR_PLACEHOLDER	
6	139	Restaurant und Einkauf	Redemittel	sentence	Was kostet …?	waskostet	ADD_TO_EXISTING_DECK			de-id-a1-kalimat-nyata	PATTERN_OR_PLACEHOLDER	
7	171	Oberteile	Lernwortschatz	phrase	das T-Shirt	dastshirt	ADD_TO_NEW_DECK			de-id-a1-frasa-pakaian-belanja	NEEDS_EDITORIAL_REVIEW	Sumber mencantumkan der Rock juga pada Oberteile; klasifikasi perlu diperiksa
7	171	Oberteile	Lernwortschatz	phrase	das Hemd	dashemd	ADD_TO_NEW_DECK			de-id-a1-frasa-pakaian-belanja	NEEDS_EDITORIAL_REVIEW	Sumber mencantumkan der Rock juga pada Oberteile; klasifikasi perlu diperiksa
7	171	Oberteile	Lernwortschatz	phrase	die Bluse	diebluse	ADD_TO_NEW_DECK			de-id-a1-frasa-pakaian-belanja	NEEDS_EDITORIAL_REVIEW	Sumber mencantumkan der Rock juga pada Oberteile; klasifikasi perlu diperiksa
7	171	Oberteile	Lernwortschatz	phrase	der Blazer	derblazer	ADD_TO_NEW_DECK			de-id-a1-frasa-pakaian-belanja	NEEDS_EDITORIAL_REVIEW	Sumber mencantumkan der Rock juga pada Oberteile; klasifikasi perlu diperiksa
7	171	Oberteile	Lernwortschatz	phrase	der Cardigan	dercardigan	ADD_TO_NEW_DECK			de-id-a1-frasa-pakaian-belanja	NEEDS_EDITORIAL_REVIEW	Sumber mencantumkan der Rock juga pada Oberteile; klasifikasi perlu diperiksa
7	171	Oberteile	Lernwortschatz	phrase	der Pullover / der Pulli	derpulloverderpulli	ADD_TO_NEW_DECK			de-id-a1-frasa-pakaian-belanja	NEEDS_EDITORIAL_REVIEW	Sumber mencantumkan der Rock juga pada Oberteile; klasifikasi perlu diperiksa
7	171	Oberteile	Lernwortschatz	phrase	der Hoodie	derhoodie	ADD_TO_NEW_DECK			de-id-a1-frasa-pakaian-belanja	NEEDS_EDITORIAL_REVIEW	Sumber mencantumkan der Rock juga pada Oberteile; klasifikasi perlu diperiksa
7	171	Oberteile	Lernwortschatz	phrase	das Sweatshirt	dassweatshirt	ADD_TO_NEW_DECK			de-id-a1-frasa-pakaian-belanja	NEEDS_EDITORIAL_REVIEW	Sumber mencantumkan der Rock juga pada Oberteile; klasifikasi perlu diperiksa
7	171	Oberteile	Lernwortschatz	phrase	die Jacke	diejacke	ADD_TO_NEW_DECK			de-id-a1-frasa-pakaian-belanja	NEEDS_EDITORIAL_REVIEW	Sumber mencantumkan der Rock juga pada Oberteile; klasifikasi perlu diperiksa
7	171	Oberteile	Lernwortschatz	phrase	der Mantel	dermantel	ADD_TO_NEW_DECK			de-id-a1-frasa-pakaian-belanja	NEEDS_EDITORIAL_REVIEW	Sumber mencantumkan der Rock juga pada Oberteile; klasifikasi perlu diperiksa
7	171	Oberteile	Lernwortschatz	phrase	das Kleid	daskleid	ADD_TO_NEW_DECK			de-id-a1-frasa-pakaian-belanja	NEEDS_EDITORIAL_REVIEW	Sumber mencantumkan der Rock juga pada Oberteile; klasifikasi perlu diperiksa
7	171	Oberteile	Lernwortschatz	phrase	das Wildlederkleid	daswildlederkleid	ADD_TO_NEW_DECK			de-id-a1-frasa-pakaian-belanja	NEEDS_EDITORIAL_REVIEW	Sumber mencantumkan der Rock juga pada Oberteile; klasifikasi perlu diperiksa
7	171	Oberteile	Lernwortschatz	phrase	der Rock	derrock	ADD_TO_NEW_DECK			de-id-a1-frasa-pakaian-belanja	REPEATED_IN_BOOK|NEEDS_EDITORIAL_REVIEW	Sumber mencantumkan der Rock juga pada Oberteile; klasifikasi perlu diperiksa
7	171	Oberteile	Lernwortschatz	phrase	das Dirndl	dasdirndl	ADD_TO_NEW_DECK			de-id-a1-frasa-pakaian-belanja	NEEDS_EDITORIAL_REVIEW	Sumber mencantumkan der Rock juga pada Oberteile; klasifikasi perlu diperiksa
7	171	Oberteile	Lernwortschatz	phrase	das Top	dastop	ADD_TO_NEW_DECK			de-id-a1-frasa-pakaian-belanja	NEEDS_EDITORIAL_REVIEW	Sumber mencantumkan der Rock juga pada Oberteile; klasifikasi perlu diperiksa
7	171	Oberteile	Lernwortschatz	phrase	die Weste	dieweste	ADD_TO_NEW_DECK			de-id-a1-frasa-pakaian-belanja	NEEDS_EDITORIAL_REVIEW	Sumber mencantumkan der Rock juga pada Oberteile; klasifikasi perlu diperiksa
7	171	Oberteile	Lernwortschatz	phrase	das Langarmshirt	daslangarmshirt	ADD_TO_NEW_DECK			de-id-a1-frasa-pakaian-belanja	NEEDS_EDITORIAL_REVIEW	Sumber mencantumkan der Rock juga pada Oberteile; klasifikasi perlu diperiksa
7	171	Oberteile	Lernwortschatz	phrase	das Poloshirt	daspoloshirt	ADD_TO_NEW_DECK			de-id-a1-frasa-pakaian-belanja	NEEDS_EDITORIAL_REVIEW	Sumber mencantumkan der Rock juga pada Oberteile; klasifikasi perlu diperiksa
7	171	Oberteile	Lernwortschatz	phrase	die Strickjacke	diestrickjacke	ADD_TO_NEW_DECK			de-id-a1-frasa-pakaian-belanja	NEEDS_EDITORIAL_REVIEW	Sumber mencantumkan der Rock juga pada Oberteile; klasifikasi perlu diperiksa
7	171	Unterteile	Lernwortschatz	phrase	die Hose	diehose	ADD_TO_NEW_DECK			de-id-a1-frasa-pakaian-belanja		
7	171	Unterteile	Lernwortschatz	phrase	die Jeans	diejeans	ADD_TO_NEW_DECK			de-id-a1-frasa-pakaian-belanja		
7	171	Unterteile	Lernwortschatz	phrase	der Rock	derrock	ADD_TO_NEW_DECK			de-id-a1-frasa-pakaian-belanja	REPEATED_IN_BOOK	
7	171	Unterteile	Lernwortschatz	phrase	die kurze Hose	diekurzehose	ADD_TO_NEW_DECK			de-id-a1-frasa-pakaian-belanja		
7	171	Unterteile	Lernwortschatz	phrase	die Jogginghose	diejogginghose	ADD_TO_NEW_DECK			de-id-a1-frasa-pakaian-belanja		
7	171	Unterteile	Lernwortschatz	phrase	die Leggings	dieleggings	ADD_TO_NEW_DECK			de-id-a1-frasa-pakaian-belanja		
7	171	Unterteile	Lernwortschatz	phrase	die Stoffhose	diestoffhose	ADD_TO_NEW_DECK			de-id-a1-frasa-pakaian-belanja		
7	171	Unterteile	Lernwortschatz	phrase	die Cargohose	diecargohose	ADD_TO_NEW_DECK			de-id-a1-frasa-pakaian-belanja		
7	171	Unterteile	Lernwortschatz	phrase	die Caprihose	diecaprihose	ADD_TO_NEW_DECK			de-id-a1-frasa-pakaian-belanja		
7	171	Unterteile	Lernwortschatz	phrase	die Strumpfhose	diestrumpfhose	ADD_TO_NEW_DECK			de-id-a1-frasa-pakaian-belanja		
7	171	Unterteile	Lernwortschatz	phrase	die Lederhose	dielederhose	ADD_TO_NEW_DECK			de-id-a1-frasa-pakaian-belanja		
7	171	Accessoires und Schuhe	Lernwortschatz	phrase	das Kopftuch	daskopftuch	ADD_TO_NEW_DECK			de-id-a1-frasa-pakaian-belanja	NEEDS_EDITORIAL_REVIEW	Sumber mencetak das Stecknadel; bentuk die Stecknadel dicatat sebagai koreksi ekstraksi yang perlu diverifikasi
7	171	Accessoires und Schuhe	Lernwortschatz	phrase	die Stecknadel	diestecknadel	ADD_TO_NEW_DECK			de-id-a1-frasa-pakaian-belanja	NEEDS_EDITORIAL_REVIEW	Sumber mencetak das Stecknadel; bentuk die Stecknadel dicatat sebagai koreksi ekstraksi yang perlu diverifikasi
7	171	Accessoires und Schuhe	Lernwortschatz	phrase	die Brosche	diebrosche	ADD_TO_NEW_DECK			de-id-a1-frasa-pakaian-belanja	NEEDS_EDITORIAL_REVIEW	Sumber mencetak das Stecknadel; bentuk die Stecknadel dicatat sebagai koreksi ekstraksi yang perlu diverifikasi
7	171	Accessoires und Schuhe	Lernwortschatz	phrase	die Mütze	diemütze	ADD_TO_NEW_DECK			de-id-a1-frasa-pakaian-belanja	NEEDS_EDITORIAL_REVIEW	Sumber mencetak das Stecknadel; bentuk die Stecknadel dicatat sebagai koreksi ekstraksi yang perlu diverifikasi
7	171	Accessoires und Schuhe	Lernwortschatz	phrase	der Gürtel	dergürtel	ADD_TO_NEW_DECK			de-id-a1-frasa-pakaian-belanja	NEEDS_EDITORIAL_REVIEW	Sumber mencetak das Stecknadel; bentuk die Stecknadel dicatat sebagai koreksi ekstraksi yang perlu diverifikasi
7	171	Accessoires und Schuhe	Lernwortschatz	phrase	der Hut	derhut	ADD_TO_NEW_DECK			de-id-a1-frasa-pakaian-belanja	NEEDS_EDITORIAL_REVIEW	Sumber mencetak das Stecknadel; bentuk die Stecknadel dicatat sebagai koreksi ekstraksi yang perlu diverifikasi
7	171	Accessoires und Schuhe	Lernwortschatz	phrase	der Schal	derschal	ADD_TO_NEW_DECK			de-id-a1-frasa-pakaian-belanja	NEEDS_EDITORIAL_REVIEW	Sumber mencetak das Stecknadel; bentuk die Stecknadel dicatat sebagai koreksi ekstraksi yang perlu diverifikasi
7	171	Accessoires und Schuhe	Lernwortschatz	phrase	die Handschuhe	diehandschuhe	ADD_TO_NEW_DECK			de-id-a1-frasa-pakaian-belanja	NEEDS_EDITORIAL_REVIEW	Sumber mencetak das Stecknadel; bentuk die Stecknadel dicatat sebagai koreksi ekstraksi yang perlu diverifikasi
7	171	Accessoires und Schuhe	Lernwortschatz	phrase	die Krawatte	diekrawatte	ADD_TO_NEW_DECK			de-id-a1-frasa-pakaian-belanja	NEEDS_EDITORIAL_REVIEW	Sumber mencetak das Stecknadel; bentuk die Stecknadel dicatat sebagai koreksi ekstraksi yang perlu diverifikasi
7	171	Accessoires und Schuhe	Lernwortschatz	phrase	die Brille	diebrille	ADD_TO_NEW_DECK			de-id-a1-frasa-pakaian-belanja	NEEDS_EDITORIAL_REVIEW	Sumber mencetak das Stecknadel; bentuk die Stecknadel dicatat sebagai koreksi ekstraksi yang perlu diverifikasi
7	171	Accessoires und Schuhe	Lernwortschatz	phrase	die Sonnenbrille	diesonnenbrille	ADD_TO_NEW_DECK			de-id-a1-frasa-pakaian-belanja	REPEATED_IN_BOOK|NEEDS_EDITORIAL_REVIEW	Sumber mencetak das Stecknadel; bentuk die Stecknadel dicatat sebagai koreksi ekstraksi yang perlu diverifikasi
7	171	Accessoires und Schuhe	Lernwortschatz	phrase	die Armbanduhr	diearmbanduhr	ADD_TO_NEW_DECK			de-id-a1-frasa-pakaian-belanja	NEEDS_EDITORIAL_REVIEW	Sumber mencetak das Stecknadel; bentuk die Stecknadel dicatat sebagai koreksi ekstraksi yang perlu diverifikasi
7	171	Accessoires und Schuhe	Lernwortschatz	phrase	der Schmuck	derschmuck	ADD_TO_NEW_DECK			de-id-a1-frasa-pakaian-belanja	NEEDS_EDITORIAL_REVIEW	Sumber mencetak das Stecknadel; bentuk die Stecknadel dicatat sebagai koreksi ekstraksi yang perlu diverifikasi
7	171	Accessoires und Schuhe	Lernwortschatz	phrase	die Kette	diekette	ADD_TO_NEW_DECK			de-id-a1-frasa-pakaian-belanja	NEEDS_EDITORIAL_REVIEW	Sumber mencetak das Stecknadel; bentuk die Stecknadel dicatat sebagai koreksi ekstraksi yang perlu diverifikasi
7	171	Accessoires und Schuhe	Lernwortschatz	phrase	der Ring	derring	ADD_TO_NEW_DECK			de-id-a1-frasa-pakaian-belanja	NEEDS_EDITORIAL_REVIEW	Sumber mencetak das Stecknadel; bentuk die Stecknadel dicatat sebagai koreksi ekstraksi yang perlu diverifikasi
7	171	Accessoires und Schuhe	Lernwortschatz	phrase	das Armband	dasarmband	ADD_TO_NEW_DECK			de-id-a1-frasa-pakaian-belanja	NEEDS_EDITORIAL_REVIEW	Sumber mencetak das Stecknadel; bentuk die Stecknadel dicatat sebagai koreksi ekstraksi yang perlu diverifikasi
7	171	Accessoires und Schuhe	Lernwortschatz	phrase	die Ohrringe	dieohrringe	ADD_TO_NEW_DECK			de-id-a1-frasa-pakaian-belanja	NEEDS_EDITORIAL_REVIEW	Sumber mencetak das Stecknadel; bentuk die Stecknadel dicatat sebagai koreksi ekstraksi yang perlu diverifikasi
7	171	Accessoires und Schuhe	Lernwortschatz	phrase	die Schuhe	dieschuhe	ADD_TO_NEW_DECK			de-id-a1-frasa-pakaian-belanja	NEEDS_EDITORIAL_REVIEW	Sumber mencetak das Stecknadel; bentuk die Stecknadel dicatat sebagai koreksi ekstraksi yang perlu diverifikasi
7	171	Accessoires und Schuhe	Lernwortschatz	phrase	die Sandalen	diesandalen	ADD_TO_NEW_DECK			de-id-a1-frasa-pakaian-belanja	NEEDS_EDITORIAL_REVIEW	Sumber mencetak das Stecknadel; bentuk die Stecknadel dicatat sebagai koreksi ekstraksi yang perlu diverifikasi
7	171	Accessoires und Schuhe	Lernwortschatz	phrase	die Stiefel	diestiefel	ADD_TO_NEW_DECK			de-id-a1-frasa-pakaian-belanja	NEEDS_EDITORIAL_REVIEW	Sumber mencetak das Stecknadel; bentuk die Stecknadel dicatat sebagai koreksi ekstraksi yang perlu diverifikasi
7	171	Accessoires und Schuhe	Lernwortschatz	phrase	die Schnürstiefel	dieschnürstiefel	ADD_TO_NEW_DECK			de-id-a1-frasa-pakaian-belanja	NEEDS_EDITORIAL_REVIEW	Sumber mencetak das Stecknadel; bentuk die Stecknadel dicatat sebagai koreksi ekstraksi yang perlu diverifikasi
7	171	Accessoires und Schuhe	Lernwortschatz	phrase	die Stiefeletten	diestiefeletten	ADD_TO_NEW_DECK			de-id-a1-frasa-pakaian-belanja	NEEDS_EDITORIAL_REVIEW	Sumber mencetak das Stecknadel; bentuk die Stecknadel dicatat sebagai koreksi ekstraksi yang perlu diverifikasi
7	171	Accessoires und Schuhe	Lernwortschatz	phrase	die Turnschuhe	dieturnschuhe	ADD_TO_NEW_DECK			de-id-a1-frasa-pakaian-belanja	REPEATED_IN_BOOK|NEEDS_EDITORIAL_REVIEW	Sumber mencetak das Stecknadel; bentuk die Stecknadel dicatat sebagai koreksi ekstraksi yang perlu diverifikasi
7	171	Accessoires und Schuhe	Lernwortschatz	phrase	die Hausschuhe	diehausschuhe	ADD_TO_NEW_DECK			de-id-a1-frasa-pakaian-belanja	NEEDS_EDITORIAL_REVIEW	Sumber mencetak das Stecknadel; bentuk die Stecknadel dicatat sebagai koreksi ekstraksi yang perlu diverifikasi
7	171	Accessoires und Schuhe	Lernwortschatz	phrase	der Rucksack	derrucksack	ADD_TO_NEW_DECK			de-id-a1-frasa-pakaian-belanja	NEEDS_EDITORIAL_REVIEW	Sumber mencetak das Stecknadel; bentuk die Stecknadel dicatat sebagai koreksi ekstraksi yang perlu diverifikasi
7	171	Accessoires und Schuhe	Lernwortschatz	phrase	die Tasche	dietasche	ADD_TO_NEW_DECK			de-id-a1-frasa-pakaian-belanja	NEEDS_EDITORIAL_REVIEW	Sumber mencetak das Stecknadel; bentuk die Stecknadel dicatat sebagai koreksi ekstraksi yang perlu diverifikasi
7	171	Accessoires und Schuhe	Lernwortschatz	phrase	das Tuch	dastuch	ADD_TO_NEW_DECK			de-id-a1-frasa-pakaian-belanja	NEEDS_EDITORIAL_REVIEW	Sumber mencetak das Stecknadel; bentuk die Stecknadel dicatat sebagai koreksi ekstraksi yang perlu diverifikasi
7	171	Accessoires und Schuhe	Lernwortschatz	phrase	der Reißverschluss	derreißverschluss	ADD_TO_NEW_DECK			de-id-a1-frasa-pakaian-belanja	NEEDS_EDITORIAL_REVIEW	Sumber mencetak das Stecknadel; bentuk die Stecknadel dicatat sebagai koreksi ekstraksi yang perlu diverifikasi
7	171	Unterwäsche und Schlafkleidung	Lernwortschatz	phrase	die Unterhose	dieunterhose	ADD_TO_NEW_DECK			de-id-a1-frasa-pakaian-belanja		
7	171	Unterwäsche und Schlafkleidung	Lernwortschatz	phrase	die Boxershorts	dieboxershorts	ADD_TO_NEW_DECK			de-id-a1-frasa-pakaian-belanja		
7	171	Unterwäsche und Schlafkleidung	Lernwortschatz	phrase	das Unterhemd	dasunterhemd	ADD_TO_NEW_DECK			de-id-a1-frasa-pakaian-belanja		
7	171	Unterwäsche und Schlafkleidung	Lernwortschatz	phrase	der Pyjama / der Schlafanzug	derpyjamaderschlafanzug	ADD_TO_NEW_DECK			de-id-a1-frasa-pakaian-belanja		
7	171	Unterwäsche und Schlafkleidung	Lernwortschatz	phrase	der BH / der Büstenhalter	derbhderbüstenhalter	ADD_TO_NEW_DECK			de-id-a1-frasa-pakaian-belanja		
7	171	Unterwäsche und Schlafkleidung	Lernwortschatz	phrase	das Nachthemd	dasnachthemd	ADD_TO_NEW_DECK			de-id-a1-frasa-pakaian-belanja		
7	171	Unterwäsche und Schlafkleidung	Lernwortschatz	phrase	die Schlafhose	dieschlafhose	ADD_TO_NEW_DECK			de-id-a1-frasa-pakaian-belanja		
7	171	Unterwäsche und Schlafkleidung	Lernwortschatz	phrase	die Haussocken	diehaussocken	ADD_TO_NEW_DECK			de-id-a1-frasa-pakaian-belanja		
7	172	Farben	Lernwortschatz	word	rot	rot	ADD_TO_NEW_DECK			de-id-a1-kata-pakaian-warna		
7	172	Farben	Lernwortschatz	word	rosarot	rosarot	ADD_TO_NEW_DECK			de-id-a1-kata-pakaian-warna		
7	172	Farben	Lernwortschatz	word	dunkelrot	dunkelrot	ADD_TO_NEW_DECK			de-id-a1-kata-pakaian-warna		
7	172	Farben	Lernwortschatz	word	blau	blau	ADD_TO_NEW_DECK			de-id-a1-kata-pakaian-warna		
7	172	Farben	Lernwortschatz	word	hellblau	hellblau	ADD_TO_NEW_DECK			de-id-a1-kata-pakaian-warna		
7	172	Farben	Lernwortschatz	word	gelb	gelb	ADD_TO_NEW_DECK			de-id-a1-kata-pakaian-warna		
7	172	Farben	Lernwortschatz	word	grün	grün	ADD_TO_NEW_DECK			de-id-a1-kata-pakaian-warna		
7	172	Farben	Lernwortschatz	word	dunkelgrün	dunkelgrün	ADD_TO_NEW_DECK			de-id-a1-kata-pakaian-warna		
7	172	Farben	Lernwortschatz	word	orange	orange	HEADWORD_OR_VARIANT_MATCH	de-id-a1-kata-makanan-minuman	die Orange, die Orangen	de-id-a1-kata-pakaian-warna		
7	172	Farben	Lernwortschatz	word	lila	lila	ADD_TO_NEW_DECK			de-id-a1-kata-pakaian-warna		
7	172	Farben	Lernwortschatz	word	rosa	rosa	ADD_TO_NEW_DECK			de-id-a1-kata-pakaian-warna		
7	172	Farben	Lernwortschatz	word	braun	braun	ADD_TO_NEW_DECK			de-id-a1-kata-pakaian-warna		
7	172	Farben	Lernwortschatz	word	schwarz	schwarz	ADD_TO_NEW_DECK			de-id-a1-kata-pakaian-warna		
7	172	Farben	Lernwortschatz	word	weiß	weiß	ADD_TO_NEW_DECK			de-id-a1-kata-pakaian-warna		
7	172	Farben	Lernwortschatz	word	grau	grau	ADD_TO_NEW_DECK			de-id-a1-kata-pakaian-warna		
7	172	Farben	Lernwortschatz	word	hellgrau	hellgrau	ADD_TO_NEW_DECK			de-id-a1-kata-pakaian-warna		
7	172	Farben	Lernwortschatz	word	beige	beige	ADD_TO_NEW_DECK			de-id-a1-kata-pakaian-warna		
7	172	Farben	Lernwortschatz	word	bunt	bunt	ADD_TO_NEW_DECK			de-id-a1-kata-pakaian-warna	REPEATED_IN_BOOK	
7	172	Saison und Festzeiten	Lernwortschatz	phrase	der Winter	derwinter	ADD_TO_NEW_DECK			de-id-a1-frasa-pakaian-belanja		
7	172	Saison und Festzeiten	Lernwortschatz	phrase	der Herbst	derherbst	ADD_TO_NEW_DECK			de-id-a1-frasa-pakaian-belanja		
7	172	Saison und Festzeiten	Lernwortschatz	phrase	der Frühling	derfrühling	ADD_TO_NEW_DECK			de-id-a1-frasa-pakaian-belanja		
7	172	Saison und Festzeiten	Lernwortschatz	phrase	der Sommer	dersommer	ADD_TO_NEW_DECK			de-id-a1-frasa-pakaian-belanja		
7	172	Saison und Festzeiten	Lernwortschatz	phrase	die Regenzeit	dieregenzeit	ADD_TO_NEW_DECK			de-id-a1-frasa-pakaian-belanja		
7	172	Saison und Festzeiten	Lernwortschatz	phrase	die Trockenzeit	dietrockenzeit	ADD_TO_NEW_DECK			de-id-a1-frasa-pakaian-belanja		
7	172	Saison und Festzeiten	Lernwortschatz	phrase	das Oktoberfest	dasoktoberfest	ADD_TO_NEW_DECK			de-id-a1-frasa-pakaian-belanja		
7	172	Adjektive	Lernwortschatz	word	nützlich	nützlich	ADD_TO_NEW_DECK			de-id-a1-kata-pakaian-warna		
7	172	Adjektive	Lernwortschatz	word	nutzlos	nutzlos	ADD_TO_NEW_DECK			de-id-a1-kata-pakaian-warna		
7	172	Adjektive	Lernwortschatz	word	dünn	dünn	ADD_TO_NEW_DECK			de-id-a1-kata-pakaian-warna		
7	172	Adjektive	Lernwortschatz	word	dick	dick	ADD_TO_NEW_DECK			de-id-a1-kata-pakaian-warna		
7	172	Adjektive	Lernwortschatz	word	gut	gut	EXACT_SOURCE_MATCH	de-id-a1-kata-inti	gut	de-id-a1-kata-pakaian-warna	REPEATED_IN_BOOK	
7	172	Adjektive	Lernwortschatz	word	schlecht	schlecht	EXACT_SOURCE_MATCH	de-id-a1-kata-inti	schlecht	de-id-a1-kata-pakaian-warna	REPEATED_IN_BOOK	
7	172	Adjektive	Lernwortschatz	word	bequem	bequem	ADD_TO_NEW_DECK			de-id-a1-kata-pakaian-warna		
7	172	Adjektive	Lernwortschatz	word	unbequem	unbequem	ADD_TO_NEW_DECK			de-id-a1-kata-pakaian-warna		
7	172	Adjektive	Lernwortschatz	word	schön	schön	ADD_TO_NEW_DECK			de-id-a1-kata-pakaian-warna		
7	172	Adjektive	Lernwortschatz	word	hässlich	hässlich	ADD_TO_NEW_DECK			de-id-a1-kata-pakaian-warna		
7	172	Adjektive	Lernwortschatz	word	kurz	kurz	ADD_TO_NEW_DECK			de-id-a1-kata-pakaian-warna	REPEATED_IN_BOOK	
7	172	Adjektive	Lernwortschatz	word	lang	lang	ADD_TO_NEW_DECK			de-id-a1-kata-pakaian-warna		
7	172	Adjektive	Lernwortschatz	word	warm	warm	EXACT_SOURCE_MATCH	de-id-a1-waktu-cuaca-angka-word	warm	de-id-a1-kata-pakaian-warna	REPEATED_IN_BOOK	
7	172	Adjektive	Lernwortschatz	word	kalt	kalt	ADD_TO_NEW_DECK			de-id-a1-kata-pakaian-warna	REPEATED_IN_BOOK	
7	172	Adjektive	Lernwortschatz	word	traditionell	traditionell	ADD_TO_NEW_DECK			de-id-a1-kata-pakaian-warna		
7	172	Adjektive	Lernwortschatz	word	modern	modern	ADD_TO_NEW_DECK			de-id-a1-kata-pakaian-warna	REPEATED_IN_BOOK	
7	172	Adjektive	Lernwortschatz	word	speziell	speziell	ADD_TO_NEW_DECK			de-id-a1-kata-pakaian-warna		
7	172	Adjektive	Lernwortschatz	word	allgemein	allgemein	ADD_TO_NEW_DECK			de-id-a1-kata-pakaian-warna		
7	172	Adjektive	Lernwortschatz	word	neu	neu	EXACT_SOURCE_MATCH	de-id-a1-kata-inti	neu	de-id-a1-kata-pakaian-warna	REPEATED_IN_BOOK	
7	172	Adjektive	Lernwortschatz	word	alt	alt	EXACT_SOURCE_MATCH	de-id-a1-kata-inti	alt	de-id-a1-kata-pakaian-warna		
7	172	Adjektive	Lernwortschatz	word	groß	groß	EXACT_SOURCE_MATCH	de-id-a1-kata-inti	groß	de-id-a1-kata-pakaian-warna		
7	172	Adjektive	Lernwortschatz	word	klein	klein	EXACT_SOURCE_MATCH	de-id-a1-kata-inti	klein	de-id-a1-kata-pakaian-warna		
7	172	Adjektive	Lernwortschatz	word	teuer	teuer	EXACT_SOURCE_MATCH	de-id-a1-kata-inti	teuer	de-id-a1-kata-pakaian-warna	REPEATED_IN_BOOK	
7	172	Adjektive	Lernwortschatz	word	billig	billig	EXACT_SOURCE_MATCH	de-id-a1-kata-inti	billig	de-id-a1-kata-pakaian-warna	REPEATED_IN_BOOK	
7	172	Adjektive	Lernwortschatz	word	bunt	bunt	ADD_TO_NEW_DECK			de-id-a1-kata-pakaian-warna	REPEATED_IN_BOOK	
7	172	Adjektive	Lernwortschatz	word	einfarbig	einfarbig	ADD_TO_NEW_DECK			de-id-a1-kata-pakaian-warna		
7	172	Adjektive	Lernwortschatz	word	schick	schick	ADD_TO_NEW_DECK			de-id-a1-kata-pakaian-warna		
7	172	Adjektive	Lernwortschatz	word	unschick	unschick	ADD_TO_NEW_DECK			de-id-a1-kata-pakaian-warna		
7	172	Adjektive	Lernwortschatz	word	nass	nass	ADD_TO_NEW_DECK			de-id-a1-kata-pakaian-warna		
7	172	Adjektive	Lernwortschatz	word	trocken	trocken	ADD_TO_NEW_DECK			de-id-a1-kata-pakaian-warna		
7	173	Kleiderkauf	Redemittel	sentence	Kann ich Ihnen helfen?	kannichihnenhelfen	ADD_TO_EXISTING_DECK			de-id-a1-kalimat-nyata	REPEATED_IN_BOOK|PATTERN_OR_PLACEHOLDER	
7	173	Kleiderkauf	Redemittel	sentence	Ich suche ein Paar Schuhe.	ichsucheeinpaarschuhe	ADD_TO_EXISTING_DECK			de-id-a1-kalimat-nyata		
7	173	Kleiderkauf	Redemittel	sentence	Ich hätte gern einen Schal.	ichhättegerneinenschal	ADD_TO_EXISTING_DECK			de-id-a1-kalimat-nyata		
7	173	Kleiderkauf	Redemittel	sentence	Wo finde ich …?	wofindeich	ADD_TO_EXISTING_DECK			de-id-a1-kalimat-nyata	PATTERN_OR_PLACEHOLDER	
7	173	Kleiderkauf	Redemittel	sentence	Wo gibt es …?	wogibtes	ADD_TO_EXISTING_DECK			de-id-a1-kalimat-nyata	PATTERN_OR_PLACEHOLDER	
7	173	Kleiderkauf	Redemittel	sentence	Welche Größe tragen Sie?	welchegrößetragensie	ADD_TO_EXISTING_DECK			de-id-a1-kalimat-nyata	PATTERN_OR_PLACEHOLDER	
7	173	Kleiderkauf	Redemittel	sentence	Welche Farbe möchten Sie?	welchefarbemöchtensie	ADD_TO_EXISTING_DECK			de-id-a1-kalimat-nyata	PATTERN_OR_PLACEHOLDER	
7	173	Kleiderkauf	Redemittel	sentence	Haben Sie das in Größe …?	habensiedasingröße	ADD_TO_EXISTING_DECK			de-id-a1-kalimat-nyata	PATTERN_OR_PLACEHOLDER	
7	173	Kleiderkauf	Redemittel	sentence	Haben Sie das in Blau?	habensiedasinblau	ADD_TO_EXISTING_DECK			de-id-a1-kalimat-nyata	PATTERN_OR_PLACEHOLDER	
7	173	Kleiderkauf	Redemittel	sentence	Wollen Sie das anprobieren?	wollensiedasanprobieren	ADD_TO_EXISTING_DECK			de-id-a1-kalimat-nyata	PATTERN_OR_PLACEHOLDER	
7	173	Kleiderkauf	Redemittel	sentence	Kann ich das anprobieren?	kannichdasanprobieren	ADD_TO_EXISTING_DECK			de-id-a1-kalimat-nyata	PATTERN_OR_PLACEHOLDER	
7	173	Kleiderkauf	Redemittel	sentence	Wie steht mir das?	wiestehtmirdas	ADD_TO_EXISTING_DECK			de-id-a1-kalimat-nyata	PATTERN_OR_PLACEHOLDER	
7	173	Kleiderkauf	Redemittel	sentence	Das steht mir nicht.	dasstehtmirnicht	ADD_TO_EXISTING_DECK			de-id-a1-kalimat-nyata		
7	173	Kleiderkauf	Redemittel	sentence	Das passt nicht.	daspasstnicht	ADD_TO_EXISTING_DECK			de-id-a1-kalimat-nyata		
7	173	Kleiderkauf	Redemittel	sentence	Das ist mir zu klein.	dasistmirzuklein	ADD_TO_EXISTING_DECK			de-id-a1-kalimat-nyata		
7	173	Kleiderkauf	Redemittel	sentence	Das ist mir zu eng.	dasistmirzueng	ADD_TO_EXISTING_DECK			de-id-a1-kalimat-nyata		
7	173	Kleiderkauf	Redemittel	sentence	Das ist mir zu groß.	dasistmirzugroß	ADD_TO_EXISTING_DECK			de-id-a1-kalimat-nyata		
7	173	Kleiderkauf	Redemittel	sentence	Wie viel kostet …?	wievielkostet	ADD_TO_EXISTING_DECK			de-id-a1-kalimat-nyata	REPEATED_IN_BOOK|PATTERN_OR_PLACEHOLDER	
7	173	Kleiderkauf	Redemittel	sentence	Das ist zu teuer!	dasistzuteuer	ADD_TO_EXISTING_DECK			de-id-a1-kalimat-nyata		
7	173	Kleiderkauf	Redemittel	sentence	Ich nehme das Hemd.	ichnehmedashemd	ADD_TO_EXISTING_DECK			de-id-a1-kalimat-nyata		
7	173	Kleiderkauf	Redemittel	sentence	Tut mir leid, das haben wir nicht.	tutmirleiddashabenwirnicht	ADD_TO_EXISTING_DECK			de-id-a1-kalimat-nyata		
8	189	Adjektive	Lernwortschatz	word	warm	warm	EXACT_SOURCE_MATCH	de-id-a1-waktu-cuaca-angka-word	warm	de-id-a1-kata-tubuh-kesehatan	REPEATED_IN_BOOK	
8	189	Adjektive	Lernwortschatz	word	kalt	kalt	ADD_TO_NEW_DECK			de-id-a1-kata-tubuh-kesehatan	REPEATED_IN_BOOK	
8	189	Adjektive	Lernwortschatz	word	gut	gut	EXACT_SOURCE_MATCH	de-id-a1-kata-inti	gut	de-id-a1-kata-tubuh-kesehatan	REPEATED_IN_BOOK	
8	189	Adjektive	Lernwortschatz	word	schlecht	schlecht	EXACT_SOURCE_MATCH	de-id-a1-kata-inti	schlecht	de-id-a1-kata-tubuh-kesehatan	REPEATED_IN_BOOK	
8	189	Adjektive	Lernwortschatz	word	kurz	kurz	ADD_TO_NEW_DECK			de-id-a1-kata-tubuh-kesehatan	REPEATED_IN_BOOK	
8	189	Medikamente und Hausmittel	Lernwortschatz	phrase	die Salbe	diesalbe	ADD_TO_NEW_DECK			de-id-a1-frasa-dokter-apotek		
8	189	Medikamente und Hausmittel	Lernwortschatz	phrase	der Hustensaft	derhustensaft	ADD_TO_NEW_DECK			de-id-a1-frasa-dokter-apotek		
8	189	Medikamente und Hausmittel	Lernwortschatz	phrase	das Pflaster	daspflaster	ADD_TO_NEW_DECK			de-id-a1-frasa-dokter-apotek		
8	189	Medikamente und Hausmittel	Lernwortschatz	phrase	die Tropfen	dietropfen	ADD_TO_NEW_DECK			de-id-a1-frasa-dokter-apotek		
8	189	Medikamente und Hausmittel	Lernwortschatz	phrase	die Tablette	dietablette	ADD_TO_NEW_DECK			de-id-a1-frasa-dokter-apotek		
8	189	Medikamente und Hausmittel	Lernwortschatz	phrase	die Nelke	dienelke	ADD_TO_NEW_DECK			de-id-a1-frasa-dokter-apotek		
8	189	Medikamente und Hausmittel	Lernwortschatz	phrase	der Honig	derhonig	ADD_TO_NEW_DECK			de-id-a1-frasa-dokter-apotek		
8	189	Körperteile	Lernwortschatz	phrase	der Mund	dermund	ADD_TO_NEW_DECK			de-id-a1-frasa-dokter-apotek		
8	189	Körperteile	Lernwortschatz	phrase	die Nase	dienase	ADD_TO_NEW_DECK			de-id-a1-frasa-dokter-apotek		
8	189	Körperteile	Lernwortschatz	phrase	der Arm	derarm	ADD_TO_NEW_DECK			de-id-a1-frasa-dokter-apotek		
8	189	Körperteile	Lernwortschatz	phrase	der Bauch	derbauch	ADD_TO_NEW_DECK			de-id-a1-frasa-dokter-apotek		
8	189	Körperteile	Lernwortschatz	phrase	die Brust	diebrust	ADD_TO_NEW_DECK			de-id-a1-frasa-dokter-apotek		
8	189	Körperteile	Lernwortschatz	phrase	der Ellbogen	derellbogen	ADD_TO_NEW_DECK			de-id-a1-frasa-dokter-apotek		
8	189	Körperteile	Lernwortschatz	phrase	der Fuß	derfuß	ADD_TO_NEW_DECK			de-id-a1-frasa-dokter-apotek		
8	189	Körperteile	Lernwortschatz	phrase	der Hals	derhals	ADD_TO_NEW_DECK			de-id-a1-frasa-dokter-apotek		
8	189	Körperteile	Lernwortschatz	phrase	das Herz	dasherz	ADD_TO_NEW_DECK			de-id-a1-frasa-dokter-apotek		
8	189	Körperteile	Lernwortschatz	phrase	die Hand	diehand	ADD_TO_NEW_DECK			de-id-a1-frasa-dokter-apotek		
8	189	Körperteile	Lernwortschatz	phrase	der Kopf	derkopf	ADD_TO_NEW_DECK			de-id-a1-frasa-dokter-apotek		
8	189	Beim Arzt	Lernwortschatz	phrase	der Unfall	derunfall	ADD_TO_NEW_DECK			de-id-a1-frasa-dokter-apotek		
8	189	Beim Arzt	Lernwortschatz	phrase	der Husten	derhusten	ADD_TO_NEW_DECK			de-id-a1-frasa-dokter-apotek		
8	189	Beim Arzt	Lernwortschatz	phrase	der Schnupfen	derschnupfen	ADD_TO_NEW_DECK			de-id-a1-frasa-dokter-apotek		
8	189	Beim Arzt	Lernwortschatz	phrase	der Zahnarzt	derzahnarzt	ADD_TO_NEW_DECK			de-id-a1-frasa-dokter-apotek		
8	189	Beim Arzt	Lernwortschatz	phrase	der Apotheker	derapotheker	ADD_TO_NEW_DECK			de-id-a1-frasa-dokter-apotek		
8	189	Beim Arzt	Lernwortschatz	phrase	der Arzthelfer	derarzthelfer	ADD_TO_NEW_DECK			de-id-a1-frasa-dokter-apotek		
8	189	Beim Arzt	Lernwortschatz	phrase	das Krankenhaus	daskrankenhaus	ADD_TO_NEW_DECK			de-id-a1-frasa-dokter-apotek		
8	189	Beim Arzt	Lernwortschatz	phrase	der Notarzt	dernotarzt	ADD_TO_NEW_DECK			de-id-a1-frasa-dokter-apotek		
8	189	Beim Arzt	Lernwortschatz	phrase	die Apotheke	dieapotheke	ADD_TO_NEW_DECK			de-id-a1-frasa-dokter-apotek		
8	189	Beim Arzt	Lernwortschatz	phrase	das Medikament	dasmedikament	ADD_TO_NEW_DECK			de-id-a1-frasa-dokter-apotek		
8	189	Beim Arzt	Lernwortschatz	phrase	die Bauchschmerzen	diebauchschmerzen	ADD_TO_NEW_DECK			de-id-a1-frasa-dokter-apotek		
8	189	Beim Arzt	Lernwortschatz	phrase	die Rückenschmerzen	dierückenschmerzen	ADD_TO_NEW_DECK			de-id-a1-frasa-dokter-apotek		
8	189	Beim Arzt	Lernwortschatz	phrase	der Schmerz	derschmerz	ADD_TO_NEW_DECK			de-id-a1-frasa-dokter-apotek		
8	189	Beim Arzt	Lernwortschatz	phrase	die Kopfschmerzen	diekopfschmerzen	ADD_TO_NEW_DECK			de-id-a1-frasa-dokter-apotek		
8	189	Beim Arzt	Lernwortschatz	phrase	der Tipp	dertipp	ADD_TO_NEW_DECK			de-id-a1-frasa-dokter-apotek		
8	189	Beim Arzt	Lernwortschatz	phrase	die Krankenschwester	diekrankenschwester	ADD_TO_NEW_DECK			de-id-a1-frasa-dokter-apotek		
8	189	Beim Arzt	Lernwortschatz	phrase	der Physiotherapeut	derphysiotherapeut	ADD_TO_NEW_DECK			de-id-a1-frasa-dokter-apotek		
8	189	Beim Arzt	Lernwortschatz	sentence	Aua!	aua	ADD_TO_EXISTING_DECK			de-id-a1-kalimat-nyata		
8	189	Beim Arzt	Lernwortschatz	word	wehtun	wehtun	ADD_TO_NEW_DECK			de-id-a1-kata-tubuh-kesehatan		
8	189	Beim Arzt	Lernwortschatz	phrase	das Halsweh	dashalsweh	ADD_TO_NEW_DECK			de-id-a1-frasa-dokter-apotek		
8	189	Beim Arzt	Lernwortschatz	phrase	das Mittel	dasmittel	ADD_TO_NEW_DECK			de-id-a1-frasa-dokter-apotek		
8	190	Arzt und Apotheke	Redemittel	sentence	Was fehlt Ihnen?	wasfehltihnen	ADD_TO_EXISTING_DECK			de-id-a1-kalimat-nyata	PATTERN_OR_PLACEHOLDER	
8	190	Arzt und Apotheke	Redemittel	sentence	Wo haben Sie Schmerzen?	wohabensieschmerzen	ADD_TO_EXISTING_DECK			de-id-a1-kalimat-nyata	PATTERN_OR_PLACEHOLDER	
8	190	Arzt und Apotheke	Redemittel	sentence	Tut das weh?	tutdasweh	ADD_TO_EXISTING_DECK			de-id-a1-kalimat-nyata	PATTERN_OR_PLACEHOLDER	
8	190	Arzt und Apotheke	Redemittel	sentence	Haben Sie Kopfschmerzen?	habensiekopfschmerzen	ADD_TO_EXISTING_DECK			de-id-a1-kalimat-nyata	PATTERN_OR_PLACEHOLDER	
8	190	Arzt und Apotheke	Redemittel	sentence	Ich schreibe Ihnen ein Rezept.	ichschreibeihneneinrezept	ADD_TO_EXISTING_DECK			de-id-a1-kalimat-nyata		
8	190	Arzt und Apotheke	Redemittel	sentence	Ich fühle mich nicht gut.	ichfühlemichnichtgut	ADD_TO_EXISTING_DECK			de-id-a1-kalimat-nyata		
8	190	Arzt und Apotheke	Redemittel	sentence	Mir geht es nicht gut.	mirgehtesnichtgut	ADD_TO_EXISTING_DECK			de-id-a1-kalimat-nyata		
8	190	Arzt und Apotheke	Redemittel	sentence	Ich habe Bauchschmerzen.	ichhabebauchschmerzen	ADD_TO_EXISTING_DECK			de-id-a1-kalimat-nyata		
8	190	Arzt und Apotheke	Redemittel	sentence	Mein Arm tut weh.	meinarmtutweh	ADD_TO_EXISTING_DECK			de-id-a1-kalimat-nyata		
8	190	Arzt und Apotheke	Redemittel	sentence	Wie oft soll ich die Medikamente nehmen?	wieoftsollichdiemedikamentenehmen	ADD_TO_EXISTING_DECK			de-id-a1-kalimat-nyata	PATTERN_OR_PLACEHOLDER	
8	190	Arzt und Apotheke	Redemittel	sentence	Wann soll ich die Medikamente nehmen?	wannsollichdiemedikamentenehmen	ADD_TO_EXISTING_DECK			de-id-a1-kalimat-nyata	PATTERN_OR_PLACEHOLDER	
8	190	Arzt und Apotheke	Redemittel	sentence	Darf ich rauchen?	darfichrauchen	ADD_TO_EXISTING_DECK			de-id-a1-kalimat-nyata	PATTERN_OR_PLACEHOLDER	
8	190	Arzt und Apotheke	Redemittel	sentence	Wann darf ich wieder Sport machen?	wanndarfichwiedersportmachen	ADD_TO_EXISTING_DECK			de-id-a1-kalimat-nyata	PATTERN_OR_PLACEHOLDER	
8	190	Arzt und Apotheke	Redemittel	sentence	Wie lange muss ich im Bett bleiben?	wielangemussichimbettbleiben	ADD_TO_EXISTING_DECK			de-id-a1-kalimat-nyata	PATTERN_OR_PLACEHOLDER	
8	190	Arzt und Apotheke	Redemittel	sentence	Ich brauche eine Krankenschreibung.	ichbraucheeinekrankenschreibung	ADD_TO_EXISTING_DECK			de-id-a1-kalimat-nyata		
8	190	Arzt und Apotheke	Redemittel	sentence	Trinken Sie viel Wasser!	trinkensievielwasser	ADD_TO_EXISTING_DECK			de-id-a1-kalimat-nyata		
8	190	Arzt und Apotheke	Redemittel	sentence	Nehmen Sie die Tablette nach dem Essen!	nehmensiedietablettenachdemessen	ADD_TO_EXISTING_DECK			de-id-a1-kalimat-nyata		
8	190	Arzt und Apotheke	Redemittel	sentence	Schlafen Sie viel!	schlafensieviel	ADD_TO_EXISTING_DECK			de-id-a1-kalimat-nyata		
9	204	Freizeitverben und Perfekt	Lernwortschatz	phrase	schwimmen – ist geschwommen	schwimmenistgeschwommen	ADD_TO_EXISTING_DECK			de-id-a1-frasa-hobi		
9	204	Freizeitverben und Perfekt	Lernwortschatz	phrase	Fußball spielen – hat Fußball gespielt	fußballspielenhatfußballgespielt	ADD_TO_EXISTING_DECK			de-id-a1-frasa-hobi		
9	204	Freizeitverben und Perfekt	Lernwortschatz	phrase	kochen – hat gekocht	kochenhatgekocht	ADD_TO_EXISTING_DECK			de-id-a1-frasa-hobi		
9	204	Freizeitverben und Perfekt	Lernwortschatz	phrase	Musik hören – hat Musik gehört	musikhörenhatmusikgehört	ADD_TO_EXISTING_DECK			de-id-a1-frasa-hobi		
9	204	Freizeitverben und Perfekt	Lernwortschatz	phrase	tanzen – hat getanzt	tanzenhatgetanzt	ADD_TO_EXISTING_DECK			de-id-a1-frasa-hobi		
9	204	Freizeitverben und Perfekt	Lernwortschatz	phrase	Fahrrad fahren – ist Fahrrad gefahren	fahrradfahrenistfahrradgefahren	ADD_TO_EXISTING_DECK			de-id-a1-frasa-hobi		
9	204	Freizeitverben und Perfekt	Lernwortschatz	phrase	lesen – hat gelesen	lesenhatgelesen	ADD_TO_EXISTING_DECK			de-id-a1-frasa-hobi		
9	204	Freizeitverben und Perfekt	Lernwortschatz	phrase	fotografieren – hat fotografiert	fotografierenhatfotografiert	ADD_TO_EXISTING_DECK			de-id-a1-frasa-hobi		
9	204	Freizeitverben und Perfekt	Lernwortschatz	phrase	singen – hat gesungen	singenhatgesungen	ADD_TO_EXISTING_DECK			de-id-a1-frasa-hobi		
9	204	Freizeitverben und Perfekt	Lernwortschatz	phrase	malen – hat gemalt	malenhatgemalt	ADD_TO_EXISTING_DECK			de-id-a1-frasa-hobi		
9	204	Freizeitverben und Perfekt	Lernwortschatz	phrase	reisen – ist gereist	reisenistgereist	ADD_TO_EXISTING_DECK			de-id-a1-frasa-hobi		
9	204	Freizeitverben und Perfekt	Lernwortschatz	phrase	machen – hat gemacht	machenhatgemacht	ADD_TO_EXISTING_DECK			de-id-a1-frasa-hobi		
9	204	Freizeitverben und Perfekt	Lernwortschatz	phrase	joggen – hat gejoggt	joggenhatgejoggt	ADD_TO_EXISTING_DECK			de-id-a1-frasa-hobi		
9	204	Freizeitverben und Perfekt	Lernwortschatz	phrase	backen – hat gebacken	backenhatgebacken	ADD_TO_EXISTING_DECK			de-id-a1-frasa-hobi		
9	204	Freizeitverben und Perfekt	Lernwortschatz	phrase	reden – hat geredet	redenhatgeredet	ADD_TO_EXISTING_DECK			de-id-a1-frasa-hobi		
9	204	Freizeitverben und Perfekt	Lernwortschatz	phrase	sprechen – hat gesprochen	sprechenhatgesprochen	ADD_TO_EXISTING_DECK			de-id-a1-frasa-hobi		
9	204	Freizeitverben und Perfekt	Lernwortschatz	phrase	schmecken – hat geschmeckt	schmeckenhatgeschmeckt	ADD_TO_EXISTING_DECK			de-id-a1-frasa-hobi		
9	204	Freizeitverben und Perfekt	Lernwortschatz	phrase	anrufen – hat angerufen	anrufenhatangerufen	ADD_TO_EXISTING_DECK			de-id-a1-frasa-hobi		
9	204	Freizeitverben und Perfekt	Lernwortschatz	phrase	antworten – hat geantwortet	antwortenhatgeantwortet	ADD_TO_EXISTING_DECK			de-id-a1-frasa-hobi		
9	204	Freizeitverben und Perfekt	Lernwortschatz	phrase	lernen – hat gelernt	lernenhatgelernt	ADD_TO_EXISTING_DECK			de-id-a1-frasa-hobi		
9	204	Freizeitverben und Perfekt	Lernwortschatz	phrase	bekommen – hat bekommen	bekommenhatbekommen	ADD_TO_EXISTING_DECK			de-id-a1-frasa-hobi		
9	204	Freizeitverben und Perfekt	Lernwortschatz	phrase	ansehen – hat angesehen	ansehenhatangesehen	ADD_TO_EXISTING_DECK			de-id-a1-frasa-hobi		
9	204	Freizeitverben und Perfekt	Lernwortschatz	phrase	aussehen – hat ausgesehen	aussehenhatausgesehen	ADD_TO_EXISTING_DECK			de-id-a1-frasa-hobi		
9	204	Freizeitverben und Perfekt	Lernwortschatz	phrase	empfehlen – hat empfohlen	empfehlenhatempfohlen	ADD_TO_EXISTING_DECK			de-id-a1-frasa-hobi		
9	204	Freizeitverben und Perfekt	Lernwortschatz	phrase	erzählen – hat erzählt	erzählenhaterzählt	ADD_TO_EXISTING_DECK			de-id-a1-frasa-hobi		
9	204	Freizeitverben und Perfekt	Lernwortschatz	phrase	entdecken – hat entdeckt	entdeckenhatentdeckt	ADD_TO_EXISTING_DECK			de-id-a1-frasa-hobi		
9	204	Freizeitverben und Perfekt	Lernwortschatz	phrase	verstehen – hat verstanden	verstehenhatverstanden	ADD_TO_EXISTING_DECK			de-id-a1-frasa-hobi		
9	204	Freizeitverben und Perfekt	Lernwortschatz	phrase	aufstehen – ist aufgestanden	aufstehenistaufgestanden	ADD_TO_EXISTING_DECK			de-id-a1-frasa-hobi		
9	204	Freizeitverben und Perfekt	Lernwortschatz	phrase	mitkommen – ist mitgekommen	mitkommenistmitgekommen	ADD_TO_EXISTING_DECK			de-id-a1-frasa-hobi		
9	204	Freizeitverben und Perfekt	Lernwortschatz	phrase	ankommen – ist angekommen	ankommenistangekommen	ADD_TO_EXISTING_DECK			de-id-a1-frasa-hobi		
9	204	Freizeitverben und Perfekt	Lernwortschatz	phrase	lachen – hat gelacht	lachenhatgelacht	ADD_TO_EXISTING_DECK			de-id-a1-frasa-hobi		
9	204	Freizeitverben und Perfekt	Lernwortschatz	phrase	genießen – hat genossen	genießenhatgenossen	ADD_TO_EXISTING_DECK			de-id-a1-frasa-hobi		
9	204	Freizeitverben und Perfekt	Lernwortschatz	phrase	umtauschen – hat umgetauscht	umtauschenhatumgetauscht	ADD_TO_EXISTING_DECK			de-id-a1-frasa-hobi		
9	204	Nomen	Lernwortschatz	phrase	die Freizeit	diefreizeit	ADD_TO_EXISTING_DECK			de-id-a1-frasa-hobi		
9	204	Nomen	Lernwortschatz	phrase	das Hobby	dashobby	ADD_TO_EXISTING_DECK			de-id-a1-frasa-hobi		
9	204	Nomen	Lernwortschatz	phrase	der Freund	derfreund	ADD_TO_EXISTING_DECK			de-id-a1-frasa-hobi	REPEATED_IN_BOOK	
9	204	Nomen	Lernwortschatz	phrase	die Freundin	diefreundin	ADD_TO_EXISTING_DECK			de-id-a1-frasa-hobi	REPEATED_IN_BOOK	
9	204	Nomen	Lernwortschatz	phrase	die Familie	diefamilie	ADD_TO_EXISTING_DECK			de-id-a1-frasa-hobi	REPEATED_IN_BOOK	
9	204	Nomen	Lernwortschatz	phrase	die Stadt	diestadt	ADD_TO_EXISTING_DECK			de-id-a1-frasa-hobi		
9	204	Nomen	Lernwortschatz	phrase	die Schule	dieschule	ADD_TO_EXISTING_DECK			de-id-a1-frasa-hobi	REPEATED_IN_BOOK	
9	204	Nomen	Lernwortschatz	phrase	das Wochenende	daswochenende	ADD_TO_EXISTING_DECK			de-id-a1-frasa-hobi		
9	204	Nomen	Lernwortschatz	phrase	das Stadion	dasstadion	ADD_TO_EXISTING_DECK			de-id-a1-frasa-hobi		
9	204	Nomen	Lernwortschatz	phrase	der Vater	dervater	ADD_TO_EXISTING_DECK			de-id-a1-frasa-hobi	REPEATED_IN_BOOK	
9	204	Nomen	Lernwortschatz	phrase	die Mutter	diemutter	ADD_TO_EXISTING_DECK			de-id-a1-frasa-hobi	REPEATED_IN_BOOK	
9	204	Nomen	Lernwortschatz	phrase	der Freitag	derfreitag	ADD_TO_EXISTING_DECK			de-id-a1-frasa-hobi		
9	204	Nomen	Lernwortschatz	phrase	die Kirche	diekirche	ADD_TO_EXISTING_DECK			de-id-a1-frasa-hobi		
9	204	Nomen	Lernwortschatz	phrase	der Bahnhof	derbahnhof	ADD_TO_EXISTING_DECK			de-id-a1-frasa-hobi	REPEATED_IN_BOOK	
9	204	Nomen	Lernwortschatz	phrase	die Schwester	dieschwester	ADD_TO_EXISTING_DECK			de-id-a1-frasa-hobi	REPEATED_IN_BOOK	
9	204	Nomen	Lernwortschatz	phrase	die Großeltern	diegroßeltern	ADD_TO_EXISTING_DECK			de-id-a1-frasa-hobi		
9	204	Nomen	Lernwortschatz	phrase	die Katze	diekatze	ADD_TO_EXISTING_DECK			de-id-a1-frasa-hobi		
9	204	Nomen	Lernwortschatz	phrase	die Nachbarn	dienachbarn	ADD_TO_EXISTING_DECK			de-id-a1-frasa-hobi		
9	204	Nomen	Lernwortschatz	phrase	der Chef	derchef	ADD_TO_EXISTING_DECK			de-id-a1-frasa-hobi		
9	204	Nomen	Lernwortschatz	phrase	der Hund	derhund	ADD_TO_EXISTING_DECK			de-id-a1-frasa-hobi		
9	204	Nomen	Lernwortschatz	phrase	das Restaurant	dasrestaurant	ADD_TO_EXISTING_DECK			de-id-a1-frasa-hobi	REPEATED_IN_BOOK	
9	204	Nomen	Lernwortschatz	phrase	der Samstag	dersamstag	ADD_TO_EXISTING_DECK			de-id-a1-frasa-hobi		
9	205	Orte und Erlebnisse	Lernwortschatz	phrase	das Museum	dasmuseum	ADD_TO_EXISTING_DECK			de-id-a1-frasa-hobi		
9	205	Orte und Erlebnisse	Lernwortschatz	phrase	das Bild	dasbild	ADD_TO_EXISTING_DECK			de-id-a1-frasa-hobi		
9	205	Orte und Erlebnisse	Lernwortschatz	phrase	das Foto	dasfoto	ADD_TO_EXISTING_DECK			de-id-a1-frasa-hobi		
9	205	Orte und Erlebnisse	Lernwortschatz	phrase	die Altstadt	diealtstadt	ADD_TO_EXISTING_DECK			de-id-a1-frasa-hobi		
9	205	Orte und Erlebnisse	Lernwortschatz	phrase	der Ausflug	derausflug	ADD_TO_EXISTING_DECK			de-id-a1-frasa-hobi		
9	205	Orte und Erlebnisse	Lernwortschatz	phrase	das Schloss	dasschloss	ADD_TO_EXISTING_DECK			de-id-a1-frasa-hobi		
9	205	Orte und Erlebnisse	Lernwortschatz	phrase	die Brücke	diebrücke	ADD_TO_EXISTING_DECK			de-id-a1-frasa-hobi		
9	205	Orte und Erlebnisse	Lernwortschatz	phrase	die Sehenswürdigkeiten	diesehenswürdigkeiten	ADD_TO_EXISTING_DECK			de-id-a1-frasa-hobi		
9	205	Orte und Erlebnisse	Lernwortschatz	phrase	ins Stadion gehen	insstadiongehen	ADD_TO_EXISTING_DECK			de-id-a1-frasa-hobi		
9	205	Orte und Erlebnisse	Lernwortschatz	phrase	im Stadion	imstadion	ADD_TO_EXISTING_DECK			de-id-a1-frasa-hobi		
9	205	Orte und Erlebnisse	Lernwortschatz	phrase	zum Yoga gehen	zumyogagehen	ADD_TO_EXISTING_DECK			de-id-a1-frasa-hobi		
9	205	Orte und Erlebnisse	Lernwortschatz	phrase	ins Café gehen	inscafégehen	ADD_TO_EXISTING_DECK			de-id-a1-frasa-hobi		
9	205	Orte und Erlebnisse	Lernwortschatz	phrase	nach Hause	nachhause	ADD_TO_EXISTING_DECK			de-id-a1-frasa-hobi		
9	205	Orte und Erlebnisse	Lernwortschatz	phrase	im Stadtmuseum	imstadtmuseum	ADD_TO_EXISTING_DECK			de-id-a1-frasa-hobi		
9	205	Orte und Erlebnisse	Lernwortschatz	phrase	ins Bett gehen	insbettgehen	ADD_TO_EXISTING_DECK			de-id-a1-frasa-hobi		
9	205	Orte und Erlebnisse	Lernwortschatz	phrase	zu Hause	zuhause	ADD_TO_EXISTING_DECK			de-id-a1-frasa-hobi		
9	205	Orte und Erlebnisse	Lernwortschatz	word	unterwegs	unterwegs	ADD_TO_EXISTING_DECK			de-id-a1-kata-hobi		
9	205	Adjektive und Angaben	Lernwortschatz	word	super	super	ADD_TO_EXISTING_DECK			de-id-a1-kata-hobi		
9	205	Adjektive und Angaben	Lernwortschatz	word	neu	neu	EXACT_SOURCE_MATCH	de-id-a1-kata-inti	neu	de-id-a1-kata-hobi	REPEATED_IN_BOOK	
9	205	Adjektive und Angaben	Lernwortschatz	phrase	sehr gut	sehrgut	HEADWORD_OR_VARIANT_MATCH	de-id-a1-frasa-sehari-hari	Sehr gut, danke.	de-id-a1-frasa-hobi		
9	205	Adjektive und Angaben	Lernwortschatz	word	spät	spät	ADD_TO_EXISTING_DECK			de-id-a1-kata-hobi	REPEATED_IN_BOOK	
9	205	Adjektive und Angaben	Lernwortschatz	word	müde	müde	EXACT_SOURCE_MATCH	de-id-a1-kata-inti	müde	de-id-a1-kata-hobi	REPEATED_IN_BOOK	
9	205	Adjektive und Angaben	Lernwortschatz	word	toll	toll	ADD_TO_EXISTING_DECK			de-id-a1-kata-hobi		
9	205	Adjektive und Angaben	Lernwortschatz	word	aktiv	aktiv	ADD_TO_EXISTING_DECK			de-id-a1-kata-hobi		
9	205	Adjektive und Angaben	Lernwortschatz	word	außerhalb	außerhalb	ADD_TO_EXISTING_DECK			de-id-a1-kata-hobi		
9	205	Adjektive und Angaben	Lernwortschatz	word	sauber	sauber	ADD_TO_EXISTING_DECK			de-id-a1-kata-hobi		
9	205	Adjektive und Angaben	Lernwortschatz	word	günstig	günstig	ADD_TO_EXISTING_DECK			de-id-a1-kata-hobi		
9	205	Adjektive und Angaben	Lernwortschatz	word	lustig	lustig	ADD_TO_EXISTING_DECK			de-id-a1-kata-hobi	REPEATED_IN_BOOK	
9	205	Adjektive und Angaben	Lernwortschatz	word	oft	oft	ADD_TO_EXISTING_DECK			de-id-a1-kata-hobi	REPEATED_IN_BOOK	
9	205	Adjektive und Angaben	Lernwortschatz	word	manchmal	manchmal	ADD_TO_EXISTING_DECK			de-id-a1-kata-hobi	REPEATED_IN_BOOK	
9	205	Adjektive und Angaben	Lernwortschatz	word	gemeinsam	gemeinsam	ADD_TO_EXISTING_DECK			de-id-a1-kata-hobi		
9	205	Zeitangaben	Lernwortschatz	phrase	jeden Tag	jedentag	ADD_TO_EXISTING_DECK			de-id-a1-frasa-hobi	REPEATED_IN_BOOK	
9	205	Zeitangaben	Lernwortschatz	word	gestern	gestern	ADD_TO_EXISTING_DECK			de-id-a1-kata-hobi		
9	205	Zeitangaben	Lernwortschatz	phrase	letztes Wochenende	letzteswochenende	ADD_TO_EXISTING_DECK			de-id-a1-frasa-hobi		
9	205	Zeitangaben	Lernwortschatz	phrase	vor zwei Tagen	vorzweitagen	ADD_TO_EXISTING_DECK			de-id-a1-frasa-hobi		
9	205	Zeitangaben	Lernwortschatz	word	vorgestern	vorgestern	ADD_TO_EXISTING_DECK			de-id-a1-kata-hobi		
9	205	Zeitangaben	Lernwortschatz	phrase	letzten Monat	letztenmonat	ADD_TO_EXISTING_DECK			de-id-a1-frasa-hobi		
9	206	Freizeit und Erlebnisse	Redemittel	sentence	Was machen Sie gern?	wasmachensiegern	ADD_TO_NEW_DECK			de-id-a1-kalimat-pengalaman-perjalanan	PATTERN_OR_PLACEHOLDER	
9	206	Freizeit und Erlebnisse	Redemittel	sentence	Was machst du gern?	wasmachstdugern	ADD_TO_NEW_DECK			de-id-a1-kalimat-pengalaman-perjalanan	PATTERN_OR_PLACEHOLDER	
9	206	Freizeit und Erlebnisse	Redemittel	sentence	Was machen Sie in Ihrer Freizeit?	wasmachensieinihrerfreizeit	ADD_TO_NEW_DECK			de-id-a1-kalimat-pengalaman-perjalanan	PATTERN_OR_PLACEHOLDER	
9	206	Freizeit und Erlebnisse	Redemittel	sentence	Was machst du in deiner Freizeit?	wasmachstduindeinerfreizeit	ADD_TO_NEW_DECK			de-id-a1-kalimat-pengalaman-perjalanan	PATTERN_OR_PLACEHOLDER	
9	206	Freizeit und Erlebnisse	Redemittel	sentence	Hast du ein Hobby?	hastdueinhobby	ADD_TO_NEW_DECK			de-id-a1-kalimat-pengalaman-perjalanan	PATTERN_OR_PLACEHOLDER	
9	206	Freizeit und Erlebnisse	Redemittel	phrase	Mein Hobby ist …	meinhobbyist	ADD_TO_EXISTING_DECK			de-id-a1-frasa-hobi	PATTERN_OR_PLACEHOLDER	
9	206	Freizeit und Erlebnisse	Redemittel	phrase	Meine Hobbys sind …	meinehobbyssind	ADD_TO_EXISTING_DECK			de-id-a1-frasa-hobi	PATTERN_OR_PLACEHOLDER	
9	206	Freizeit und Erlebnisse	Redemittel	sentence	Ich lese gern Bücher.	ichlesegernbücher	ADD_TO_NEW_DECK			de-id-a1-kalimat-pengalaman-perjalanan		
9	206	Freizeit und Erlebnisse	Redemittel	sentence	Ich gehe gern spazieren.	ichgehegernspazieren	ADD_TO_NEW_DECK			de-id-a1-kalimat-pengalaman-perjalanan		
9	206	Freizeit und Erlebnisse	Redemittel	sentence	Gehst du gern ins Kino?	gehstdugerninskino	ADD_TO_NEW_DECK			de-id-a1-kalimat-pengalaman-perjalanan	PATTERN_OR_PLACEHOLDER	
9	206	Freizeit und Erlebnisse	Redemittel	sentence	Ja, gern.	jagern	ADD_TO_NEW_DECK			de-id-a1-kalimat-pengalaman-perjalanan	REPEATED_IN_BOOK	
9	206	Freizeit und Erlebnisse	Redemittel	sentence	Nein, nicht so gern.	neinnichtsogern	ADD_TO_NEW_DECK			de-id-a1-kalimat-pengalaman-perjalanan	REPEATED_IN_BOOK	
9	206	Freizeit und Erlebnisse	Redemittel	sentence	Es geht so.	esgehtso	ADD_TO_NEW_DECK			de-id-a1-kalimat-pengalaman-perjalanan		
9	206	Freizeit und Erlebnisse	Redemittel	sentence	Was hast du letztes Wochenende gemacht?	washastduletzteswochenendegemacht	ADD_TO_NEW_DECK			de-id-a1-kalimat-pengalaman-perjalanan	PATTERN_OR_PLACEHOLDER	
9	206	Freizeit und Erlebnisse	Redemittel	sentence	Ich habe Freunde besucht.	ichhabefreundebesucht	ADD_TO_NEW_DECK			de-id-a1-kalimat-pengalaman-perjalanan		
9	206	Freizeit und Erlebnisse	Redemittel	sentence	Erzähl mir von deinem letzten Urlaub!	erzählmirvondeinemletztenurlaub	ADD_TO_NEW_DECK			de-id-a1-kalimat-pengalaman-perjalanan		
9	206	Freizeit und Erlebnisse	Redemittel	sentence	Was machst du heute mit deinen Freunden?	wasmachstduheutemitdeinenfreunden	ADD_TO_NEW_DECK			de-id-a1-kalimat-pengalaman-perjalanan	PATTERN_OR_PLACEHOLDER	
9	206	Freizeit und Erlebnisse	Redemittel	sentence	Wir treffen uns um … Uhr.	wirtreffenunsumuhr	ADD_TO_NEW_DECK			de-id-a1-kalimat-pengalaman-perjalanan	PATTERN_OR_PLACEHOLDER	
10	225	Reisevorbereitungen	Lernwortschatz	phrase	der Koffer	derkoffer	ADD_TO_EXISTING_DECK			de-id-a1-frasa-perjalanan-bantuan		
10	225	Reisevorbereitungen	Lernwortschatz	word	packen	packen	ADD_TO_EXISTING_DECK			de-id-a1-kata-transportasi-layanan		
10	225	Reisevorbereitungen	Lernwortschatz	phrase	der Schlafanzug	derschlafanzug	ADD_TO_EXISTING_DECK			de-id-a1-frasa-perjalanan-bantuan		
10	225	Reisevorbereitungen	Lernwortschatz	phrase	der Badeanzug	derbadeanzug	ADD_TO_EXISTING_DECK			de-id-a1-frasa-perjalanan-bantuan		
10	225	Reisevorbereitungen	Lernwortschatz	phrase	die Regenhose	dieregenhose	ADD_TO_EXISTING_DECK			de-id-a1-frasa-perjalanan-bantuan		
10	225	Reisevorbereitungen	Lernwortschatz	phrase	die Turnschuhe	dieturnschuhe	ADD_TO_EXISTING_DECK			de-id-a1-frasa-perjalanan-bantuan	REPEATED_IN_BOOK	
10	225	Reisevorbereitungen	Lernwortschatz	phrase	die Handtasche	diehandtasche	ADD_TO_EXISTING_DECK			de-id-a1-frasa-perjalanan-bantuan		
10	225	Reisevorbereitungen	Lernwortschatz	phrase	die Sonnenbrille	diesonnenbrille	ADD_TO_EXISTING_DECK			de-id-a1-frasa-perjalanan-bantuan	REPEATED_IN_BOOK	
10	225	Reisevorbereitungen	Lernwortschatz	phrase	der Regenschirm	derregenschirm	ADD_TO_EXISTING_DECK			de-id-a1-frasa-perjalanan-bantuan		
10	225	Reisevorbereitungen	Lernwortschatz	phrase	die Snacks	diesnacks	ADD_TO_EXISTING_DECK			de-id-a1-frasa-perjalanan-bantuan		
10	225	Reisevorbereitungen	Lernwortschatz	word	buchen	buchen	ADD_TO_EXISTING_DECK			de-id-a1-kata-transportasi-layanan		
10	225	Reisevorbereitungen	Lernwortschatz	phrase	eine Reise machen	einereisemachen	ADD_TO_EXISTING_DECK			de-id-a1-frasa-perjalanan-bantuan		
10	225	Reisevorbereitungen	Lernwortschatz	phrase	den Koffer packen	denkofferpacken	ADD_TO_EXISTING_DECK			de-id-a1-frasa-perjalanan-bantuan		
10	225	Reisevorbereitungen	Lernwortschatz	phrase	sich vorbereiten	sichvorbereiten	ADD_TO_EXISTING_DECK			de-id-a1-frasa-perjalanan-bantuan		
10	225	Reiseziele und Verkehrsmittel	Lernwortschatz	phrase	nach Wien fahren	nachwienfahren	ADD_TO_EXISTING_DECK			de-id-a1-frasa-perjalanan-bantuan		
10	225	Reiseziele und Verkehrsmittel	Lernwortschatz	word	campen	campen	ADD_TO_EXISTING_DECK			de-id-a1-kata-transportasi-layanan		
10	225	Reiseziele und Verkehrsmittel	Lernwortschatz	phrase	das Wohnmobil	daswohnmobil	ADD_TO_EXISTING_DECK			de-id-a1-frasa-perjalanan-bantuan		
10	225	Reiseziele und Verkehrsmittel	Lernwortschatz	phrase	das Zelt	daszelt	ADD_TO_EXISTING_DECK			de-id-a1-frasa-perjalanan-bantuan		
10	225	Reiseziele und Verkehrsmittel	Lernwortschatz	phrase	die Rückfahrt	dierückfahrt	ADD_TO_EXISTING_DECK			de-id-a1-frasa-perjalanan-bantuan		
10	225	Reiseziele und Verkehrsmittel	Lernwortschatz	phrase	die U-Bahn	dieubahn	ADD_TO_EXISTING_DECK			de-id-a1-frasa-perjalanan-bantuan		
10	225	Reiseziele und Verkehrsmittel	Lernwortschatz	phrase	die Haltestelle	diehaltestelle	ADD_TO_EXISTING_DECK			de-id-a1-frasa-perjalanan-bantuan		
10	225	Reiseziele und Verkehrsmittel	Lernwortschatz	phrase	der Hauptbahnhof	derhauptbahnhof	ADD_TO_EXISTING_DECK			de-id-a1-frasa-perjalanan-bantuan		
10	225	Reiseziele und Verkehrsmittel	Lernwortschatz	phrase	das Lagerfeuer	daslagerfeuer	ADD_TO_EXISTING_DECK			de-id-a1-frasa-perjalanan-bantuan	REPEATED_IN_BOOK	
10	225	Reiseziele und Verkehrsmittel	Lernwortschatz	phrase	die Fahrradtour	diefahrradtour	ADD_TO_EXISTING_DECK			de-id-a1-frasa-perjalanan-bantuan		
10	225	Reiseziele und Verkehrsmittel	Lernwortschatz	phrase	der See	dersee	ADD_TO_EXISTING_DECK			de-id-a1-frasa-perjalanan-bantuan		
10	225	Reiseziele und Verkehrsmittel	Lernwortschatz	phrase	die Berge	dieberge	ADD_TO_EXISTING_DECK			de-id-a1-frasa-perjalanan-bantuan		
10	225	Reiseziele und Verkehrsmittel	Lernwortschatz	phrase	mit dem Zug fahren	mitdemzugfahren	ADD_TO_EXISTING_DECK			de-id-a1-frasa-perjalanan-bantuan		
10	225	Reiseziele und Verkehrsmittel	Lernwortschatz	phrase	mit dem Auto fahren	mitdemautofahren	ADD_TO_EXISTING_DECK			de-id-a1-frasa-perjalanan-bantuan		
10	225	Reiseziele und Verkehrsmittel	Lernwortschatz	phrase	mit dem Bus fahren	mitdembusfahren	ADD_TO_EXISTING_DECK			de-id-a1-frasa-perjalanan-bantuan		
10	225	Reiseziele und Verkehrsmittel	Lernwortschatz	phrase	zu Fuß gehen	zufußgehen	ADD_TO_EXISTING_DECK			de-id-a1-frasa-perjalanan-bantuan		
10	225	Reiseziele und Verkehrsmittel	Lernwortschatz	word	aussteigen	aussteigen	ADD_TO_EXISTING_DECK			de-id-a1-kata-transportasi-layanan		
10	225	Reiseziele und Verkehrsmittel	Lernwortschatz	phrase	der Gasthof	dergasthof	ADD_TO_EXISTING_DECK			de-id-a1-frasa-perjalanan-bantuan		
10	225	Reiseziele und Verkehrsmittel	Lernwortschatz	phrase	die Spezialität	diespezialität	ADD_TO_EXISTING_DECK			de-id-a1-frasa-perjalanan-bantuan	REPEATED_IN_BOOK	
10	225	Reiseziele und Verkehrsmittel	Lernwortschatz	phrase	die Berliner Mauer	dieberlinermauer	ADD_TO_EXISTING_DECK			de-id-a1-frasa-perjalanan-bantuan		
10	225	Reiseziele und Verkehrsmittel	Lernwortschatz	phrase	der Kölner Dom	derkölnerdom	ADD_TO_EXISTING_DECK			de-id-a1-frasa-perjalanan-bantuan		
10	225	Reiseziele und Verkehrsmittel	Lernwortschatz	phrase	der Tourist	dertourist	ADD_TO_EXISTING_DECK			de-id-a1-frasa-perjalanan-bantuan		
10	225	Reiseziele und Verkehrsmittel	Lernwortschatz	phrase	der Rhein	derrhein	ADD_TO_EXISTING_DECK			de-id-a1-frasa-perjalanan-bantuan		
10	225	Reiseziele und Verkehrsmittel	Lernwortschatz	phrase	der Fluss	derfluss	ADD_TO_EXISTING_DECK			de-id-a1-frasa-perjalanan-bantuan	REPEATED_IN_BOOK	
10	225	Reiseziele und Verkehrsmittel	Lernwortschatz	phrase	das Eis	daseis	ADD_TO_EXISTING_DECK			de-id-a1-frasa-perjalanan-bantuan		
10	225	Reiseziele und Verkehrsmittel	Lernwortschatz	phrase	das Bier	dasbier	ADD_TO_EXISTING_DECK			de-id-a1-frasa-perjalanan-bantuan	REPEATED_IN_BOOK	
10	225	Reiseziele und Verkehrsmittel	Lernwortschatz	phrase	die Currywurst	diecurrywurst	ADD_TO_EXISTING_DECK			de-id-a1-frasa-perjalanan-bantuan	REPEATED_IN_BOOK	
10	225	Reiseziele und Verkehrsmittel	Lernwortschatz	phrase	die Kunst	diekunst	ADD_TO_EXISTING_DECK			de-id-a1-frasa-perjalanan-bantuan		
10	225	Wetter	Lernwortschatz	phrase	das Wetter	daswetter	ADD_TO_EXISTING_DECK			de-id-a1-frasa-perjalanan-bantuan		
10	225	Wetter	Lernwortschatz	word	sonnig	sonnig	EXACT_SOURCE_MATCH	de-id-a1-waktu-cuaca-angka-word	sonnig	de-id-a1-kata-transportasi-layanan		
10	225	Wetter	Lernwortschatz	word	regnen	regnen	ADD_TO_EXISTING_DECK			de-id-a1-kata-transportasi-layanan		
10	225	Wetter	Lernwortschatz	word	heiß	heiß	ADD_TO_EXISTING_DECK			de-id-a1-kata-transportasi-layanan		
10	225	Wetter	Lernwortschatz	sentence	Es hat plötzlich geregnet.	eshatplötzlichgeregnet	ADD_TO_NEW_DECK			de-id-a1-kalimat-pengalaman-perjalanan		
10	225	Städtereise und Aktivitäten	Lernwortschatz	phrase	das Schloss besuchen	dasschlossbesuchen	ADD_TO_EXISTING_DECK			de-id-a1-frasa-perjalanan-bantuan		
10	225	Städtereise und Aktivitäten	Lernwortschatz	phrase	die Altstadt besichtigen	diealtstadtbesichtigen	ADD_TO_EXISTING_DECK			de-id-a1-frasa-perjalanan-bantuan		
10	225	Städtereise und Aktivitäten	Lernwortschatz	phrase	ein Museum besuchen	einmuseumbesuchen	ADD_TO_EXISTING_DECK			de-id-a1-frasa-perjalanan-bantuan		
10	225	Städtereise und Aktivitäten	Lernwortschatz	phrase	eine Stadtführung machen	einestadtführungmachen	ADD_TO_EXISTING_DECK			de-id-a1-frasa-perjalanan-bantuan		
10	225	Städtereise und Aktivitäten	Lernwortschatz	phrase	ins Theater gehen	instheatergehen	ADD_TO_EXISTING_DECK			de-id-a1-frasa-perjalanan-bantuan		
10	225	Städtereise und Aktivitäten	Lernwortschatz	phrase	Souvenirs kaufen	souvenirskaufen	ADD_TO_EXISTING_DECK			de-id-a1-frasa-perjalanan-bantuan		
10	225	Städtereise und Aktivitäten	Lernwortschatz	phrase	Spezialitäten probieren	spezialitätenprobieren	ADD_TO_EXISTING_DECK			de-id-a1-frasa-perjalanan-bantuan		
10	225	Städtereise und Aktivitäten	Lernwortschatz	phrase	einen Apfelstrudel essen	einenapfelstrudelessen	ADD_TO_EXISTING_DECK			de-id-a1-frasa-perjalanan-bantuan		
10	225	Städtereise und Aktivitäten	Lernwortschatz	phrase	Riesenrad fahren	riesenradfahren	ADD_TO_EXISTING_DECK			de-id-a1-frasa-perjalanan-bantuan		
10	225	Städtereise und Aktivitäten	Lernwortschatz	phrase	einen Spaziergang machen	einenspaziergangmachen	ADD_TO_EXISTING_DECK			de-id-a1-frasa-perjalanan-bantuan		
10	225	Städtereise und Aktivitäten	Lernwortschatz	phrase	Sehenswürdigkeiten sehen	sehenswürdigkeitensehen	ADD_TO_EXISTING_DECK			de-id-a1-frasa-perjalanan-bantuan		
10	225	Städtereise und Aktivitäten	Lernwortschatz	phrase	Musik hören	musikhören	ADD_TO_EXISTING_DECK			de-id-a1-frasa-perjalanan-bantuan	REPEATED_IN_BOOK	
10	225	Städtereise und Aktivitäten	Lernwortschatz	word	grillen	grillen	ADD_TO_EXISTING_DECK			de-id-a1-kata-transportasi-layanan	REPEATED_IN_BOOK	
10	225	Städtereise und Aktivitäten	Lernwortschatz	word	kochen	kochen	EXACT_SOURCE_MATCH	de-id-a1-kata-profesi	kochen	de-id-a1-kata-transportasi-layanan	REPEATED_IN_BOOK	
10	225	Städtereise und Aktivitäten	Lernwortschatz	phrase	sich verfahren	sichverfahren	ADD_TO_EXISTING_DECK			de-id-a1-frasa-perjalanan-bantuan		
10	225-226	Orientierung in der Stadt	Lernwortschatz	phrase	der Stadtplan	derstadtplan	ADD_TO_EXISTING_DECK			de-id-a1-frasa-perjalanan-bantuan		
10	225-226	Orientierung in der Stadt	Lernwortschatz	phrase	die Straße	diestraße	ADD_TO_EXISTING_DECK			de-id-a1-frasa-perjalanan-bantuan	REPEATED_IN_BOOK	
10	225-226	Orientierung in der Stadt	Lernwortschatz	phrase	die Kreuzung	diekreuzung	ADD_TO_EXISTING_DECK			de-id-a1-frasa-perjalanan-bantuan		
10	225-226	Orientierung in der Stadt	Lernwortschatz	phrase	die Ampel	dieampel	ADD_TO_EXISTING_DECK			de-id-a1-frasa-perjalanan-bantuan		
10	225-226	Orientierung in der Stadt	Lernwortschatz	phrase	die Ecke	dieecke	ADD_TO_EXISTING_DECK			de-id-a1-frasa-perjalanan-bantuan	REPEATED_IN_BOOK	
10	225-226	Orientierung in der Stadt	Lernwortschatz	phrase	der Platz	derplatz	ADD_TO_EXISTING_DECK			de-id-a1-frasa-perjalanan-bantuan		
10	225-226	Orientierung in der Stadt	Lernwortschatz	phrase	das Hotel	dashotel	ADD_TO_EXISTING_DECK			de-id-a1-frasa-perjalanan-bantuan		
10	225-226	Orientierung in der Stadt	Lernwortschatz	phrase	die Bank	diebank	ADD_TO_EXISTING_DECK			de-id-a1-frasa-perjalanan-bantuan		
10	225-226	Orientierung in der Stadt	Lernwortschatz	phrase	die Bäckerei	diebäckerei	ADD_TO_EXISTING_DECK			de-id-a1-frasa-perjalanan-bantuan	REPEATED_IN_BOOK	
10	225-226	Orientierung in der Stadt	Lernwortschatz	phrase	das Café	dascafé	ADD_TO_EXISTING_DECK			de-id-a1-frasa-perjalanan-bantuan	REPEATED_IN_BOOK	
10	225-226	Orientierung in der Stadt	Lernwortschatz	phrase	die Post	diepost	ADD_TO_EXISTING_DECK			de-id-a1-frasa-perjalanan-bantuan	REPEATED_IN_BOOK	
10	225-226	Orientierung in der Stadt	Lernwortschatz	phrase	der Bahnhof	derbahnhof	ADD_TO_EXISTING_DECK			de-id-a1-frasa-perjalanan-bantuan	REPEATED_IN_BOOK	
10	225-226	Orientierung in der Stadt	Lernwortschatz	phrase	der Kiosk	derkiosk	ADD_TO_EXISTING_DECK			de-id-a1-frasa-perjalanan-bantuan		
10	225-226	Orientierung in der Stadt	Lernwortschatz	word	fragen	fragen	EXACT_SOURCE_MATCH	de-id-a1-kata-inti	fragen	de-id-a1-kata-transportasi-layanan		
10	225-226	Orientierung in der Stadt	Lernwortschatz	word	zeigen	zeigen	ADD_TO_EXISTING_DECK			de-id-a1-kata-transportasi-layanan		
10	225-226	Orientierung in der Stadt	Lernwortschatz	word	suchen	suchen	EXACT_SOURCE_MATCH	de-id-a1-kata-inti	suchen	de-id-a1-kata-transportasi-layanan		
10	226	Reiseberichte und Postkarte	Lernwortschatz	sentence	Ich war letzten Sommer in …	ichwarletztensommerin	ADD_TO_NEW_DECK			de-id-a1-kalimat-pengalaman-perjalanan	PATTERN_OR_PLACEHOLDER	
10	226	Reiseberichte und Postkarte	Lernwortschatz	sentence	Die Stadt hat mir sehr gut gefallen.	diestadthatmirsehrgutgefallen	ADD_TO_NEW_DECK			de-id-a1-kalimat-pengalaman-perjalanan		
10	226	Reiseberichte und Postkarte	Lernwortschatz	sentence	Ich bin viel zu Fuß gegangen.	ichbinvielzufußgegangen	ADD_TO_NEW_DECK			de-id-a1-kalimat-pengalaman-perjalanan		
10	226	Reiseberichte und Postkarte	Lernwortschatz	sentence	Ich habe mich verfahren.	ichhabemichverfahren	ADD_TO_NEW_DECK			de-id-a1-kalimat-pengalaman-perjalanan		
10	226	Reiseberichte und Postkarte	Lernwortschatz	sentence	Eine nette Frau hat mir geholfen.	einenettefrauhatmirgeholfen	ADD_TO_NEW_DECK			de-id-a1-kalimat-pengalaman-perjalanan		
10	226	Reiseberichte und Postkarte	Lernwortschatz	sentence	Das Wetter war meistens sonnig.	daswetterwarmeistenssonnig	ADD_TO_NEW_DECK			de-id-a1-kalimat-pengalaman-perjalanan		
10	226	Reiseberichte und Postkarte	Lernwortschatz	sentence	Ich habe Brezen gegessen.	ichhabebrezengegessen	ADD_TO_NEW_DECK			de-id-a1-kalimat-pengalaman-perjalanan		
10	226	Reiseberichte und Postkarte	Lernwortschatz	phrase	das Lagerfeuer	daslagerfeuer	ADD_TO_EXISTING_DECK			de-id-a1-frasa-perjalanan-bantuan	REPEATED_IN_BOOK	
10	226	Reiseberichte und Postkarte	Lernwortschatz	phrase	die Aussicht	dieaussicht	ADD_TO_EXISTING_DECK			de-id-a1-frasa-perjalanan-bantuan		
10	226	Reiseberichte und Postkarte	Lernwortschatz	sentence	Herzliche Grüße aus …	herzlichegrüßeaus	ADD_TO_NEW_DECK			de-id-a1-kalimat-pengalaman-perjalanan	REPEATED_IN_BOOK|PATTERN_OR_PLACEHOLDER	
10	226	Reiseberichte und Postkarte	Lernwortschatz	sentence	Es ist sehr schön hier.	esistsehrschönhier	ADD_TO_NEW_DECK			de-id-a1-kalimat-pengalaman-perjalanan		
10	226	Reiseberichte und Postkarte	Lernwortschatz	sentence	Ich habe … besucht.	ichhabebesucht	ADD_TO_NEW_DECK			de-id-a1-kalimat-pengalaman-perjalanan	PATTERN_OR_PLACEHOLDER	
10	226	Reiseberichte und Postkarte	Lernwortschatz	sentence	Ich habe viel erlebt.	ichhabevielerlebt	ADD_TO_NEW_DECK			de-id-a1-kalimat-pengalaman-perjalanan		
10	226	Reiseberichte und Postkarte	Lernwortschatz	sentence	Ich möchte … wieder besuchen.	ichmöchtewiederbesuchen	ADD_TO_NEW_DECK			de-id-a1-kalimat-pengalaman-perjalanan	PATTERN_OR_PLACEHOLDER	
10	227	Urlaub planen und Orientierung	Redemittel	sentence	Entschuldigung, könnten Sie mir helfen?	entschuldigungkönntensiemirhelfen	HEADWORD_OR_VARIANT_MATCH	de-id-a1-kalimat-nyata	Entschuldigung, ich habe Ihren Namen vergessen.	de-id-a1-kalimat-pengalaman-perjalanan	PATTERN_OR_PLACEHOLDER	
10	227	Urlaub planen und Orientierung	Redemittel	sentence	Ich suche den Bahnhof.	ichsuchedenbahnhof	ADD_TO_NEW_DECK			de-id-a1-kalimat-pengalaman-perjalanan		
10	227	Urlaub planen und Orientierung	Redemittel	sentence	Wo ist bitte …?	woistbitte	ADD_TO_NEW_DECK			de-id-a1-kalimat-pengalaman-perjalanan	PATTERN_OR_PLACEHOLDER	
10	227	Urlaub planen und Orientierung	Redemittel	sentence	Wie komme ich zu …?	wiekommeichzu	ADD_TO_NEW_DECK			de-id-a1-kalimat-pengalaman-perjalanan	PATTERN_OR_PLACEHOLDER	
10	227	Urlaub planen und Orientierung	Redemittel	sentence	Gehen Sie rechts.	gehensierechts	ADD_TO_NEW_DECK			de-id-a1-kalimat-pengalaman-perjalanan		
10	227	Urlaub planen und Orientierung	Redemittel	sentence	Gehen Sie links.	gehensielinks	ADD_TO_NEW_DECK			de-id-a1-kalimat-pengalaman-perjalanan		
10	227	Urlaub planen und Orientierung	Redemittel	sentence	Gehen Sie geradeaus.	gehensiegeradeaus	ADD_TO_NEW_DECK			de-id-a1-kalimat-pengalaman-perjalanan		
10	227	Urlaub planen und Orientierung	Redemittel	sentence	An der Haltestelle steigt man ein.	anderhaltestellesteigtmanein	ADD_TO_NEW_DECK			de-id-a1-kalimat-pengalaman-perjalanan		
10	227	Urlaub planen und Orientierung	Redemittel	sentence	Man steigt an der Haltestelle um.	mansteigtanderhaltestelleum	ADD_TO_NEW_DECK			de-id-a1-kalimat-pengalaman-perjalanan		
10	227	Urlaub planen und Orientierung	Redemittel	sentence	Man steigt am … Platz aus.	mansteigtamplatzaus	ADD_TO_NEW_DECK			de-id-a1-kalimat-pengalaman-perjalanan	PATTERN_OR_PLACEHOLDER	
10	227	Urlaub planen und Orientierung	Redemittel	sentence	Nehmen Sie die erste Straße rechts.	nehmensiedieerstestraßerechts	ADD_TO_NEW_DECK			de-id-a1-kalimat-pengalaman-perjalanan		
10	227	Urlaub planen und Orientierung	Redemittel	sentence	Nehmen Sie die zweite Straße links.	nehmensiediezweitestraßelinks	ADD_TO_NEW_DECK			de-id-a1-kalimat-pengalaman-perjalanan		
10	227	Urlaub planen und Orientierung	Redemittel	sentence	Ja, genau.	jagenau	ADD_TO_NEW_DECK			de-id-a1-kalimat-pengalaman-perjalanan		
10	227	Urlaub planen und Orientierung	Redemittel	sentence	Vielen Dank.	vielendank	ADD_TO_NEW_DECK			de-id-a1-kalimat-pengalaman-perjalanan		
10	227	Urlaub planen und Orientierung	Redemittel	sentence	Bitte, gern.	bittegern	ADD_TO_NEW_DECK			de-id-a1-kalimat-pengalaman-perjalanan		
10	227	Postkarte schreiben	Redemittel	phrase	Hallo …	hallo	EXACT_SOURCE_MATCH	de-id-a1-frasa-sehari-hari	Hallo!	de-id-a1-frasa-perjalanan-bantuan	PATTERN_OR_PLACEHOLDER	
10	227	Postkarte schreiben	Redemittel	phrase	Liebe …	liebe	ADD_TO_EXISTING_DECK			de-id-a1-frasa-perjalanan-bantuan	PATTERN_OR_PLACEHOLDER	
10	227	Postkarte schreiben	Redemittel	phrase	Lieber …	lieber	ADD_TO_EXISTING_DECK			de-id-a1-frasa-perjalanan-bantuan	PATTERN_OR_PLACEHOLDER	
10	227	Postkarte schreiben	Redemittel	sentence	Herzliche Grüße aus …	herzlichegrüßeaus	ADD_TO_NEW_DECK			de-id-a1-kalimat-pengalaman-perjalanan	REPEATED_IN_BOOK|PATTERN_OR_PLACEHOLDER	
10	227	Postkarte schreiben	Redemittel	sentence	Hier gibt es viele Sehenswürdigkeiten.	hiergibtesvielesehenswürdigkeiten	ADD_TO_NEW_DECK			de-id-a1-kalimat-pengalaman-perjalanan		
10	227	Postkarte schreiben	Redemittel	sentence	Gestern habe ich … besucht.	gesternhabeichbesucht	ADD_TO_NEW_DECK			de-id-a1-kalimat-pengalaman-perjalanan	PATTERN_OR_PLACEHOLDER	
10	227	Postkarte schreiben	Redemittel	sentence	Man kann hier viel machen.	mankannhiervielmachen	ADD_TO_NEW_DECK			de-id-a1-kalimat-pengalaman-perjalanan		
10	227	Postkarte schreiben	Redemittel	phrase	Morgen besuche ich …	morgenbesucheich	ADD_TO_EXISTING_DECK			de-id-a1-frasa-perjalanan-bantuan	PATTERN_OR_PLACEHOLDER	
10	227	Postkarte schreiben	Redemittel	sentence	Bis bald!	bisbald	ADD_TO_NEW_DECK			de-id-a1-kalimat-pengalaman-perjalanan		
10	227	Postkarte schreiben	Redemittel	sentence	Viele Grüße!	vielegrüße	ADD_TO_NEW_DECK			de-id-a1-kalimat-pengalaman-perjalanan		
